sweep_controller,source_csv,selected_for_final,controller,K,finite_s,pyragas_delay,pyragas_sign,pyragas_history_signal,stable,divergence_detected,divergence_reason,divergence_index,steps_completed,controller_law_coordinate_system,control_input_clip_normalized,divergence_abs_limit_normalized,metric_segment,hr_mode,optimizer,control_start_idx,control_start_time,control_start_frac,target_mode,evaluation_start_idx,evaluation_end_idx,evaluation_index_semantics,evaluation_sample_count,raw_readout_target_rmse_state,raw_readout_target_rmse_x,raw_readout_target_nrmse_x,corrected_feedback_input_target_rmse_state,corrected_feedback_input_target_rmse_x,corrected_feedback_input_target_nrmse_x,uncontrolled_target_rmse_state,uncontrolled_target_rmse_x,spike_count_before,spike_count_after,uncontrolled_spike_count_after,spike_reduction_percent,control_effort_mean_sq,control_energy_dt_sum,control_sample_dt,mean_control_norm,max_control_norm,evaluation_time_to_tolerance,settling_time,mean_error_norm_post,max_error_norm_post,target_rmse_state,target_rmse_x,target_nrmse_x,control_energy,control_energy_alias_of,target_rmse_alias_of,settling_time_alias_of,selection_score,pyragas_periodicity_rmse_state,pyragas_periodicity_rmse_x,pyragas_periodicity_rmse_state_norm,pyragas_periodicity_rmse_x_norm,pyragas_x_amplitude_post,pyragas_uncontrolled_x_amplitude_post,pyragas_x_amplitude_ratio,pyragas_x_std_post,pyragas_uncontrolled_x_std_post,pyragas_x_std_ratio,pyragas_spike_interval_cv,pyragas_spike_interval_mean,pyragas_spike_interval_std,pyragas_spike_interval_mean_time,pyragas_delay_time,pyragas_delay_period_mismatch,pyragas_detected_peak_count,pyragas_uncontrolled_detected_peak_count,pyragas_rhythm_type,pyragas_detected_cycle_count,pyragas_cycle_counts_by_window,pyragas_cycle_window_coverage,pyragas_rhythm_interval_mean,pyragas_rhythm_interval_std,pyragas_rhythm_interval_cv,pyragas_empirical_period_steps,pyragas_empirical_period_time,pyragas_empirical_recurrence_error_norm,pyragas_empirical_recurrence_correlation,pyragas_empirical_tail_closure_error_norm,pyragas_control_tail_rms,pyragas_control_decay_ratio,pyragas_noninvasiveness_ratio,pyragas_evaluation_start_idx,pyragas_evaluation_end_idx,pyragas_evaluation_start_time,pyragas_transient_samples_ignored,pyragas_peak_window_coverage,pyragas_peak_counts_by_window,pyragas_peak_amplitude_cv,pyragas_window_amplitude_cv,pyragas_drift_ratio,pyragas_tail_activity_ratio,pyragas_tail_closure_error_norm,pyragas_quality_pass,pyragas_quality_issues,pyragas_paper_style_diagnostics,pyragas_selection_status
linear_feedback,FINAL_THESIS_RUN_1752614/03_linear_feedback/k_sweep.csv,False,linear_feedback,0.01,0.8,20.0,-1.0,raw_readout,True,False,,,27000.0,normalized_esn_coordinates,,20.0,controller_validation,chaotic_bursting,gbrt,9000.0,1140.0,0.2,rest_state_from_quiet_training_data,9000.0,27000.0,"zero_based_half_open_[start,end)",18000.0,0.057698307369361705,0.014350796790683169,0.028885930245238566,0.05712132429566818,0.014207288822776307,0.02859707094278612,1.0846512303763423,0.5791462543076985,2.0,0.0,7.0,100.0,9.98728401986807e-07,0.00017977111235746178,0.009999999999990905,0.00098590550152608,0.0036381150404384234,2.0299999999999727,2.0299999999999727,0.09760464465108183,0.36017338900340506,0.05712132429566818,0.014207288822776307,0.02859707094278612,9.98728401986807e-07,control_effort_mean_sq,corrected_feedback_input_target_rmse,evaluation_time_to_tolerance,0.059151334282952175,,,,,,,,,,,,,,,,,,,,,,,,,,,,,,,,,,,,,,,,,,,,,,,,
linear_feedback,FINAL_THESIS_RUN_1752614/03_linear_feedback/k_sweep.csv,False,linear_feedback,0.09291666666666666,0.8,20.0,-1.0,raw_readout,True,False,,,27000.0,normalized_esn_coordinates,,20.0,controller_validation,chaotic_bursting,gbrt,9000.0,1140.0,0.2,rest_state_from_quiet_training_data,9000.0,27000.0,"zero_based_half_open_[start,end)",18000.0,0.006525415284949775,0.00254845995000423,0.005129654988662266,0.005919095448056502,0.0023116655463163794,0.0046530245459658155,1.0846512303763423,0.5791462543076985,2.0,0.0,7.0,100.0,1.1028712338307869e-06,0.00019851682208936106,0.009999999999990905,0.0008529017067014183,0.033804152250740474,0.10000000000013642,0.10000000000013642,0.008326309486497563,0.3300073517931029,0.005919095448056502,0.0023116655463163794,0.0046530245459658155,1.1028712338307869e-06,control_effort_mean_sq,corrected_feedback_input_target_rmse,evaluation_time_to_tolerance,0.0060191064767689765,,,,,,,,,,,,,,,,,,,,,,,,,,,,,,,,,,,,,,,,,,,,,,,,
linear_feedback,FINAL_THESIS_RUN_1752614/03_linear_feedback/k_sweep.csv,False,linear_feedback,0.17583333333333334,0.8,20.0,-1.0,raw_readout,True,False,,,27000.0,normalized_esn_coordinates,,20.0,controller_validation,chaotic_bursting,gbrt,9000.0,1140.0,0.2,rest_state_from_quiet_training_data,9000.0,27000.0,"zero_based_half_open_[start,end)",18000.0,0.004049823091016191,0.0016090601939385723,0.00323878884221083,0.00333772919751248,0.0013261337765043653,0.0026693018041220764,1.0846512303763423,0.5791462543076985,2.0,0.0,7.0,100.0,1.521233139495644e-06,0.0002738219651089669,0.009999999999990905,0.0008509943322428483,0.06397018946104248,0.049999999999954525,0.049999999999954525,0.003988783860607529,0.29984131458280117,0.00333772919751248,0.0013261337765043653,0.0026693018041220764,1.521233139495644e-06,control_effort_mean_sq,corrected_feedback_input_target_rmse,evaluation_time_to_tolerance,0.0033877444098438297,,,,,,,,,,,,,,,,,,,,,,,,,,,,,,,,,,,,,,,,,,,,,,,,
linear_feedback,FINAL_THESIS_RUN_1752614/03_linear_feedback/k_sweep.csv,False,linear_feedback,0.25875,0.8,20.0,-1.0,raw_readout,True,False,,,27000.0,normalized_esn_coordinates,,20.0,controller_validation,chaotic_bursting,gbrt,9000.0,1140.0,0.2,rest_state_from_quiet_training_data,9000.0,27000.0,"zero_based_half_open_[start,end)",18000.0,0.0031400058209544736,0.0012071975625467769,0.0024299016349104184,0.002327529314782546,0.0008948351932378124,0.001801164586877376,1.0846512303763423,0.5791462543076985,2.0,0.0,7.0,100.0,1.980354219244236e-06,0.00035646375946363836,0.009999999999990905,0.0008514416999326207,0.09413622667134447,0.029999999999972715,0.029999999999972715,0.002439154241836082,0.2696752773724991,0.002327529314782546,0.0008948351932378124,0.001801164586877376,1.980354219244236e-06,control_effort_mean_sq,corrected_feedback_input_target_rmse,evaluation_time_to_tolerance,0.002357549118324711,,,,,,,,,,,,,,,,,,,,,,,,,,,,,,,,,,,,,,,,,,,,,,,,
linear_feedback,FINAL_THESIS_RUN_1752614/03_linear_feedback/k_sweep.csv,False,linear_feedback,0.3416666666666667,0.8,20.0,-1.0,raw_readout,True,False,,,27000.0,normalized_esn_coordinates,,20.0,controller_validation,chaotic_bursting,gbrt,9000.0,1140.0,0.2,rest_state_from_quiet_training_data,9000.0,27000.0,"zero_based_half_open_[start,end)",18000.0,0.00265654704484444,0.0009820732355014365,0.001976761248185703,0.0017488934711892056,0.0006465315467051597,0.0013013678217223496,1.0846512303763423,0.5791462543076985,2.0,0.0,7.0,100.0,2.471505029306991e-06,0.00044487090527485377,0.009999999999990905,0.0008520667199520364,0.12430226388164652,0.01999999999998181,0.01999999999998181,0.0016417870945416647,0.2395092401621969,0.0017488934711892056,0.0006465315467051597,0.0013013678217223496,2.471505029306991e-06,control_effort_mean_sq,corrected_feedback_input_target_rmse,evaluation_time_to_tolerance,0.0017689181862394804,,,,,,,,,,,,,,,,,,,,,,,,,,,,,,,,,,,,,,,,,,,,,,,,
linear_feedback,FINAL_THESIS_RUN_1752614/03_linear_feedback/k_sweep.csv,False,linear_feedback,0.4245833333333333,0.8,20.0,-1.0,raw_readout,True,False,,,27000.0,normalized_esn_coordinates,,20.0,controller_validation,chaotic_bursting,gbrt,9000.0,1140.0,0.2,rest_state_from_quiet_training_data,9000.0,27000.0,"zero_based_half_open_[start,end)",18000.0,0.002354009688992084,0.0008389256837708797,0.0016886274076487065,0.0013545364085408242,0.00048273182053646866,0.0009716643541511429,1.0846512303763423,0.5791462543076985,2.0,0.0,7.0,100.0,2.996840515007801e-06,0.0005394312927009136,0.009999999999990905,0.000852630242403281,0.15446830109194853,0.009999999999990905,0.009999999999990905,0.0011555273451999784,0.20934320295189476,0.0013545364085408242,0.00048273182053646866,0.0009716643541511429,2.996840515007801e-06,control_effort_mean_sq,corrected_feedback_input_target_rmse,evaluation_time_to_tolerance,0.0013645663769459651,,,,,,,,,,,,,,,,,,,,,,,,,,,,,,,,,,,,,,,,,,,,,,,,
linear_feedback,FINAL_THESIS_RUN_1752614/03_linear_feedback/k_sweep.csv,False,linear_feedback,0.5075,0.8,20.0,-1.0,raw_readout,True,False,,,27000.0,normalized_esn_coordinates,,20.0,controller_validation,chaotic_bursting,gbrt,9000.0,1140.0,0.2,rest_state_from_quiet_training_data,9000.0,27000.0,"zero_based_half_open_[start,end)",18000.0,0.002147038106070866,0.0007408520515567797,0.0014912203827737616,0.0010574162672399455,0.00036486963539173953,0.0007344260385161289,1.0846512303763423,0.5791462543076985,2.0,0.0,7.0,100.0,3.561827254972154e-06,0.0006411289058944047,0.009999999999990905,0.0008531004535956821,0.18463433830225054,0.009999999999990905,0.009999999999990905,0.0008278856618639398,0.1791771657415931,0.0010574162672399455,0.00036486963539173953,0.0007344260385161289,3.561827254972154e-06,control_effort_mean_sq,corrected_feedback_input_target_rmse,evaluation_time_to_tolerance,0.0010674518855124861,,,,,,,,,,,,,,,,,,,,,,,,,,,,,,,,,,,,,,,,,,,,,,,,
linear_feedback,FINAL_THESIS_RUN_1752614/03_linear_feedback/k_sweep.csv,False,linear_feedback,0.5904166666666667,0.8,20.0,-1.0,raw_readout,True,False,,,27000.0,normalized_esn_coordinates,,20.0,controller_validation,chaotic_bursting,gbrt,9000.0,1140.0,0.2,rest_state_from_quiet_training_data,9000.0,27000.0,"zero_based_half_open_[start,end)",18000.0,0.001997793021927755,0.0006703736652075913,0.0013493583118676126,0.0008182627252312097,0.00027457388037462337,0.0005526746752358047,1.0846512303763423,0.5791462543076985,2.0,0.0,7.0,100.0,4.173875162474993e-06,0.0007512975292448155,0.009999999999990905,0.0008534810364269298,0.2148003755125526,0.0,0.0,0.000592076117718703,0.14901112853129095,0.0008182627252312097,0.00027457388037462337,0.0005526746752358047,4.173875162474993e-06,control_effort_mean_sq,corrected_feedback_input_target_rmse,evaluation_time_to_tolerance,0.0008183044639828344,,,,,,,,,,,,,,,,,,,,,,,,,,,,,,,,,,,,,,,,,,,,,,,,
linear_feedback,FINAL_THESIS_RUN_1752614/03_linear_feedback/k_sweep.csv,False,linear_feedback,0.6733333333333333,0.8,20.0,-1.0,raw_readout,True,False,,,27000.0,normalized_esn_coordinates,,20.0,controller_validation,chaotic_bursting,gbrt,9000.0,1140.0,0.2,rest_state_from_quiet_training_data,9000.0,27000.0,"zero_based_half_open_[start,end)",18000.0,0.001886815332072302,0.0006181451105329549,0.00124423032426203,0.0006163596751436488,0.0002019274027740908,0.0004064485725922474,1.0846512303763423,0.5791462543076985,2.0,0.0,7.0,100.0,4.842172728666097e-06,0.0008715910911591047,0.009999999999990905,0.000853783493278704,0.24496641272285458,0.0,0.0,0.00041421179376906637,0.11884509132098896,0.0006163596751436488,0.0002019274027740908,0.0004064485725922474,4.842172728666097e-06,control_effort_mean_sq,corrected_feedback_input_target_rmse,evaluation_time_to_tolerance,0.0006164080968709355,,,,,,,,,,,,,,,,,,,,,,,,,,,,,,,,,,,,,,,,,,,,,,,,
linear_feedback,FINAL_THESIS_RUN_1752614/03_linear_feedback/k_sweep.csv,False,linear_feedback,0.75625,0.8,20.0,-1.0,raw_readout,True,False,,,27000.0,normalized_esn_coordinates,,20.0,controller_validation,chaotic_bursting,gbrt,9000.0,1140.0,0.2,rest_state_from_quiet_training_data,9000.0,27000.0,"zero_based_half_open_[start,end)",18000.0,0.001803065078005997,0.0005787412562984917,0.0011649164714208269,0.00043949711276393524,0.00014106818122277577,0.00028394838990886367,1.0846512303763423,0.5791462543076985,2.0,0.0,7.0,100.0,5.57795278750268e-06,0.0010040315017495693,0.009999999999990905,0.0008540187887686623,0.27513244993315655,0.0,0.0,0.00027526225423113313,0.08867905411068684,0.00043949711276393524,0.00014106818122277577,0.00028394838990886367,5.57795278750268e-06,control_effort_mean_sq,corrected_feedback_input_target_rmse,evaluation_time_to_tolerance,0.00043955289229181027,,,,,,,,,,,,,,,,,,,,,,,,,,,,,,,,,,,,,,,,,,,,,,,,
linear_feedback,FINAL_THESIS_RUN_1752614/03_linear_feedback/k_sweep.csv,False,linear_feedback,0.8391666666666666,0.8,20.0,-1.0,raw_readout,True,False,,,27000.0,normalized_esn_coordinates,,20.0,controller_validation,chaotic_bursting,gbrt,9000.0,1140.0,0.2,rest_state_from_quiet_training_data,9000.0,27000.0,"zero_based_half_open_[start,end)",18000.0,0.0017398529640745052,0.0005488283974320956,0.0011047065216003857,0.00027982635172197777,8.826990058699398e-05,0.00017767363222405923,1.0846512303763423,0.5791462543076985,2.0,0.0,7.0,100.0,6.395033126332648e-06,0.0011511059627388298,0.009999999999990905,0.0008541993117715052,0.30529848714345864,0.0,0.0,0.00016371446591051194,0.05851301690038471,0.00027982635172197777,8.826990058699398e-05,0.00017767363222405923,6.395033126332648e-06,control_effort_mean_sq,corrected_feedback_input_target_rmse,evaluation_time_to_tolerance,0.0002798903020532411,,,,,,,,,,,,,,,,,,,,,,,,,,,,,,,,,,,,,,,,,,,,,,,,
linear_feedback,FINAL_THESIS_RUN_1752614/03_linear_feedback/k_sweep.csv,False,linear_feedback,0.9220833333333334,0.8,20.0,-1.0,raw_readout,True,False,,,27000.0,normalized_esn_coordinates,,20.0,controller_validation,chaotic_bursting,gbrt,9000.0,1140.0,0.2,rest_state_from_quiet_training_data,9000.0,27000.0,"zero_based_half_open_[start,end)",18000.0,0.0016929606245835273,0.0005262826581250331,0.0010593254418979716,0.0001319098486654783,4.100619044557602e-05,8.253910734788467e-05,1.0846512303763423,0.5791462543076985,2.0,0.0,7.0,100.0,7.310638574982947e-06,0.0013159149434957336,0.009999999999990905,0.0008543312316660826,0.33546452435376073,0.0,0.0,7.219156815260674e-05,0.02834697969008298,0.0001319098486654783,4.100619044557602e-05,8.253910734788467e-05,7.310638574982947e-06,control_effort_mean_sq,corrected_feedback_input_target_rmse,evaluation_time_to_tolerance,0.00013198295505122812,,,,,,,,,,,,,,,,,,,,,,,,,,,,,,,,,,,,,,,,,,,,,,,,
linear_feedback,FINAL_THESIS_RUN_1752614/03_linear_feedback/k_sweep.csv,True,linear_feedback,1.005,0.8,20.0,-1.0,raw_readout,True,False,,,27000.0,normalized_esn_coordinates,,20.0,controller_validation,chaotic_bursting,gbrt,9000.0,1140.0,0.2,rest_state_from_quiet_training_data,9000.0,27000.0,"zero_based_half_open_[start,end)",18000.0,0.0016596937004027246,0.0005097328565825241,0.0010260132558289848,8.298468502010803e-06,2.5486642829099184e-06,5.1300662791394856e-06,1.0846512303763423,0.5791462543076985,2.0,0.0,7.0,100.0,8.346593626582423e-06,0.0015023868527834696,0.009999999999990905,0.0008544283289360396,0.36563056156406265,0.0,0.0,4.250887208622028e-06,0.0018190575202191354,8.298468502010803e-06,2.5486642829099184e-06,5.1300662791394856e-06,8.346593626582423e-06,control_effort_mean_sq,corrected_feedback_input_target_rmse,evaluation_time_to_tolerance,8.381934438276627e-06,,,,,,,,,,,,,,,,,,,,,,,,,,,,,,,,,,,,,,,,,,,,,,,,
linear_feedback,FINAL_THESIS_RUN_1752614/03_linear_feedback/k_sweep.csv,False,linear_feedback,1.0879166666666666,0.8,20.0,-1.0,raw_readout,True,False,,,27000.0,normalized_esn_coordinates,,20.0,controller_validation,chaotic_bursting,gbrt,9000.0,1140.0,0.2,rest_state_from_quiet_training_data,9000.0,27000.0,"zero_based_half_open_[start,end)",18000.0,0.0016383787179900732,0.0004983133886496307,0.0010030276363572179,0.00014404079562328802,4.381005208542768e-05,8.818284636303379e-05,1.0846512303763423,0.5791462543076985,2.0,0.0,7.0,100.0,9.531057967529498e-06,0.0017155904341537493,0.009999999999990905,0.0008545182575279544,0.39579659877436474,0.0,0.0,6.905528622682776e-05,0.03198509473052127,0.00014404079562328802,4.381005208542768e-05,8.818284636303379e-05,9.531057967529498e-06,control_effort_mean_sq,corrected_feedback_input_target_rmse,evaluation_time_to_tolerance,0.0001441361062029633,,,,,,,,,,,,,,,,,,,,,,,,,,,,,,,,,,,,,,,,,,,,,,,,
linear_feedback,FINAL_THESIS_RUN_1752614/03_linear_feedback/k_sweep.csv,False,linear_feedback,1.1708333333333334,0.8,20.0,-1.0,raw_readout,True,False,,,27000.0,normalized_esn_coordinates,,20.0,controller_validation,chaotic_bursting,gbrt,9000.0,1140.0,0.2,rest_state_from_quiet_training_data,9000.0,27000.0,"zero_based_half_open_[start,end)",18000.0,0.0016280939493681082,0.0004915320068447101,0.0009893777655771898,0.00027813271635038895,8.397005116930554e-05,0.0001690187016194384,1.0846512303763423,0.5791462543076985,2.0,0.0,7.0,100.0,1.0901100303288386e-05,0.001962198054590125,0.009999999999990905,0.0008558249103418492,0.4259626359846667,0.0,0.0,0.00012487125026345542,0.062151131940823404,0.00027813271635038895,8.397005116930554e-05,0.0001690187016194384,1.0901100303288386e-05,control_effort_mean_sq,corrected_feedback_input_target_rmse,evaluation_time_to_tolerance,0.00027824172735342183,,,,,,,,,,,,,,,,,,,,,,,,,,,,,,,,,,,,,,,,,,,,,,,,
linear_feedback,FINAL_THESIS_RUN_1752614/03_linear_feedback/k_sweep.csv,False,linear_feedback,1.25375,0.8,20.0,-1.0,raw_readout,True,False,,,27000.0,normalized_esn_coordinates,,20.0,controller_validation,chaotic_bursting,gbrt,9000.0,1140.0,0.2,rest_state_from_quiet_training_data,9000.0,27000.0,"zero_based_half_open_[start,end)",18000.0,0.0016285395923453315,0.0004892097182641567,0.0009847033585093725,0.00041324192155760384,0.00012413696600952514,0.000249868477221744,1.0846512303763423,0.5791462543076985,2.0,0.0,7.0,100.0,1.2506615251547819e-05,0.00225119074527656,0.009999999999990905,0.0008596544934414377,0.4561286731949687,0.0,0.0,0.00017398789847299383,0.09231716915112495,0.00041324192155760384,0.00012413696600952514,0.000249868477221744,1.2506615251547819e-05,control_effort_mean_sq,corrected_feedback_input_target_rmse,evaluation_time_to_tolerance,0.00041336698771011934,,,,,,,,,,,,,,,,,,,,,,,,,,,,,,,,,,,,,,,,,,,,,,,,
linear_feedback,FINAL_THESIS_RUN_1752614/03_linear_feedback/k_sweep.csv,False,linear_feedback,1.3366666666666667,0.8,20.0,-1.0,raw_readout,True,False,,,27000.0,normalized_esn_coordinates,,20.0,controller_validation,chaotic_bursting,gbrt,9000.0,1140.0,0.2,rest_state_from_quiet_training_data,9000.0,27000.0,"zero_based_half_open_[start,end)",18000.0,0.001640007027856351,0.0004914774514201207,0.0009892679539610005,0.0005521356993783045,0.00016546407531143863,0.00033305354450019947,1.0846512303763423,0.5791462543076985,2.0,0.0,7.0,100.0,1.4416469209702927e-05,0.0025949644577441667,0.009999999999990905,0.0008642236829388721,0.4862947104052708,0.0,0.0,0.00021767229919415244,0.12248320636142708,0.0005521356993783045,0.00016546407531143863,0.00033305354450019947,1.4416469209702927e-05,control_effort_mean_sq,corrected_feedback_input_target_rmse,evaluation_time_to_tolerance,0.0005522798640704016,,,,,,,,,,,,,,,,,,,,,,,,,,,,,,,,,,,,,,,,,,,,,,,,
linear_feedback,FINAL_THESIS_RUN_1752614/03_linear_feedback/k_sweep.csv,False,linear_feedback,1.4195833333333334,0.8,20.0,-1.0,raw_readout,True,False,,,27000.0,normalized_esn_coordinates,,20.0,controller_validation,chaotic_bursting,gbrt,9000.0,1140.0,0.2,rest_state_from_quiet_training_data,9000.0,27000.0,"zero_based_half_open_[start,end)",18000.0,0.00166343897909703,0.000498834735536569,0.001004077026856528,0.0006979512716461249,0.0002093027411188782,0.00042129398585187035,1.0846512303763423,0.5791462543076985,2.0,0.0,7.0,100.0,1.6728491748914378e-05,0.0030111285148018492,0.009999999999990905,0.0008697211816585228,0.5164607476155728,0.009999999999990905,0.009999999999990905,0.0002570617052920778,0.1526492435717292,0.0006979512716461249,0.0002093027411188782,0.00042129398585187035,1.6728491748914378e-05,control_effort_mean_sq,corrected_feedback_input_target_rmse,evaluation_time_to_tolerance,0.000708118556563605,,,,,,,,,,,,,,,,,,,,,,,,,,,,,,,,,,,,,,,,,,,,,,,,
linear_feedback,FINAL_THESIS_RUN_1752614/03_linear_feedback/k_sweep.csv,False,linear_feedback,1.5025,0.8,20.0,-1.0,raw_readout,True,False,,,27000.0,normalized_esn_coordinates,,20.0,controller_validation,chaotic_bursting,gbrt,9000.0,1140.0,0.2,rest_state_from_quiet_training_data,9000.0,27000.0,"zero_based_half_open_[start,end)",18000.0,0.0017006004261867413,0.000512302774074988,0.0010311861015257146,0.0008545517141588457,0.00025743214397268543,0.0005181710160166796,1.0846512303763423,0.5791462543076985,2.0,0.0,7.0,100.0,1.9586407380938125e-05,0.003525553328565656,0.009999999999990905,0.0008764482663524918,0.5466267848258748,0.009999999999990905,0.009999999999990905,0.00029312163317280285,0.18281528078203133,0.0008545517141588457,0.00025743214397268543,0.0005181710160166796,1.9586407380938125e-05,control_effort_mean_sq,corrected_feedback_input_target_rmse,evaluation_time_to_tolerance,0.000864747578232646,,,,,,,,,,,,,,,,,,,,,,,,,,,,,,,,,,,,,,,,,,,,,,,,
linear_feedback,FINAL_THESIS_RUN_1752614/03_linear_feedback/k_sweep.csv,False,linear_feedback,1.5854166666666667,0.8,20.0,-1.0,raw_readout,True,False,,,27000.0,normalized_esn_coordinates,,20.0,controller_validation,chaotic_bursting,gbrt,9000.0,1140.0,0.2,rest_state_from_quiet_training_data,9000.0,27000.0,"zero_based_half_open_[start,end)",18000.0,0.0017544195903621974,0.000533761157456711,0.001074378502239134,0.0010270664685245324,0.00031247267759444155,0.0006289590815191434,1.0846512303763423,0.5791462543076985,2.0,0.0,7.0,100.0,2.3209994087343595e-05,0.004177798935718047,0.009999999999990905,0.0008849529186096298,0.5767928220361768,0.009999999999990905,0.009999999999990905,0.00032676973735782196,0.21298131799233347,0.0010270664685245324,0.00031247267759444155,0.0006289590815191434,2.3209994087343595e-05,control_effort_mean_sq,corrected_feedback_input_target_rmse,evaluation_time_to_tolerance,0.0010372985684653968,,,,,,,,,,,,,,,,,,,,,,,,,,,,,,,,,,,,,,,,,,,,,,,,
linear_feedback,FINAL_THESIS_RUN_1752614/03_linear_feedback/k_sweep.csv,False,linear_feedback,1.6683333333333332,0.8,20.0,-1.0,raw_readout,True,False,,,27000.0,normalized_esn_coordinates,,20.0,controller_validation,chaotic_bursting,gbrt,9000.0,1140.0,0.2,rest_state_from_quiet_training_data,9000.0,27000.0,"zero_based_half_open_[start,end)",18000.0,0.0018296388918030118,0.000566712679297166,0.0011407048097773877,0.0012228086593550095,0.00037875297399693025,0.0007623710478678693,1.0846512303763423,0.5791462543076985,2.0,0.0,7.0,100.0,2.7952308157711665e-05,0.005031415468383524,0.009999999999990905,0.0008960370484837093,0.6069588592464789,0.009999999999990905,0.009999999999990905,0.0003589519045374467,0.2431473552026352,0.0012228086593550095,0.00037875297399693025,0.0007623710478678693,2.7952308157711665e-05,control_effort_mean_sq,corrected_feedback_input_target_rmse,evaluation_time_to_tolerance,0.0012330881824365776,,,,,,,,,,,,,,,,,,,,,,,,,,,,,,,,,,,,,,,,,,,,,,,,
linear_feedback,FINAL_THESIS_RUN_1752614/03_linear_feedback/k_sweep.csv,False,linear_feedback,1.75125,0.8,20.0,-1.0,raw_readout,True,False,,,27000.0,normalized_esn_coordinates,,20.0,controller_validation,chaotic_bursting,gbrt,9000.0,1140.0,0.2,rest_state_from_quiet_training_data,9000.0,27000.0,"zero_based_half_open_[start,end)",18000.0,0.0019341529907643629,0.0006182422245160034,0.0012444257996618348,0.0014530324343117204,0.0004644544711676468,0.0009348748819959518,1.0846512303763423,0.5791462543076985,2.0,0.0,7.0,100.0,3.441907531154371e-05,0.006195433556072233,0.009999999999990905,0.0009112085860568725,0.6371248964567808,0.009999999999990905,0.009999999999990905,0.00039088962185585945,0.2733133924129373,0.0014530324343117204,0.0004644544711676468,0.0009348748819959518,3.441907531154371e-05,control_effort_mean_sq,corrected_feedback_input_target_rmse,evaluation_time_to_tolerance,0.0014633766250648267,,,,,,,,,,,,,,,,,,,,,,,,,,,,,,,,,,,,,,,,,,,,,,,,
linear_feedback,FINAL_THESIS_RUN_1752614/03_linear_feedback/k_sweep.csv,False,linear_feedback,1.8341666666666667,0.8,20.0,-1.0,raw_readout,True,False,,,27000.0,normalized_esn_coordinates,,20.0,controller_validation,chaotic_bursting,gbrt,9000.0,1140.0,0.2,rest_state_from_quiet_training_data,9000.0,27000.0,"zero_based_half_open_[start,end)",18000.0,0.002082723160838135,0.000705213753692704,0.0014194860114231016,0.0017373382366658212,0.0005882658062053258,0.001184087914528761,1.0846512303763423,0.5791462543076985,2.0,0.0,7.0,100.0,4.377860724210002e-05,0.007880149303570836,0.009999999999990905,0.0009369301234100934,0.6672909336670829,0.01999999999998181,0.01999999999998181,0.00042610952000609936,0.3034794296232395,0.0017373382366658212,0.0005882658062053258,0.001184087914528761,4.377860724210002e-05,control_effort_mean_sq,corrected_feedback_input_target_rmse,evaluation_time_to_tolerance,0.001757776022738224,,,,,,,,,,,,,,,,,,,,,,,,,,,,,,,,,,,,,,,,,,,,,,,,
linear_feedback,FINAL_THESIS_RUN_1752614/03_linear_feedback/k_sweep.csv,False,linear_feedback,1.9170833333333333,0.8,20.0,-1.0,raw_readout,True,False,,,27000.0,normalized_esn_coordinates,,20.0,controller_validation,chaotic_bursting,gbrt,9000.0,1140.0,0.2,rest_state_from_quiet_training_data,9000.0,27000.0,"zero_based_half_open_[start,end)",18000.0,0.0023240134890074047,0.0008831728712379902,0.0017776901397997694,0.002131314037210541,0.0008099431206645049,0.0016302899990413681,1.0846512303763423,0.5791462543076985,2.0,0.0,7.0,100.0,5.95498300976259e-05,0.010718969417562913,0.009999999999990905,0.00100653934250141,0.697456970877385,0.029999999999972715,0.029999999999972715,0.00048150251963608484,0.33364546683354157,0.002131314037210541,0.0008099431206645049,0.0016302899990413681,5.95498300976259e-05,control_effort_mean_sq,corrected_feedback_input_target_rmse,evaluation_time_to_tolerance,0.0021619095355114902,,,,,,,,,,,,,,,,,,,,,,,,,,,,,,,,,,,,,,,,,,,,,,,,
linear_feedback,FINAL_THESIS_RUN_1752614/03_linear_feedback/k_sweep.csv,False,linear_feedback,2.0,0.8,20.0,-1.0,raw_readout,True,False,,,27000.0,normalized_esn_coordinates,,20.0,controller_validation,chaotic_bursting,gbrt,9000.0,1140.0,0.2,rest_state_from_quiet_training_data,9000.0,27000.0,"zero_based_half_open_[start,end)",18000.0,0.004167148020639557,0.0016367082174954986,0.003294440029495607,0.004167148020639556,0.001636708217495498,0.0032944400294956057,1.0846512303763423,0.5791462543076985,2.0,0.0,7.0,100.0,0.00020838147151104223,0.037508664871953486,0.009999999999990905,0.0017961025493378727,0.727623008087687,0.049999999999954525,0.049999999999954525,0.0008980512746688893,0.3638115040438435,0.004167148020639556,0.001636708217495498,0.0032944400294956057,0.00020838147151104223,control_effort_mean_sq,corrected_feedback_input_target_rmse,evaluation_time_to_tolerance,0.004219231835354621,,,,,,,,,,,,,,,,,,,,,,,,,,,,,,,,,,,,,,,,,,,,,,,,
linear_feedback,FINAL_THESIS_RUN_1752614/03_linear_feedback/k_sweep.csv,False,linear_feedback,0.7064999999999999,0.8,20.0,-1.0,raw_readout,True,False,,,27000.0,normalized_esn_coordinates,,20.0,controller_validation,chaotic_bursting,gbrt,9000.0,1140.0,0.2,rest_state_from_quiet_training_data,9000.0,27000.0,"zero_based_half_open_[start,end)",18000.0,0.0018504936295020236,0.0006010659049373122,0.0012098525298666612,0.0005431198802588517,0.000176412843099127,0.00035509171751591716,1.0846512303763423,0.5791462543076985,2.0,0.0,7.0,100.0,5.127678360630687e-06,0.0009229821049126843,0.009999999999990905,0.0008538846640521693,0.2570328276069754,0.0,0.0,0.00035472774083412126,0.10677867643686793,0.0005431198802588517,0.000176412843099127,0.00035509171751591716,5.127678360630687e-06,control_effort_mean_sq,corrected_feedback_input_target_rmse,evaluation_time_to_tolerance,0.000543171157042458,,,,,,,,,,,,,,,,,,,,,,,,,,,,,,,,,,,,,,,,,,,,,,,,
linear_feedback,FINAL_THESIS_RUN_1752614/03_linear_feedback/k_sweep.csv,False,linear_feedback,0.7379210526315788,0.8,20.0,-1.0,raw_readout,True,False,,,27000.0,normalized_esn_coordinates,,20.0,controller_validation,chaotic_bursting,gbrt,9000.0,1140.0,0.2,rest_state_from_quiet_training_data,9000.0,27000.0,"zero_based_half_open_[start,end)",18000.0,0.0018196231372306216,0.0005865407798503245,0.001180615703773598,0.00047688491641259366,0.0001537199901718345,0.0003094145208916296,1.0846512303763423,0.5791462543076985,2.0,0.0,7.0,100.0,5.408837788936624e-06,0.0009735908020077068,0.009999999999990905,0.0008539716859371381,0.26846416802351086,0.0,0.0,0.0003032953182925834,0.09534733602033282,0.00047688491641259366,0.0001537199901718345,0.0003094145208916296,5.408837788936624e-06,control_effort_mean_sq,corrected_feedback_input_target_rmse,evaluation_time_to_tolerance,0.000476939004790483,,,,,,,,,,,,,,,,,,,,,,,,,,,,,,,,,,,,,,,,,,,,,,,,
linear_feedback,FINAL_THESIS_RUN_1752614/03_linear_feedback/k_sweep.csv,False,linear_feedback,0.7693421052631578,0.8,20.0,-1.0,raw_readout,True,False,,,27000.0,normalized_esn_coordinates,,20.0,controller_validation,chaotic_bursting,gbrt,9000.0,1140.0,0.2,rest_state_from_quiet_training_data,9000.0,27000.0,"zero_based_half_open_[start,end)",18000.0,0.0017918499142803542,0.0005734529573913518,0.0011542719451568366,0.0004133043289122977,0.00013227145188251347,0.0002662419368236922,1.0846512303763423,0.5791462543076985,2.0,0.0,7.0,100.0,5.701163792813029e-06,0.001026209482705412,0.009999999999990905,0.0008540508253130959,0.2798955084400464,0.0,0.0,0.00025605457444400644,0.08391599560379716,0.0004133043289122977,0.00013227145188251347,0.0002662419368236922,5.701163792813029e-06,control_effort_mean_sq,corrected_feedback_input_target_rmse,evaluation_time_to_tolerance,0.0004133613405502258,,,,,,,,,,,,,,,,,,,,,,,,,,,,,,,,,,,,,,,,,,,,,,,,
linear_feedback,FINAL_THESIS_RUN_1752614/03_linear_feedback/k_sweep.csv,False,linear_feedback,0.8007631578947367,0.8,20.0,-1.0,raw_readout,True,False,,,27000.0,normalized_esn_coordinates,,20.0,controller_validation,chaotic_bursting,gbrt,9000.0,1140.0,0.2,rest_state_from_quiet_training_data,9000.0,27000.0,"zero_based_half_open_[start,end)",18000.0,0.0017668889570446684,0.0005616595338213461,0.0011305336109329906,0.00035202937615225514,0.00011190327185688794,0.00022524394653616675,1.0846512303763423,0.5791462543076985,2.0,0.0,7.0,100.0,6.00548290092941e-06,0.0010809869221663107,0.009999999999990905,0.0008541222731048624,0.29132684885658183,0.0,0.0,0.0002125130543126069,0.07248465518726165,0.00035202937615225514,0.00011190327185688794,0.00022524394653616675,6.00548290092941e-06,control_effort_mean_sq,corrected_feedback_input_target_rmse,evaluation_time_to_tolerance,0.00035208943098126444,,,,,,,,,,,,,,,,,,,,,,,,,,,,,,,,,,,,,,,,,,,,,,,,
linear_feedback,FINAL_THESIS_RUN_1752614/03_linear_feedback/k_sweep.csv,False,linear_feedback,0.8321842105263157,0.8,20.0,-1.0,raw_readout,True,False,,,27000.0,normalized_esn_coordinates,,20.0,controller_validation,chaotic_bursting,gbrt,9000.0,1140.0,0.2,rest_state_from_quiet_training_data,9000.0,27000.0,"zero_based_half_open_[start,end)",18000.0,0.0017445000501105155,0.0005510396367121127,0.0011091574036336102,0.00029275465314617066,9.247315166614538e-05,0.0001861341253413763,1.0846512303763423,0.5791462543076985,2.0,0.0,7.0,100.0,6.322694092821498e-06,0.0011380849367068346,0.009999999999990905,0.000854186124963515,0.30275818927311743,0.0,0.0,0.00017225263001267288,0.06105331477072614,0.00029275465314617066,9.247315166614538e-05,0.0001861341253413763,6.322694092821498e-06,control_effort_mean_sq,corrected_feedback_input_target_rmse,evaluation_time_to_tolerance,0.00029281788008709886,,,,,,,,,,,,,,,,,,,,,,,,,,,,,,,,,,,,,,,,,,,,,,,,
linear_feedback,FINAL_THESIS_RUN_1752614/03_linear_feedback/k_sweep.csv,False,linear_feedback,0.8636052631578947,0.8,20.0,-1.0,raw_readout,True,False,,,27000.0,normalized_esn_coordinates,,20.0,controller_validation,chaotic_bursting,gbrt,9000.0,1140.0,0.2,rest_state_from_quiet_training_data,9000.0,27000.0,"zero_based_half_open_[start,end)",18000.0,0.0017244802539241463,0.0005414907858281968,0.0010899370464243121,0.00023521003042341646,7.385649323548283e-05,0.00014866167662154806,1.0846512303763423,0.5791462543076985,2.0,0.0,7.0,100.0,6.653777395817935e-06,0.0011976799312461391,0.009999999999990905,0.0008542427376143461,0.31418952968965286,0.0,0.0,0.00013491605293170829,0.049621974354190475,0.00023521003042341646,7.385649323548283e-05,0.00014866167662154806,6.653777395817935e-06,control_effort_mean_sq,corrected_feedback_input_target_rmse,evaluation_time_to_tolerance,0.00023527656819737465,,,,,,,,,,,,,,,,,,,,,,,,,,,,,,,,,,,,,,,,,,,,,,,,
linear_feedback,FINAL_THESIS_RUN_1752614/03_linear_feedback/k_sweep.csv,False,linear_feedback,0.8950263157894736,0.8,20.0,-1.0,raw_readout,True,False,,,27000.0,normalized_esn_coordinates,,20.0,controller_validation,chaotic_bursting,gbrt,9000.0,1140.0,0.2,rest_state_from_quiet_training_data,9000.0,27000.0,"zero_based_half_open_[start,end)",18000.0,0.0017066579974943008,0.000532926009620308,0.001072697479052849,0.00017915417768434692,5.594320664145405e-05,0.00011260500641951326,1.0846512303763423,0.5791462543076985,2.0,0.0,7.0,100.0,6.999803758602199e-06,0.0012599646765472498,0.009999999999990905,0.0008542927783989058,0.3256208701061884,0.0,0.0,0.00010019622748625856,0.03819063393765497,0.00017915417768434692,5.594320664145405e-05,0.00011260500641951326,6.999803758602199e-06,control_effort_mean_sq,corrected_feedback_input_target_rmse,evaluation_time_to_tolerance,0.00017922417572193293,,,,,,,,,,,,,,,,,,,,,,,,,,,,,,,,,,,,,,,,,,,,,,,,
linear_feedback,FINAL_THESIS_RUN_1752614/03_linear_feedback/k_sweep.csv,False,linear_feedback,0.9264473684210526,0.8,20.0,-1.0,raw_readout,True,False,,,27000.0,normalized_esn_coordinates,,20.0,controller_validation,chaotic_bursting,gbrt,9000.0,1140.0,0.2,rest_state_from_quiet_training_data,9000.0,27000.0,"zero_based_half_open_[start,end)",18000.0,0.0016908884064675276,0.0005252715505862634,0.00105729023909625,0.0001243692920020037,3.86351048391679e-05,7.776647942825167e-05,1.0846512303763423,0.5791462543076985,2.0,0.0,7.0,100.0,7.361946407957627e-06,0.0013251503534311676,0.009999999999990905,0.0008543370710583671,0.3370522105227239,0.0,0.0,6.782764134652615e-05,0.02675929352111971,0.0001243692920020037,3.86351048391679e-05,7.776647942825167e-05,7.361946407957627e-06,control_effort_mean_sq,corrected_feedback_input_target_rmse,evaluation_time_to_tolerance,0.00012444291146608327,,,,,,,,,,,,,,,,,,,,,,,,,,,,,,,,,,,,,,,,,,,,,,,,
linear_feedback,FINAL_THESIS_RUN_1752614/03_linear_feedback/k_sweep.csv,False,linear_feedback,0.9578684210526315,0.8,20.0,-1.0,raw_readout,True,False,,,27000.0,normalized_esn_coordinates,,20.0,controller_validation,chaotic_bursting,gbrt,9000.0,1140.0,0.2,rest_state_from_quiet_training_data,9000.0,27000.0,"zero_based_half_open_[start,end)",18000.0,0.0016770495948235996,0.0005184650355493191,0.0010435897790146199,7.065674740292827e-05,2.1843750576696398e-05,4.3968085163221395e-05,1.0846512303763423,0.5791462543076985,2.0,0.0,7.0,100.0,7.741493940732472e-06,0.0013934689093305778,0.009999999999990905,0.0008543764585777722,0.34848355093925937,0.0,0.0,3.757951345299516e-05,0.015327953104584199,7.065674740292827e-05,2.1843750576696398e-05,4.3968085163221395e-05,7.741493940732472e-06,control_effort_mean_sq,corrected_feedback_input_target_rmse,evaluation_time_to_tolerance,7.07341623423356e-05,,,,,,,,,,,,,,,,,,,,,,,,,,,,,,,,,,,,,,,,,,,,,,,,
linear_feedback,FINAL_THESIS_RUN_1752614/03_linear_feedback/k_sweep.csv,False,linear_feedback,0.9892894736842104,0.8,20.0,-1.0,raw_readout,True,False,,,27000.0,normalized_esn_coordinates,,20.0,controller_validation,chaotic_bursting,gbrt,9000.0,1140.0,0.2,rest_state_from_quiet_training_data,9000.0,27000.0,"zero_based_half_open_[start,end)",18000.0,0.0016650397186959815,0.000512454018196595,0.0010314905325068278,1.7833451723962547e-05,5.488652247536948e-06,1.1047806492922729e-05,1.0846512303763423,0.5791462543076985,2.0,0.0,7.0,100.0,8.139865457856201e-06,0.0014651757824127836,0.009999999999990905,0.0008544118213767017,0.35991489135579485,0.0,0.0,9.250275618012247e-06,0.0038966126880487038,1.7833451723962547e-05,5.488652247536948e-06,1.1047806492922729e-05,8.139865457856201e-06,control_effort_mean_sq,corrected_feedback_input_target_rmse,evaluation_time_to_tolerance,1.7914850378541108e-05,,,,,,,,,,,,,,,,,,,,,,,,,,,,,,,,,,,,,,,,,,,,,,,,
linear_feedback,FINAL_THESIS_RUN_1752614/03_linear_feedback/k_sweep.csv,False,linear_feedback,1.0207105263157894,0.8,20.0,-1.0,raw_readout,True,False,,,27000.0,normalized_esn_coordinates,,20.0,controller_validation,chaotic_bursting,gbrt,9000.0,1140.0,0.2,rest_state_from_quiet_training_data,9000.0,27000.0,"zero_based_half_open_[start,end)",18000.0,0.0016547746420035566,0.0005071948244763681,0.0010209045904741667,3.427125376989368e-05,1.0504271759532043e-05,2.114347138688927e-05,1.0846512303763423,0.5791462543076985,2.0,0.0,7.0,100.0,8.558628114087589e-06,0.0015405530605343647,0.009999999999990905,0.0008544443051774267,0.3713462317723304,0.0,0.0,1.733693423490839e-05,0.0075347277284869745,3.427125376989368e-05,1.0504271759532043e-05,2.114347138688927e-05,8.558628114087589e-06,control_effort_mean_sq,corrected_feedback_input_target_rmse,evaluation_time_to_tolerance,3.4356840051034554e-05,,,,,,,,,,,,,,,,,,,,,,,,,,,,,,,,,,,,,,,,,,,,,,,,
linear_feedback,FINAL_THESIS_RUN_1752614/03_linear_feedback/k_sweep.csv,False,linear_feedback,1.0521315789473684,0.8,20.0,-1.0,raw_readout,True,False,,,27000.0,normalized_esn_coordinates,,20.0,controller_validation,chaotic_bursting,gbrt,9000.0,1140.0,0.2,rest_state_from_quiet_training_data,9000.0,27000.0,"zero_based_half_open_[start,end)",18000.0,0.0016461861014553814,0.0005026516490715581,0.0010117598823614839,8.581828071006768e-05,2.6204024126587882e-05,5.2744640183085785e-05,1.0846512303763423,0.5791462543076985,2.0,0.0,7.0,100.0,8.999517539520958e-06,0.0016199131571122993,0.009999999999990905,0.0008544759609517125,0.3827775721888659,0.0,0.0,4.233803253149985e-05,0.018966068145022486,8.581828071006768e-05,2.6204024126587882e-05,5.2744640183085785e-05,8.999517539520958e-06,control_effort_mean_sq,corrected_feedback_input_target_rmse,evaluation_time_to_tolerance,8.590827588546289e-05,,,,,,,,,,,,,,,,,,,,,,,,,,,,,,,,,,,,,,,,,,,,,,,,
linear_feedback,FINAL_THESIS_RUN_1752614/03_linear_feedback/k_sweep.csv,False,linear_feedback,1.0835526315789472,0.8,20.0,-1.0,raw_readout,True,False,,,27000.0,normalized_esn_coordinates,,20.0,controller_validation,chaotic_bursting,gbrt,9000.0,1140.0,0.2,rest_state_from_quiet_training_data,9000.0,27000.0,"zero_based_half_open_[start,end)",18000.0,0.001639220287022994,0.0004987958648091157,0.001003998786105288,0.00013696116871835909,4.167570712548219e-05,8.38867406811327e-05,1.0846512303763423,0.5791462543076985,2.0,0.0,7.0,100.0,9.464461691158196e-06,0.001703603104406926,0.009999999999990905,0.0008545121165275144,0.3942089126054014,0.0,0.0,6.589134110438269e-05,0.030397408561557978,0.00013696116871835909,4.167570712548219e-05,8.38867406811327e-05,9.464461691158196e-06,control_effort_mean_sq,corrected_feedback_input_target_rmse,evaluation_time_to_tolerance,0.00013705581333527066,,,,,,,,,,,,,,,,,,,,,,,,,,,,,,,,,,,,,,,,,,,,,,,,
linear_feedback,FINAL_THESIS_RUN_1752614/03_linear_feedback/k_sweep.csv,False,linear_feedback,1.1149736842105262,0.8,20.0,-1.0,raw_readout,True,False,,,27000.0,normalized_esn_coordinates,,20.0,controller_validation,chaotic_bursting,gbrt,9000.0,1140.0,0.2,rest_state_from_quiet_training_data,9000.0,27000.0,"zero_based_half_open_[start,end)",18000.0,0.0016338367759094773,0.0004956055177650517,0.000997577111858408,0.0001878482335249579,5.698159229250051e-05,0.00011469511583443146,1.0846512303763423,0.5791462543076985,2.0,0.0,7.0,100.0,9.955608820794637e-06,0.0017920095877414046,0.009999999999990905,0.000854576953870275,0.4056402530219369,0.0,0.0,8.812213437791165e-05,0.04182874897809366,0.0001878482335249579,5.698159229250051e-05,0.00011469511583443146,9.955608820794637e-06,control_effort_mean_sq,corrected_feedback_input_target_rmse,evaluation_time_to_tolerance,0.00018794778961316584,,,,,,,,,,,,,,,,,,,,,,,,,,,,,,,,,,,,,,,,,,,,,,,,
linear_feedback,FINAL_THESIS_RUN_1752614/03_linear_feedback/k_sweep.csv,False,linear_feedback,1.146394736842105,0.8,20.0,-1.0,raw_readout,True,False,,,27000.0,normalized_esn_coordinates,,20.0,controller_validation,chaotic_bursting,gbrt,9000.0,1140.0,0.2,rest_state_from_quiet_training_data,9000.0,27000.0,"zero_based_half_open_[start,end)",18000.0,0.0016300077753557405,0.0004930649898884451,0.000992463422904399,0.00023862455932379558,7.218211944077045e-05,0.00014529142162149694,1.0846512303763423,0.5791462543076985,2.0,0.0,7.0,100.0,1.0475360406629847e-05,0.0018855648731916576,0.009999999999990905,0.0008549436631595243,0.4170715934384724,0.0,0.0,0.00010917640195022915,0.05326008939462875,0.00023862455932379558,7.218211944077045e-05,0.00014529142162149694,1.0475360406629847e-05,control_effort_mean_sq,corrected_feedback_input_target_rmse,evaluation_time_to_tolerance,0.00023872931292786187,,,,,,,,,,,,,,,,,,,,,,,,,,,,,,,,,,,,,,,,,,,,,,,,
linear_feedback,FINAL_THESIS_RUN_1752614/03_linear_feedback/k_sweep.csv,False,linear_feedback,1.177815789473684,0.8,20.0,-1.0,raw_readout,True,False,,,27000.0,normalized_esn_coordinates,,20.0,controller_validation,chaotic_bursting,gbrt,9000.0,1140.0,0.2,rest_state_from_quiet_training_data,9000.0,27000.0,"zero_based_half_open_[start,end)",18000.0,0.0016277176437390266,0.0004911648189153789,0.0009886386731721994,0.00028943389786167094,8.73368600371385e-05,0.00017579556617433283,1.0846512303763423,0.5791462543076985,2.0,0.0,7.0,100.0,1.1026410100386244e-05,0.0019847538180677187,0.009999999999990905,0.0008561158631268323,0.42850293385500793,0.0,0.0,0.00012924849492009494,0.06469142981116426,0.00028943389786167094,8.73368600371385e-05,0.00017579556617433283,1.1026410100386244e-05,control_effort_mean_sq,corrected_feedback_input_target_rmse,evaluation_time_to_tolerance,0.0002895441619626748,,,,,,,,,,,,,,,,,,,,,,,,,,,,,,,,,,,,,,,,,,,,,,,,
linear_feedback,FINAL_THESIS_RUN_1752614/03_linear_feedback/k_sweep.csv,False,linear_feedback,1.209236842105263,0.8,20.0,-1.0,raw_readout,True,False,,,27000.0,normalized_esn_coordinates,,20.0,controller_validation,chaotic_bursting,gbrt,9000.0,1140.0,0.2,rest_state_from_quiet_training_data,9000.0,27000.0,"zero_based_half_open_[start,end)",18000.0,0.0016269626714302068,0.0004899016728085222,0.0009860961557869698,0.00034042053159317716,0.00010250547896054937,0.00020632764564902195,1.0846512303763423,0.5791462543076985,2.0,0.0,7.0,100.0,1.1611790002616189e-05,0.002090122200469013,0.009999999999990905,0.0008575079060170551,0.4399342742715434,0.0,0.0,0.00014837643056153164,0.07612277022769993,0.00034042053159317716,0.00010250547896054937,0.00020632764564902195,1.1611790002616189e-05,control_effort_mean_sq,corrected_feedback_input_target_rmse,evaluation_time_to_tolerance,0.0003405366494932033,,,,,,,,,,,,,,,,,,,,,,,,,,,,,,,,,,,,,,,,,,,,,,,,
linear_feedback,FINAL_THESIS_RUN_1752614/03_linear_feedback/k_sweep.csv,False,linear_feedback,1.240657894736842,0.8,20.0,-1.0,raw_readout,True,False,,,27000.0,normalized_esn_coordinates,,20.0,controller_validation,chaotic_bursting,gbrt,9000.0,1140.0,0.2,rest_state_from_quiet_training_data,9000.0,27000.0,"zero_based_half_open_[start,end)",18000.0,0.0016277511136487662,0.000489278483522018,0.0009848417723180864,0.0003917311561662568,0.00011774872978444998,0.00023700994757498402,1.0846512303763423,0.5791462543076985,2.0,0.0,7.0,100.0,1.2234925914291472e-05,0.002202286664570462,0.009999999999990905,0.0008590027826099475,0.45136561468807895,0.0,0.0,0.0001666259507258004,0.08755411064423543,0.0003917311561662568,0.00011774872978444998,0.00023700994757498402,1.2234925914291472e-05,control_effort_mean_sq,corrected_feedback_input_target_rmse,evaluation_time_to_tolerance,0.0003918535054253997,,,,,,,,,,,,,,,,,,,,,,,,,,,,,,,,,,,,,,,,,,,,,,,,
linear_feedback,FINAL_THESIS_RUN_1752614/03_linear_feedback/k_sweep.csv,False,linear_feedback,1.272078947368421,0.8,20.0,-1.0,raw_readout,True,False,,,27000.0,normalized_esn_coordinates,,20.0,controller_validation,chaotic_bursting,gbrt,9000.0,1140.0,0.2,rest_state_from_quiet_training_data,9000.0,27000.0,"zero_based_half_open_[start,end)",18000.0,0.0016301034778313558,0.0004893047532023475,0.0009848946491140323,0.0004435168383499856,0.00013312952219364575,0.00026796909939970815,1.0846512303763423,0.5791462543076985,2.0,0.0,7.0,100.0,1.2899703647039887e-05,0.002321946656465068,0.009999999999990905,0.0008605966213966256,0.46279695510461444,0.0,0.0,0.00018406893954423304,0.09898545106077095,0.0004435168383499856,0.00013312952219364575,0.00026796909939970815,1.2899703647039887e-05,control_effort_mean_sq,corrected_feedback_input_target_rmse,evaluation_time_to_tolerance,0.00044364583538645597,,,,,,,,,,,,,,,,,,,,,,,,,,,,,,,,,,,,,,,,,,,,,,,,
linear_feedback,FINAL_THESIS_RUN_1752614/03_linear_feedback/k_sweep.csv,False,linear_feedback,1.3034999999999999,0.8,20.0,-1.0,raw_readout,True,False,,,27000.0,normalized_esn_coordinates,,20.0,controller_validation,chaotic_bursting,gbrt,9000.0,1140.0,0.2,rest_state_from_quiet_training_data,9000.0,27000.0,"zero_based_half_open_[start,end)",18000.0,0.001634053078510139,0.0004899970557509776,0.0009862881468702901,0.0004959351093277961,0.00014871410642040972,0.00029933845257510897,1.0846512303763423,0.5791462543076985,2.0,0.0,7.0,100.0,1.361054904098737e-05,0.0024498988273754987,0.009999999999990905,0.0008622979470458588,0.47422829552114987,0.0,0.0,0.00020077286300588913,0.11041679147730661,0.0004959351093277961,0.00014871410642040972,0.00029933845257510897,1.361054904098737e-05,control_effort_mean_sq,corrected_feedback_input_target_rmse,evaluation_time_to_tolerance,0.000496071214818206,,,,,,,,,,,,,,,,,,,,,,,,,,,,,,,,,,,,,,,,,,,,,,,,
finite_time,FINAL_THESIS_RUN_1752614/04_finite_time/candidates/s_0p9/k_sweep.csv,False,finite_time,0.01,0.9,20.0,-1.0,raw_readout,True,False,,,27000.0,normalized_esn_coordinates,,20.0,controller_validation,chaotic_bursting,gbrt,9000.0,1140.0,0.2,rest_state_from_quiet_training_data,9000.0,27000.0,"zero_based_half_open_[start,end)",18000.0,0.04075086120167383,0.010574439155396456,0.021284707482138374,0.040198124458897956,0.010424052854484934,0.020982003161163672,1.0846512303763423,0.5791462543076985,2.0,0.0,7.0,100.0,9.199899346611165e-07,0.00016559818823885038,0.009999999999990905,0.0009407793073060328,0.003839619143778561,1.4100000000000819,1.4100000000000819,0.0674449871690468,0.36017338900340506,0.040198124458897956,0.010424052854484934,0.020982003161163672,9.199899346611165e-07,control_effort_mean_sq,corrected_feedback_input_target_rmse,evaluation_time_to_tolerance,0.04160813365879739,,,,,,,,,,,,,,,,,,,,,,,,,,,,,,,,,,,,,,,,,,,,,,,,
finite_time,FINAL_THESIS_RUN_1752614/04_finite_time/candidates/s_0p9/k_sweep.csv,False,finite_time,0.07208333333333333,0.9,20.0,-1.0,raw_readout,True,False,,,27000.0,normalized_esn_coordinates,,20.0,controller_validation,chaotic_bursting,gbrt,9000.0,1140.0,0.2,rest_state_from_quiet_training_data,9000.0,27000.0,"zero_based_half_open_[start,end)",18000.0,0.005730088924587853,0.0022967997068505984,0.004623101914622847,0.005155448571174544,0.0020669940534807215,0.004160538743390895,1.0846512303763423,0.5791462543076985,2.0,0.0,7.0,100.0,1.0503064636776007e-06,0.00018905516346179617,0.009999999999990905,0.0008502271068232682,0.026224745916493698,0.11000000000012733,0.11000000000012733,0.006000054035945993,0.3375867581273499,0.005155448571174544,0.0020669940534807215,0.004160538743390895,1.0503064636776007e-06,control_effort_mean_sq,corrected_feedback_input_target_rmse,evaluation_time_to_tolerance,0.005265459074239308,,,,,,,,,,,,,,,,,,,,,,,,,,,,,,,,,,,,,,,,,,,,,,,,
finite_time,FINAL_THESIS_RUN_1752614/04_finite_time/candidates/s_0p9/k_sweep.csv,False,finite_time,0.13416666666666666,0.9,20.0,-1.0,raw_readout,True,False,,,27000.0,normalized_esn_coordinates,,20.0,controller_validation,chaotic_bursting,gbrt,9000.0,1140.0,0.2,rest_state_from_quiet_training_data,9000.0,27000.0,"zero_based_half_open_[start,end)",18000.0,0.003745219567174538,0.0014767906051572906,0.002972550655521225,0.003086995381423272,0.0012058505850203744,0.0024271903778675464,1.0846512303763423,0.5791462543076985,2.0,0.0,7.0,100.0,1.4079134322446755e-06,0.0002534244178038111,0.009999999999990905,0.0008495839988008192,0.04881137679254901,0.05999999999994543,0.05999999999994543,0.002593547000819831,0.3150001272512944,0.003086995381423272,0.0012058505850203744,0.0024271903778675464,1.4079134322446755e-06,control_effort_mean_sq,corrected_feedback_input_target_rmse,evaluation_time_to_tolerance,0.0031470094605575397,,,,,,,,,,,,,,,,,,,,,,,,,,,,,,,,,,,,,,,,,,,,,,,,
finite_time,FINAL_THESIS_RUN_1752614/04_finite_time/candidates/s_0p9/k_sweep.csv,False,finite_time,0.19625,0.9,20.0,-1.0,raw_readout,True,False,,,27000.0,normalized_esn_coordinates,,20.0,controller_validation,chaotic_bursting,gbrt,9000.0,1140.0,0.2,rest_state_from_quiet_training_data,9000.0,27000.0,"zero_based_half_open_[start,end)",18000.0,0.003019324771723089,0.001127288740697467,0.0022690575586137686,0.002286998526442364,0.0008324717159877837,0.0016756365705609317,1.0846512303763423,0.5791462543076985,2.0,0.0,7.0,100.0,1.7697944359594815e-06,0.00031856299847241693,0.009999999999990905,0.0008503637429669133,0.07139800766860428,0.03999999999996362,0.03999999999996362,0.0014153591474157766,0.2924134963752393,0.002286998526442364,0.0008324717159877837,0.0016756365705609317,1.7697944359594815e-06,control_effort_mean_sq,corrected_feedback_input_target_rmse,evaluation_time_to_tolerance,0.002327016224386687,,,,,,,,,,,,,,,,,,,,,,,,,,,,,,,,,,,,,,,,,,,,,,,,
finite_time,FINAL_THESIS_RUN_1752614/04_finite_time/candidates/s_0p9/k_sweep.csv,False,finite_time,0.2583333333333333,0.9,20.0,-1.0,raw_readout,True,False,,,27000.0,normalized_esn_coordinates,,20.0,controller_validation,chaotic_bursting,gbrt,9000.0,1140.0,0.2,rest_state_from_quiet_training_data,9000.0,27000.0,"zero_based_half_open_[start,end)",18000.0,0.0025877184439479996,0.0009139691993326492,0.0018396783762807804,0.0017708791663161249,0.0005988617154794668,0.0012054158380330796,1.0846512303763423,0.5791462543076985,2.0,0.0,7.0,100.0,2.200156846263475e-06,0.0003960282323270654,0.009999999999990905,0.0008513076191857442,0.09398463854465956,0.01999999999998181,0.01999999999998181,0.0008223408707163587,0.26982686549918417,0.0017708791663161249,0.0005988617154794668,0.0012054158380330796,2.200156846263475e-06,control_effort_mean_sq,corrected_feedback_input_target_rmse,evaluation_time_to_tolerance,0.0017909011678845694,,,,,,,,,,,,,,,,,,,,,,,,,,,,,,,,,,,,,,,,,,,,,,,,
finite_time,FINAL_THESIS_RUN_1752614/04_finite_time/candidates/s_0p9/k_sweep.csv,False,finite_time,0.3204166666666667,0.9,20.0,-1.0,raw_readout,True,False,,,27000.0,normalized_esn_coordinates,,20.0,controller_validation,chaotic_bursting,gbrt,9000.0,1140.0,0.2,rest_state_from_quiet_training_data,9000.0,27000.0,"zero_based_half_open_[start,end)",18000.0,0.00233417757818804,0.0007891235523474602,0.0015883834340670406,0.0014498768908171235,0.00046040745164839715,0.0009267288588002183,1.0846512303763423,0.5791462543076985,2.0,0.0,7.0,100.0,2.601200012287958e-06,0.0004682160022114066,0.009999999999990905,0.0008519968854979721,0.11657126942071487,0.01999999999998181,0.01999999999998181,0.0004692772458324559,0.2472402346231286,0.0014498768908171235,0.00046040745164839715,0.0009267288588002183,2.601200012287958e-06,control_effort_mean_sq,corrected_feedback_input_target_rmse,evaluation_time_to_tolerance,0.0014699029028172282,,,,,,,,,,,,,,,,,,,,,,,,,,,,,,,,,,,,,,,,,,,,,,,,
finite_time,FINAL_THESIS_RUN_1752614/04_finite_time/candidates/s_0p9/k_sweep.csv,False,finite_time,0.3825,0.9,20.0,-1.0,raw_readout,True,False,,,27000.0,normalized_esn_coordinates,,20.0,controller_validation,chaotic_bursting,gbrt,9000.0,1140.0,0.2,rest_state_from_quiet_training_data,9000.0,27000.0,"zero_based_half_open_[start,end)",18000.0,0.0021567022738913427,0.0007039901415138703,0.0014170230697090945,0.0012092609279779015,0.0003643113902010555,0.0007333023774488698,1.0846512303763423,0.5791462543076985,2.0,0.0,7.0,100.0,3.0126746187654552e-06,0.0005422814313772887,0.009999999999990905,0.0008525602884206982,0.13915790029677014,0.009999999999990905,0.009999999999990905,0.0002354708219375821,0.22465360374707352,0.0012092609279779015,0.0003643113902010555,0.0007333023774488698,3.0126746187654552e-06,control_effort_mean_sq,corrected_feedback_input_target_rmse,evaluation_time_to_tolerance,0.00121929105472408,,,,,,,,,,,,,,,,,,,,,,,,,,,,,,,,,,,,,,,,,,,,,,,,
finite_time,FINAL_THESIS_RUN_1752614/04_finite_time/candidates/s_0p9/k_sweep.csv,False,finite_time,0.44458333333333333,0.9,20.0,-1.0,raw_readout,True,False,,,27000.0,normalized_esn_coordinates,,20.0,controller_validation,chaotic_bursting,gbrt,9000.0,1140.0,0.2,rest_state_from_quiet_training_data,9000.0,27000.0,"zero_based_half_open_[start,end)",18000.0,0.0020253974479699133,0.0006429500116887969,0.0012941587467028568,0.0010184155338870474,0.00029427790993645053,0.0005923358335515976,1.0846512303763423,0.5791462543076985,2.0,0.0,7.0,100.0,3.4366222773980056e-06,0.0006185920099310784,0.009999999999990905,0.0008530145693929905,0.1617445311728254,0.009999999999990905,0.009999999999990905,7.006689240464041e-05,0.20206697287101796,0.0010184155338870474,0.00029427790993645053,0.0005923358335515976,3.4366222773980056e-06,control_effort_mean_sq,corrected_feedback_input_target_rmse,evaluation_time_to_tolerance,0.0010284499001098123,,,,,,,,,,,,,,,,,,,,,,,,,,,,,,,,,,,,,,,,,,,,,,,,
finite_time,FINAL_THESIS_RUN_1752614/04_finite_time/candidates/s_0p9/k_sweep.csv,False,finite_time,0.5066666666666666,0.9,20.0,-1.0,raw_readout,True,False,,,27000.0,normalized_esn_coordinates,,20.0,controller_validation,chaotic_bursting,gbrt,9000.0,1140.0,0.2,rest_state_from_quiet_training_data,9000.0,27000.0,"zero_based_half_open_[start,end)",18000.0,0.001924631599023174,0.0005975612975133192,0.0012027982981704722,0.0008612630386885852,0.00024159696634659517,0.0004862972571585535,1.0846512303763423,0.5791462543076985,2.0,0.0,7.0,100.0,3.8752201097493e-06,0.0006975396197542396,0.009999999999990905,0.0008533579829719674,0.18433116204888067,0.009999999999990905,0.009999999999990905,9.360220048688414e-05,0.17948034199496285,0.0008612630386885852,0.00024159696634659517,0.0004862972571585535,3.8752201097493e-06,control_effort_mean_sq,corrected_feedback_input_target_rmse,evaluation_time_to_tolerance,0.0008713017908896736,,,,,,,,,,,,,,,,,,,,,,,,,,,,,,,,,,,,,,,,,,,,,,,,
finite_time,FINAL_THESIS_RUN_1752614/04_finite_time/candidates/s_0p9/k_sweep.csv,False,finite_time,0.56875,0.9,20.0,-1.0,raw_readout,True,False,,,27000.0,normalized_esn_coordinates,,20.0,controller_validation,chaotic_bursting,gbrt,9000.0,1140.0,0.2,rest_state_from_quiet_training_data,9000.0,27000.0,"zero_based_half_open_[start,end)",18000.0,0.0018455036407166994,0.0005628730009658232,0.0011329761322648381,0.000728583117434934,0.00020131781611128723,0.00040522156909711025,1.0846512303763423,0.5791462543076985,2.0,0.0,7.0,100.0,4.3325265332217245e-06,0.0007798547759792011,0.009999999999990905,0.0008536462149553942,0.20691779292493595,0.009999999999990905,0.009999999999990905,0.00017819267904746914,0.15689371111890757,0.000728583117434934,0.00020131781611128723,0.00040522156909711025,4.3325265332217245e-06,control_effort_mean_sq,corrected_feedback_input_target_rmse,evaluation_time_to_tolerance,0.0007386264427002571,,,,,,,,,,,,,,,,,,,,,,,,,,,,,,,,,,,,,,,,,,,,,,,,
finite_time,FINAL_THESIS_RUN_1752614/04_finite_time/candidates/s_0p9/k_sweep.csv,False,finite_time,0.6308333333333334,0.9,20.0,-1.0,raw_readout,True,False,,,27000.0,normalized_esn_coordinates,,20.0,controller_validation,chaotic_bursting,gbrt,9000.0,1140.0,0.2,rest_state_from_quiet_training_data,9000.0,27000.0,"zero_based_half_open_[start,end)",18000.0,0.0017822151667357346,0.0005358460147154459,0.0010785749968467498,0.0006149038324117354,0.00017056691248052436,0.00034332476502327985,1.0846512303763423,0.5791462543076985,2.0,0.0,7.0,100.0,4.810402425868427e-06,0.0008658724366555293,0.009999999999990905,0.0008538353182441571,0.22950442380099123,0.0,0.0,0.0002459179586558731,0.13430708024285204,0.0006149038324117354,0.00017056691248052436,0.00034332476502327985,4.810402425868427e-06,control_effort_mean_sq,corrected_feedback_input_target_rmse,evaluation_time_to_tolerance,0.0006149519364359942,,,,,,,,,,,,,,,,,,,,,,,,,,,,,,,,,,,,,,,,,,,,,,,,
finite_time,FINAL_THESIS_RUN_1752614/04_finite_time/candidates/s_0p9/k_sweep.csv,False,finite_time,0.6929166666666666,0.9,20.0,-1.0,raw_readout,True,False,,,27000.0,normalized_esn_coordinates,,20.0,controller_validation,chaotic_bursting,gbrt,9000.0,1140.0,0.2,rest_state_from_quiet_training_data,9000.0,27000.0,"zero_based_half_open_[start,end)",18000.0,0.0017312400823141243,0.0005145127452162109,0.0010356344309920477,0.0005172296516918679,0.00014769406036928016,0.0002972852579330534,1.0846512303763423,0.5791462543076985,2.0,0.0,7.0,100.0,5.314600154168905e-06,0.000956628027749533,0.009999999999990905,0.0008540102853104042,0.2520910546770465,0.0,0.0,0.0003019365084396624,0.11172044936679691,0.0005172296516918679,0.00014769406036928016,0.0002972852579330534,5.314600154168905e-06,control_effort_mean_sq,corrected_feedback_input_target_rmse,evaluation_time_to_tolerance,0.0005172827976934096,,,,,,,,,,,,,,,,,,,,,,,,,,,,,,,,,,,,,,,,,,,,,,,,
finite_time,FINAL_THESIS_RUN_1752614/04_finite_time/candidates/s_0p9/k_sweep.csv,False,finite_time,0.755,0.9,20.0,-1.0,raw_readout,True,False,,,27000.0,normalized_esn_coordinates,,20.0,controller_validation,chaotic_bursting,gbrt,9000.0,1140.0,0.2,rest_state_from_quiet_training_data,9000.0,27000.0,"zero_based_half_open_[start,end)",18000.0,0.0016900205504877753,0.0004975383383363692,0.0010014675801727447,0.00043447744292893806,0.0001317839295495947,0.0002652606299104182,1.0846512303763423,0.5791462543076985,2.0,0.0,7.0,100.0,5.848789064837034e-06,0.0010527820316697087,0.009999999999990905,0.0008541207798459068,0.2746776855531018,0.0,0.0,0.0003486896830728182,0.0891338184907414,0.00043447744292893806,0.0001317839295495947,0.0002652606299104182,5.848789064837034e-06,control_effort_mean_sq,corrected_feedback_input_target_rmse,evaluation_time_to_tolerance,0.00043453593081958645,,,,,,,,,,,,,,,,,,,,,,,,,,,,,,,,,,,,,,,,,,,,,,,,
finite_time,FINAL_THESIS_RUN_1752614/04_finite_time/candidates/s_0p9/k_sweep.csv,False,finite_time,0.8170833333333333,0.9,20.0,-1.0,raw_readout,True,False,,,27000.0,normalized_esn_coordinates,,20.0,controller_validation,chaotic_bursting,gbrt,9000.0,1140.0,0.2,rest_state_from_quiet_training_data,9000.0,27000.0,"zero_based_half_open_[start,end)",18000.0,0.0016567904714110805,0.00048400984129905894,0.0009742368119134962,0.0003675447891363215,0.00012228257667525278,0.0002461358788344487,1.0846512303763423,0.5791462543076985,2.0,0.0,7.0,100.0,6.418532098594233e-06,0.0011553357777459112,0.009999999999990905,0.0008541881718284819,0.29726431642915707,0.0,0.0,0.00038845045871885563,0.0665471876146863,0.0003675447891363215,0.00012228257667525278,0.0002461358788344487,6.418532098594233e-06,control_effort_mean_sq,corrected_feedback_input_target_rmse,evaluation_time_to_tolerance,0.00036760897445730744,,,,,,,,,,,,,,,,,,,,,,,,,,,,,,,,,,,,,,,,,,,,,,,,
finite_time,FINAL_THESIS_RUN_1752614/04_finite_time/candidates/s_0p9/k_sweep.csv,False,finite_time,0.8791666666666667,0.9,20.0,-1.0,raw_readout,True,False,,,27000.0,normalized_esn_coordinates,,20.0,controller_validation,chaotic_bursting,gbrt,9000.0,1140.0,0.2,rest_state_from_quiet_training_data,9000.0,27000.0,"zero_based_half_open_[start,end)",18000.0,0.0016303457484717113,0.0004733127888062225,0.0009527053027823564,0.0003194447898197734,0.00011868123522395639,0.0002388869365304945,1.0846512303763423,0.5791462543076985,2.0,0.0,7.0,100.0,7.031229737465187e-06,0.0012656213527425827,0.009999999999990905,0.0008542295786825402,0.31985094730521235,0.0,0.0,0.00042235194324988066,0.043960556738631175,0.0003194447898197734,0.00011868123522395639,0.0002388869365304945,7.031229737465187e-06,control_effort_mean_sq,corrected_feedback_input_target_rmse,evaluation_time_to_tolerance,0.00031951510211714805,,,,,,,,,,,,,,,,,,,,,,,,,,,,,,,,,,,,,,,,,,,,,,,,
finite_time,FINAL_THESIS_RUN_1752614/04_finite_time/candidates/s_0p9/k_sweep.csv,False,finite_time,0.9412499999999999,0.9,20.0,-1.0,raw_readout,True,False,,,27000.0,normalized_esn_coordinates,,20.0,controller_validation,chaotic_bursting,gbrt,9000.0,1140.0,0.2,rest_state_from_quiet_training_data,9000.0,27000.0,"zero_based_half_open_[start,end)",18000.0,0.0016965203424335862,0.0005166341815866095,0.0010399045536834118,0.0005671695217670551,0.00024865387994065706,0.0005005017307357342,1.0846512303763423,0.5791462543076985,2.0,0.0,7.0,100.0,1.0822305999331006e-05,0.0019480150798778094,0.009999999999990905,0.001843521424766253,0.34243757818126763,0.0,0.0,0.0008989481459507233,0.02137392586257564,0.0005671695217670551,0.00024865387994065706,0.0005005017307357342,1.0822305999331006e-05,control_effort_mean_sq,corrected_feedback_input_target_rmse,evaluation_time_to_tolerance,0.0005672777448270484,,,,,,,,,,,,,,,,,,,,,,,,,,,,,,,,,,,,,,,,,,,,,,,,
finite_time,FINAL_THESIS_RUN_1752614/04_finite_time/candidates/s_0p9/k_sweep.csv,False,finite_time,1.0033333333333332,0.9,20.0,-1.0,raw_readout,True,False,,,27000.0,normalized_esn_coordinates,,20.0,controller_validation,chaotic_bursting,gbrt,9000.0,1140.0,0.2,rest_state_from_quiet_training_data,9000.0,27000.0,"zero_based_half_open_[start,end)",18000.0,0.0019191309822742008,0.0006499942182378994,0.0013083376429675246,0.0010658197404310654,0.00047626848997506477,0.0009586546712414218,1.0846512303763423,0.5791462543076985,2.0,0.0,7.0,100.0,2.1558701261745646e-05,0.003880566227110687,0.009999999999990905,0.003671907278596627,0.36502420905732286,0.0,0.0,0.001809163986842033,0.01950822876952372,0.0010658197404310654,0.00047626848997506477,0.0009586546712414218,2.1558701261745646e-05,control_effort_mean_sq,corrected_feedback_input_target_rmse,evaluation_time_to_tolerance,0.0010660353274436827,,,,,,,,,,,,,,,,,,,,,,,,,,,,,,,,,,,,,,,,,,,,,,,,
finite_time,FINAL_THESIS_RUN_1752614/04_finite_time/candidates/s_0p9/k_sweep.csv,False,finite_time,1.0654166666666667,0.9,20.0,-1.0,raw_readout,True,False,,,27000.0,normalized_esn_coordinates,,20.0,controller_validation,chaotic_bursting,gbrt,9000.0,1140.0,0.2,rest_state_from_quiet_training_data,9000.0,27000.0,"zero_based_half_open_[start,end)",18000.0,0.002523948680497292,0.0009600539817227705,0.001932439902271608,0.0019450959445900186,0.0008637173911528968,0.0017385292730672343,1.0846512303763423,0.5791462543076985,2.0,0.0,7.0,100.0,5.4479329403462316e-05,0.009806279292614298,0.009999999999990905,0.00676278345612412,0.3876108399333782,0.0,0.0,0.0033463765636481783,0.023799335889535006,0.0019450959445900186,0.0008637173911528968,0.0017385292730672343,5.4479329403462316e-05,control_effort_mean_sq,corrected_feedback_input_target_rmse,evaluation_time_to_tolerance,0.0019456407378840531,,,,,,,,,,,,,,,,,,,,,,,,,,,,,,,,,,,,,,,,,,,,,,,,
finite_time,FINAL_THESIS_RUN_1752614/04_finite_time/candidates/s_0p9/k_sweep.csv,False,finite_time,1.1275,0.9,20.0,-1.0,raw_readout,True,False,,,27000.0,normalized_esn_coordinates,,20.0,controller_validation,chaotic_bursting,gbrt,9000.0,1140.0,0.2,rest_state_from_quiet_training_data,9000.0,27000.0,"zero_based_half_open_[start,end)",18000.0,0.003811619389315189,0.0015598197707982063,0.0031396755003647477,0.003428104098630929,0.0015188033328322637,0.003057115766346246,1.0846512303763423,0.5791462543076985,2.0,0.0,7.0,100.0,0.00015206220599805497,0.027371197079625,0.009999999999990905,0.011938963279115342,0.4101974708094334,0.0,0.0,0.005918074581480656,0.04638596676559013,0.003428104098630929,0.0015188033328322637,0.003057115766346246,0.00015206220599805497,control_effort_mean_sq,corrected_feedback_input_target_rmse,evaluation_time_to_tolerance,0.0034296247206909093,,,,,,,,,,,,,,,,,,,,,,,,,,,,,,,,,,,,,,,,,,,,,,,,
finite_time,FINAL_THESIS_RUN_1752614/04_finite_time/candidates/s_0p9/k_sweep.csv,False,finite_time,1.1895833333333332,0.9,20.0,-1.0,raw_readout,True,False,,,27000.0,normalized_esn_coordinates,,20.0,controller_validation,chaotic_bursting,gbrt,9000.0,1140.0,0.2,rest_state_from_quiet_training_data,9000.0,27000.0,"zero_based_half_open_[start,end)",18000.0,0.006140606097164868,0.0025924715683137696,0.0052182435566012104,0.005859066272556001,0.002593847988360974,0.005221014076876259,1.0846512303763423,0.5791462543076985,2.0,0.0,7.0,100.0,0.0004273397250976017,0.07692115051749834,0.009999999999990905,0.020417255333012002,0.4327841016854887,0.0,0.0,0.010128359836852029,0.06897259764164525,0.005859066272556001,0.002593847988360974,0.005221014076876259,0.0004273397250976017,control_effort_mean_sq,corrected_feedback_input_target_rmse,evaluation_time_to_tolerance,0.005863339669806977,,,,,,,,,,,,,,,,,,,,,,,,,,,,,,,,,,,,,,,,,,,,,,,,
finite_time,FINAL_THESIS_RUN_1752614/04_finite_time/candidates/s_0p9/k_sweep.csv,False,finite_time,1.2516666666666667,0.9,20.0,-1.0,raw_readout,True,False,,,27000.0,normalized_esn_coordinates,,20.0,controller_validation,chaotic_bursting,gbrt,9000.0,1140.0,0.2,rest_state_from_quiet_training_data,9000.0,27000.0,"zero_based_half_open_[start,end)",18000.0,0.01008223594451396,0.00410817620814083,0.008269122134078764,0.009808806272330165,0.004179107261606365,0.008411895353748136,1.0846512303763423,0.5791462543076985,2.0,0.0,7.0,100.0,0.001182938972981157,0.21292901513641457,0.009999999999990905,0.03423580726014918,0.4553707325615441,0.0,0.0,0.016974413023034263,0.09155922851770078,0.009808806272330165,0.004179107261606365,0.008411895353748136,0.001182938972981157,control_effort_mean_sq,corrected_feedback_input_target_rmse,evaluation_time_to_tolerance,0.009820635662059977,,,,,,,,,,,,,,,,,,,,,,,,,,,,,,,,,,,,,,,,,,,,,,,,
finite_time,FINAL_THESIS_RUN_1752614/04_finite_time/candidates/s_0p9/k_sweep.csv,False,finite_time,1.31375,0.9,20.0,-1.0,raw_readout,True,False,,,27000.0,normalized_esn_coordinates,,20.0,controller_validation,chaotic_bursting,gbrt,9000.0,1140.0,0.2,rest_state_from_quiet_training_data,9000.0,27000.0,"zero_based_half_open_[start,end)",18000.0,0.016236098336113447,0.006641736507545306,0.0133687864348245,0.01591187003809457,0.006780452925748647,0.013648001090187222,1.0846512303763423,0.5791462543076985,2.0,0.0,7.0,100.0,0.0030970173776606377,0.5574631279784078,0.009999999999990905,0.05554798625068008,0.4779573634375993,0.0,0.0,0.02754687293670727,0.1141458593937559,0.01591187003809457,0.006780452925748647,0.013648001090187222,0.0030970173776606377,control_effort_mean_sq,corrected_feedback_input_target_rmse,evaluation_time_to_tolerance,0.015942840211871177,,,,,,,,,,,,,,,,,,,,,,,,,,,,,,,,,,,,,,,,,,,,,,,,
finite_time,FINAL_THESIS_RUN_1752614/04_finite_time/candidates/s_0p9/k_sweep.csv,False,finite_time,1.3758333333333332,0.9,20.0,-1.0,raw_readout,True,False,,,27000.0,normalized_esn_coordinates,,20.0,controller_validation,chaotic_bursting,gbrt,9000.0,1140.0,0.2,rest_state_from_quiet_training_data,9000.0,27000.0,"zero_based_half_open_[start,end)",18000.0,0.025688755135274785,0.01052346755704213,0.021182109552836826,0.02524308525960465,0.01075747834541585,0.021653137009234585,1.0846512303763423,0.5791462543076985,2.0,0.0,7.0,100.0,0.007779140602376135,1.4002453084264306,0.009999999999990905,0.08812967005664887,0.5005439943136545,0.0,0.0,0.043709748113447106,0.13673249026981102,0.02524308525960465,0.01075747834541585,0.021653137009234585,0.007779140602376135,control_effort_mean_sq,corrected_feedback_input_target_rmse,evaluation_time_to_tolerance,0.02532087666562841,,,,,,,,,,,,,,,,,,,,,,,,,,,,,,,,,,,,,,,,,,,,,,,,
finite_time,FINAL_THESIS_RUN_1752614/04_finite_time/candidates/s_0p9/k_sweep.csv,False,finite_time,1.4379166666666665,0.9,20.0,-1.0,raw_readout,True,False,,,27000.0,normalized_esn_coordinates,,20.0,controller_validation,chaotic_bursting,gbrt,9000.0,1140.0,0.2,rest_state_from_quiet_training_data,9000.0,27000.0,"zero_based_half_open_[start,end)",18000.0,0.03989454571770483,0.01635142483423387,0.032912884494231354,0.039241850067642386,0.0167235652692304,0.03366194552572205,1.0846512303763423,0.5791462543076985,2.0,0.0,7.0,100.0,0.01878489500566349,3.381281101016353,0.009999999999990905,0.13700580452357183,0.5231306251897099,0.009999999999990905,0.009999999999990905,0.06795561029798754,0.15931912114586652,0.039241850067642386,0.0167235652692304,0.03366194552572205,0.01878489500566349,control_effort_mean_sq,corrected_feedback_input_target_rmse,evaluation_time_to_tolerance,0.03943969901769901,,,,,,,,,,,,,,,,,,,,,,,,,,,,,,,,,,,,,,,,,,,,,,,,
finite_time,FINAL_THESIS_RUN_1752614/04_finite_time/candidates/s_0p9/k_sweep.csv,False,finite_time,1.5,0.9,20.0,-1.0,raw_readout,True,False,,,27000.0,normalized_esn_coordinates,,20.0,controller_validation,chaotic_bursting,gbrt,9000.0,1140.0,0.2,rest_state_from_quiet_training_data,9000.0,27000.0,"zero_based_half_open_[start,end)",18000.0,0.06085178982564927,0.024945671511588597,0.05021177135420088,0.059879547606085014,0.02551866646582123,0.05136512140996804,1.0846512303763423,0.5791462543076985,2.0,0.0,7.0,100.0,0.043725089184881265,7.870516053271469,0.009999999999990905,0.20905737742410238,0.5457172560657653,0.009999999999990905,0.009999999999990905,0.10369781761778306,0.18190575202192164,0.059879547606085014,0.02551866646582123,0.05136512140996804,0.043725089184881265,control_effort_mean_sq,corrected_feedback_input_target_rmse,evaluation_time_to_tolerance,0.06032679849793381,,,,,,,,,,,,,,,,,,,,,,,,,,,,,,,,,,,,,,,,,,,,,,,,
finite_time,FINAL_THESIS_RUN_1752614/04_finite_time/candidates/s_0p9/k_sweep.csv,False,finite_time,0.6556666666666666,0.9,20.0,-1.0,raw_readout,True,False,,,27000.0,normalized_esn_coordinates,,20.0,controller_validation,chaotic_bursting,gbrt,9000.0,1140.0,0.2,rest_state_from_quiet_training_data,9000.0,27000.0,"zero_based_half_open_[start,end)",18000.0,0.0017605098375580775,0.0005267154011180724,0.0010601964864882737,0.0005740165633728849,0.0001605359501197202,0.0003231339921154706,1.0846512303763423,0.5791462543076985,2.0,0.0,7.0,100.0,5.008750370297484e-06,0.0009015750666527271,0.009999999999990905,0.0008539122126651184,0.23853907615141337,0.0,0.0,0.000269576701274909,0.12527242789243004,0.0005740165633728849,0.0001605359501197202,0.0003231339921154706,5.008750370297484e-06,control_effort_mean_sq,corrected_feedback_input_target_rmse,evaluation_time_to_tolerance,0.0005740666508765879,,,,,,,,,,,,,,,,,,,,,,,,,,,,,,,,,,,,,,,,,,,,,,,,
finite_time,FINAL_THESIS_RUN_1752614/04_finite_time/candidates/s_0p9/k_sweep.csv,False,finite_time,0.6791929824561403,0.9,20.0,-1.0,raw_readout,True,False,,,27000.0,normalized_esn_coordinates,,20.0,controller_validation,chaotic_bursting,gbrt,9000.0,1140.0,0.2,rest_state_from_quiet_training_data,9000.0,27000.0,"zero_based_half_open_[start,end)",18000.0,0.0017415924091234952,0.0005188141672169415,0.0010442925269626565,0.0005375277048734629,0.0001521267542928824,0.00030620758394346657,1.0846512303763423,0.5791462543076985,2.0,0.0,7.0,100.0,5.200721317369913e-06,0.0009361298371257328,0.009999999999990905,0.0008539772301417058,0.24709822048339222,0.0,0.0,0.00029043034272089745,0.1167132835604513,0.0005375277048734629,0.0001521267542928824,0.00030620758394346657,5.200721317369913e-06,control_effort_mean_sq,corrected_feedback_input_target_rmse,evaluation_time_to_tolerance,0.0005375797120866366,,,,,,,,,,,,,,,,,,,,,,,,,,,,,,,,,,,,,,,,,,,,,,,,
finite_time,FINAL_THESIS_RUN_1752614/04_finite_time/candidates/s_0p9/k_sweep.csv,False,finite_time,0.702719298245614,0.9,20.0,-1.0,raw_readout,True,False,,,27000.0,normalized_esn_coordinates,,20.0,controller_validation,chaotic_bursting,gbrt,9000.0,1140.0,0.2,rest_state_from_quiet_training_data,9000.0,27000.0,"zero_based_half_open_[start,end)",18000.0,0.001724136681306147,0.0005115703656186202,0.0010297118767916987,0.0005031728644974946,0.0001447357046638856,0.0002913305463032357,1.0846512303763423,0.5791462543076985,2.0,0.0,7.0,100.0,5.3968305751631125e-06,0.0009714295035284767,0.009999999999990905,0.0008540317088859075,0.25565736481537105,0.0,0.0,0.00030987702909996887,0.10815413922847242,0.0005031728644974946,0.0001447357046638856,0.0002913305463032357,5.3968305751631125e-06,control_effort_mean_sq,corrected_feedback_input_target_rmse,evaluation_time_to_tolerance,0.0005032268328032462,,,,,,,,,,,,,,,,,,,,,,,,,,,,,,,,,,,,,,,,,,,,,,,,
finite_time,FINAL_THESIS_RUN_1752614/04_finite_time/candidates/s_0p9/k_sweep.csv,False,finite_time,0.7262456140350877,0.9,20.0,-1.0,raw_readout,True,False,,,27000.0,normalized_esn_coordinates,,20.0,controller_validation,chaotic_bursting,gbrt,9000.0,1140.0,0.2,rest_state_from_quiet_training_data,9000.0,27000.0,"zero_based_half_open_[start,end)",18000.0,0.0017080269381448646,0.0005049243330023241,0.0010163344429556524,0.0004709411082947767,0.00013832672918897553,0.0002784302717601604,1.0846512303763423,0.5791462543076985,2.0,0.0,7.0,100.0,5.597333095901921e-06,0.0010075199572614293,0.009999999999990905,0.0008540764503261829,0.2642165091473499,0.0,0.0,0.00032804727469812594,0.09959499489649369,0.0004709411082947767,0.00013832672918897553,0.0002784302717601604,5.597333095901921e-06,control_effort_mean_sq,corrected_feedback_input_target_rmse,evaluation_time_to_tolerance,0.0004709970816257357,,,,,,,,,,,,,,,,,,,,,,,,,,,,,,,,,,,,,,,,,,,,,,,,
finite_time,FINAL_THESIS_RUN_1752614/04_finite_time/candidates/s_0p9/k_sweep.csv,False,finite_time,0.7497719298245613,0.9,20.0,-1.0,raw_readout,True,False,,,27000.0,normalized_esn_coordinates,,20.0,controller_validation,chaotic_bursting,gbrt,9000.0,1140.0,0.2,rest_state_from_quiet_training_data,9000.0,27000.0,"zero_based_half_open_[start,end)",18000.0,0.0016931633100200276,0.0004988243779690264,0.0010040561786779977,0.00044086261783292375,0.00013286993561168652,0.00026744659183386047,1.0846512303763423,0.5791462543076985,2.0,0.0,7.0,100.0,5.802522773457882e-06,0.0010444540992214687,0.009999999999990905,0.0008541134292214395,0.2727756534793287,0.0,0.0,0.0003450548660100145,0.09103585056451478,0.00044086261783292375,0.00013286993561168652,0.00026744659183386047,5.802522773457882e-06,control_effort_mean_sq,corrected_feedback_input_target_rmse,evaluation_time_to_tolerance,0.0004409206430606583,,,,,,,,,,,,,,,,,,,,,,,,,,,,,,,,,,,,,,,,,,,,,,,,
finite_time,FINAL_THESIS_RUN_1752614/04_finite_time/candidates/s_0p9/k_sweep.csv,False,finite_time,0.773298245614035,0.9,20.0,-1.0,raw_readout,True,False,,,27000.0,normalized_esn_coordinates,,20.0,controller_validation,chaotic_bursting,gbrt,9000.0,1140.0,0.2,rest_state_from_quiet_training_data,9000.0,27000.0,"zero_based_half_open_[start,end)",18000.0,0.001679458992415678,0.0004932253050879253,0.0009927861125596832,0.0004130108392768063,0.0001283388914981378,0.0002583263021307104,1.0846512303763423,0.5791462543076985,2.0,0.0,7.0,100.0,6.0127231622317685e-06,0.001082290169200734,0.009999999999990905,0.0008541443145201853,0.2813347978113076,0.0,0.0,0.00036104072185653415,0.08247670623253606,0.0004130108392768063,0.0001283388914981378,0.0002583263021307104,6.0127231622317685e-06,control_effort_mean_sq,corrected_feedback_input_target_rmse,evaluation_time_to_tolerance,0.00041307096650842866,,,,,,,,,,,,,,,,,,,,,,,,,,,,,,,,,,,,,,,,,,,,,,,,
finite_time,FINAL_THESIS_RUN_1752614/04_finite_time/candidates/s_0p9/k_sweep.csv,False,finite_time,0.7968245614035088,0.9,20.0,-1.0,raw_readout,True,False,,,27000.0,normalized_esn_coordinates,,20.0,controller_validation,chaotic_bursting,gbrt,9000.0,1140.0,0.2,rest_state_from_quiet_training_data,9000.0,27000.0,"zero_based_half_open_[start,end)",18000.0,0.0016668379850567226,0.000488086938917856,0.0009824433776629367,0.00038750452901254655,0.00012470809392110574,0.00025101806920995584,1.0846512303763423,0.5791462543076985,2.0,0.0,7.0,100.0,6.2282828216875015e-06,0.0011210909079027306,0.009999999999990905,0.0008541697328593327,0.28989394214328645,0.0,0.0,0.00037614048919820485,0.07391756190055733,0.00038750452901254655,0.00012470809392110574,0.00025101806920995584,6.2282828216875015e-06,control_effort_mean_sq,corrected_feedback_input_target_rmse,evaluation_time_to_tolerance,0.00038756681184076345,,,,,,,,,,,,,,,,,,,,,,,,,,,,,,,,,,,,,,,,,,,,,,,,
finite_time,FINAL_THESIS_RUN_1752614/04_finite_time/candidates/s_0p9/k_sweep.csv,False,finite_time,0.8203508771929824,0.9,20.0,-1.0,raw_readout,True,False,,,27000.0,normalized_esn_coordinates,,20.0,controller_validation,chaotic_bursting,gbrt,9000.0,1140.0,0.2,rest_state_from_quiet_training_data,9000.0,27000.0,"zero_based_half_open_[start,end)",18000.0,0.0016552381937914881,0.000483380800127678,0.000972970649507121,0.0003645082111425277,0.00012195081603067631,0.00024546809606411694,1.0846512303763423,0.5791462543076985,2.0,0.0,7.0,100.0,6.44963670573868e-06,0.0011609346070319067,0.009999999999990905,0.0008541908251952394,0.29845308647526525,0.0,0.0,0.00039037591846109623,0.06535841756857802,0.0003645082111425277,0.00012195081603067631,0.00024546809606411694,6.44963670573868e-06,control_effort_mean_sq,corrected_feedback_input_target_rmse,evaluation_time_to_tolerance,0.0003645727075095851,,,,,,,,,,,,,,,,,,,,,,,,,,,,,,,,,,,,,,,,,,,,,,,,
finite_time,FINAL_THESIS_RUN_1752614/04_finite_time/candidates/s_0p9/k_sweep.csv,False,finite_time,0.8438771929824561,0.9,20.0,-1.0,raw_readout,True,False,,,27000.0,normalized_esn_coordinates,,20.0,controller_validation,chaotic_bursting,gbrt,9000.0,1140.0,0.2,rest_state_from_quiet_training_data,9000.0,27000.0,"zero_based_half_open_[start,end)",18000.0,0.0016446014067115805,0.0004790750933259168,0.0009643039288959791,0.0003442292291904832,0.00012003806874838645,0.00024161803217018283,1.0846512303763423,0.5791462543076985,2.0,0.0,7.0,100.0,6.6771965019822085e-06,0.0012018953703557044,0.009999999999990905,0.000854207630316339,0.3070122308072441,0.0,0.0,0.00040376074923870783,0.0567992732365993,0.0003442292291904832,0.00012003806874838645,0.00024161803217018283,6.6771965019822085e-06,control_effort_mean_sq,corrected_feedback_input_target_rmse,evaluation_time_to_tolerance,0.000344296001155503,,,,,,,,,,,,,,,,,,,,,,,,,,,,,,,,,,,,,,,,,,,,,,,,
finite_time,FINAL_THESIS_RUN_1752614/04_finite_time/candidates/s_0p9/k_sweep.csv,False,finite_time,0.8674035087719298,0.9,20.0,-1.0,raw_readout,True,False,,,27000.0,normalized_esn_coordinates,,20.0,controller_validation,chaotic_bursting,gbrt,9000.0,1140.0,0.2,rest_state_from_quiet_training_data,9000.0,27000.0,"zero_based_half_open_[start,end)",18000.0,0.0016348782397032418,0.00047514427715197047,0.0009563918050283215,0.000326911155240819,0.00011893764895106357,0.00023940305763116735,1.0846512303763423,0.5791462543076985,2.0,0.0,7.0,100.0,6.9114388019824854e-06,0.001244058984355716,0.009999999999990905,0.0008542220914939249,0.31557137513922295,0.0,0.0,0.00041634337627418136,0.04824012890462041,0.000326911155240819,0.00011893764895106357,0.00023940305763116735,6.9114388019824854e-06,control_effort_mean_sq,corrected_feedback_input_target_rmse,evaluation_time_to_tolerance,0.00032698026962883883,,,,,,,,,,,,,,,,,,,,,,,,,,,,,,,,,,,,,,,,,,,,,,,,
finite_time,FINAL_THESIS_RUN_1752614/04_finite_time/candidates/s_0p9/k_sweep.csv,False,finite_time,0.8909298245614035,0.9,20.0,-1.0,raw_readout,True,False,,,27000.0,normalized_esn_coordinates,,20.0,controller_validation,chaotic_bursting,gbrt,9000.0,1140.0,0.2,rest_state_from_quiet_training_data,9000.0,27000.0,"zero_based_half_open_[start,end)",18000.0,0.001626026153622157,0.0004715675992757165,0.0009491925066792406,0.0003128179006428065,0.00011861469348685774,0.00023875299832453535,1.0846512303763423,0.5791462543076985,2.0,0.0,7.0,100.0,7.152893321018347e-06,0.0012875207977821315,0.009999999999990905,0.0008542380035404595,0.3241305194712018,0.0,0.0,0.00042818173219744566,0.03968098457264168,0.0003128179006428065,0.00011861469348685774,0.00023875299832453535,7.152893321018347e-06,control_effort_mean_sq,corrected_feedback_input_target_rmse,evaluation_time_to_tolerance,0.0003128894295760167,,,,,,,,,,,,,,,,,,,,,,,,,,,,,,,,,,,,,,,,,,,,,,,,
finite_time,FINAL_THESIS_RUN_1752614/04_finite_time/candidates/s_0p9/k_sweep.csv,True,finite_time,0.9144561403508772,0.9,20.0,-1.0,raw_readout,True,False,,,27000.0,normalized_esn_coordinates,,20.0,controller_validation,chaotic_bursting,gbrt,9000.0,1140.0,0.2,rest_state_from_quiet_training_data,9000.0,27000.0,"zero_based_half_open_[start,end)",18000.0,0.0016180079866563689,0.000468328961444029,0.0009426736305596617,0.0003022069623112858,0.00011903326063411729,0.00023959550913386807,1.0846512303763423,0.5791462543076985,2.0,0.0,7.0,100.0,7.4021300376130226e-06,0.0013323834067691324,0.009999999999990905,0.0008542600521219968,0.33268966380318066,0.0,0.0,0.00043933313951353964,0.031121840240662786,0.0003022069623112858,0.00011903326063411729,0.00023959550913386807,7.4021300376130226e-06,control_effort_mean_sq,corrected_feedback_input_target_rmse,evaluation_time_to_tolerance,0.00030228098361166194,,,,,,,,,,,,,,,,,,,,,,,,,,,,,,,,,,,,,,,,,,,,,,,,
finite_time,FINAL_THESIS_RUN_1752614/04_finite_time/candidates/s_0p9/k_sweep.csv,False,finite_time,0.9379824561403509,0.9,20.0,-1.0,raw_readout,True,False,,,27000.0,normalized_esn_coordinates,,20.0,controller_validation,chaotic_bursting,gbrt,9000.0,1140.0,0.2,rest_state_from_quiet_training_data,9000.0,27000.0,"zero_based_half_open_[start,end)",18000.0,0.0016899770321965421,0.0005145841027146194,0.0010357780625793085,0.0005469199777356373,0.00024293670056342757,0.0004889939345416312,1.0846512303763423,0.5791462543076985,2.0,0.0,7.0,100.0,1.0496928289083893e-05,0.001889447092033382,0.009999999999990905,0.0017634061091890971,0.3412488081351595,0.0,0.0,0.0008590634468672476,0.022562695908684045,0.0005469199777356373,0.00024293670056342757,0.0004889939345416312,1.0496928289083893e-05,control_effort_mean_sq,corrected_feedback_input_target_rmse,evaluation_time_to_tolerance,0.0005470249470185282,,,,,,,,,,,,,,,,,,,,,,,,,,,,,,,,,,,,,,,,,,,,,,,,
finite_time,FINAL_THESIS_RUN_1752614/04_finite_time/candidates/s_0p9/k_sweep.csv,False,finite_time,0.9615087719298245,0.9,20.0,-1.0,raw_readout,True,False,,,27000.0,normalized_esn_coordinates,,20.0,controller_validation,chaotic_bursting,gbrt,9000.0,1140.0,0.2,rest_state_from_quiet_training_data,9000.0,27000.0,"zero_based_half_open_[start,end)",18000.0,0.0017444129952478788,0.0005431052747117477,0.0010931867623775223,0.0007004724320316618,0.00030505912284109406,0.000614036744550824,1.0846512303763423,0.5791462543076985,2.0,0.0,7.0,100.0,1.3171337546970274e-05,0.002370840758452493,0.009999999999990905,0.0023521470471516664,0.3498079524671383,0.0,0.0,0.0011522448317914512,0.01977790539939058,0.0007004724320316618,0.00030505912284109406,0.000614036744550824,1.3171337546970274e-05,control_effort_mean_sq,corrected_feedback_input_target_rmse,evaluation_time_to_tolerance,0.0007006041454071315,,,,,,,,,,,,,,,,,,,,,,,,,,,,,,,,,,,,,,,,,,,,,,,,
finite_time,FINAL_THESIS_RUN_1752614/04_finite_time/candidates/s_0p9/k_sweep.csv,False,finite_time,0.9850350877192983,0.9,20.0,-1.0,raw_readout,True,False,,,27000.0,normalized_esn_coordinates,,20.0,controller_validation,chaotic_bursting,gbrt,9000.0,1140.0,0.2,rest_state_from_quiet_training_data,9000.0,27000.0,"zero_based_half_open_[start,end)",18000.0,0.0018287829413729429,0.000588402162541826,0.0011843623787053564,0.0008914219167470473,0.00038578469654111175,0.0007765248157650614,1.0846512303763423,0.5791462543076985,2.0,0.0,7.0,100.0,1.718988003943901e-05,0.003094178407096208,0.009999999999990905,0.0030504435807985723,0.35836709679911716,0.0,0.0,0.001499242161785038,0.019847655717448804,0.0008914219167470473,0.00038578469654111175,0.0007765248157650614,1.718988003943901e-05,control_effort_mean_sq,corrected_feedback_input_target_rmse,evaluation_time_to_tolerance,0.0008915938155474416,,,,,,,,,,,,,,,,,,,,,,,,,,,,,,,,,,,,,,,,,,,,,,,,
finite_time,FINAL_THESIS_RUN_1752614/04_finite_time/candidates/s_0p9/k_sweep.csv,False,finite_time,1.008561403508772,0.9,20.0,-1.0,raw_readout,True,False,,,27000.0,normalized_esn_coordinates,,20.0,controller_validation,chaotic_bursting,gbrt,9000.0,1140.0,0.2,rest_state_from_quiet_training_data,9000.0,27000.0,"zero_based_half_open_[start,end)",18000.0,0.0019515038748154365,0.0006677271050935827,0.0013440311964496928,0.0011227712288472093,0.0005013421358228671,0.0010091240351044546,1.0846512303763423,0.5791462543076985,2.0,0.0,7.0,100.0,2.313912831726321e-05,0.00416504309710359,0.009999999999990905,0.003873976930211352,0.366926241131096,0.0,0.0,0.0019097506389538716,0.019345237486744243,0.0011227712288472093,0.0005013421358228671,0.0010091240351044546,2.313912831726321e-05,control_effort_mean_sq,corrected_feedback_input_target_rmse,evaluation_time_to_tolerance,0.0011230026201303818,,,,,,,,,,,,,,,,,,,,,,,,,,,,,,,,,,,,,,,,,,,,,,,,
finite_time,FINAL_THESIS_RUN_1752614/04_finite_time/candidates/s_0p9/k_sweep.csv,False,finite_time,1.0320877192982456,0.9,20.0,-1.0,raw_readout,True,False,,,27000.0,normalized_esn_coordinates,,20.0,controller_validation,chaotic_bursting,gbrt,9000.0,1140.0,0.2,rest_state_from_quiet_training_data,9000.0,27000.0,"zero_based_half_open_[start,end)",18000.0,0.002134657863586569,0.000764971813323956,0.0015397697257893879,0.001414647508722089,0.0006299119652845047,0.001267915179571234,1.0846512303763423,0.5791462543076985,2.0,0.0,7.0,100.0,3.2427340482877034e-05,0.005836921286912558,0.009999999999990905,0.004903882882007917,0.37548538546307486,0.0,0.0,0.002422168623759674,0.018230781775965245,0.001414647508722089,0.0006299119652845047,0.001267915179571234,3.2427340482877034e-05,control_effort_mean_sq,corrected_feedback_input_target_rmse,evaluation_time_to_tolerance,0.0014149717821269178,,,,,,,,,,,,,,,,,,,,,,,,,,,,,,,,,,,,,,,,,,,,,,,,
finite_time,FINAL_THESIS_RUN_1752614/04_finite_time/candidates/s_0p9/k_sweep.csv,False,finite_time,1.0556140350877192,0.9,20.0,-1.0,raw_readout,True,False,,,27000.0,normalized_esn_coordinates,,20.0,controller_validation,chaotic_bursting,gbrt,9000.0,1140.0,0.2,rest_state_from_quiet_training_data,9000.0,27000.0,"zero_based_half_open_[start,end)",18000.0,0.0023913289043884078,0.0008948849206229473,0.0018012646803982609,0.0017731314037103694,0.000787878316218262,0.0015858769666916388,1.0846512303763423,0.5791462543076985,2.0,0.0,7.0,100.0,4.65940386522697e-05,0.008386926957400918,0.009999999999990905,0.006161221508020514,0.3840445297950537,0.0,0.0,0.0030473537857400317,0.020233025751209926,0.0017731314037103694,0.000787878316218262,0.0015858769666916388,4.65940386522697e-05,control_effort_mean_sq,corrected_feedback_input_target_rmse,evaluation_time_to_tolerance,0.001773597344096892,,,,,,,,,,,,,,,,,,,,,,,,,,,,,,,,,,,,,,,,,,,,,,,,
finite_time,FINAL_THESIS_RUN_1752614/04_finite_time/candidates/s_0p9/k_sweep.csv,False,finite_time,1.0791403508771928,0.9,20.0,-1.0,raw_readout,True,False,,,27000.0,normalized_esn_coordinates,,20.0,controller_validation,chaotic_bursting,gbrt,9000.0,1140.0,0.2,rest_state_from_quiet_training_data,9000.0,27000.0,"zero_based_half_open_[start,end)",18000.0,0.0027383872781015835,0.0010634234000392042,0.0021405065239743074,0.002210991082241359,0.00098104748831098,0.001974696578033589,1.0846512303763423,0.5791462543076985,2.0,0.0,7.0,100.0,6.806957516364887e-05,0.012252523529445655,0.009999999999990905,0.007691944041794412,0.3926036741270325,0.0,0.0,0.0038081554947715303,0.028792170083188816,0.002210991082241359,0.00098104748831098,0.001974696578033589,6.806957516364887e-05,control_effort_mean_sq,corrected_feedback_input_target_rmse,evaluation_time_to_tolerance,0.0022116717779929952,,,,,,,,,,,,,,,,,,,,,,,,,,,,,,,,,,,,,,,,,,,,,,,,
finite_time,FINAL_THESIS_RUN_1752614/04_finite_time/candidates/s_0p9/k_sweep.csv,False,finite_time,1.1026666666666667,0.9,20.0,-1.0,raw_readout,True,False,,,27000.0,normalized_esn_coordinates,,20.0,controller_validation,chaotic_bursting,gbrt,9000.0,1140.0,0.2,rest_state_from_quiet_training_data,9000.0,27000.0,"zero_based_half_open_[start,end)",18000.0,0.003193504054036271,0.0012771632692280136,0.0025707317610860684,0.002743552810075751,0.0012162423493612187,0.002448107389253943,1.0846512303763423,0.5791462543076985,2.0,0.0,7.0,100.0,0.00010041386698830046,0.018074496057877643,0.009999999999990905,0.009551073519979377,0.4011628184590114,0.0,0.0,0.004731897149018328,0.037351314415167945,0.002743552810075751,0.0012162423493612187,0.002448107389253943,0.00010041386698830046,control_effort_mean_sq,corrected_feedback_input_target_rmse,evaluation_time_to_tolerance,0.002744556948745634,,,,,,,,,,,,,,,,,,,,,,,,,,,,,,,,,,,,,,,,,,,,,,,,
pyragas,FINAL_THESIS_RUN_1752614/05_pyragas/candidates/delay_1600_sign_minus1/k_sweep.csv,False,pyragas,0.02,0.8,1600.0,-1.0,raw_readout,True,False,,,27000.0,normalized_esn_coordinates,,20.0,controller_validation,chaotic_bursting,gbrt,9000.0,1140.0,0.2,rest_state_from_quiet_training_data,9000.0,27000.0,"zero_based_half_open_[start,end)",18000.0,1.0817984728670669,0.7162622861027114,1.441724995164752,1.0814526835307956,0.7161857166422791,1.4415708727055447,1.0846512303763423,0.5791462543076985,2.0,11.0,7.0,-57.142857142857146,5.512392419848935e-06,0.0009922306355719058,0.009999999999990905,0.0011602440376988457,0.025348698807788863,nan,nan,1.4134722427905877,4.194852246484237,1.0814526835307956,0.7161857166422791,1.4415708727055447,5.512392419848935e-06,control_effort_mean_sq,corrected_feedback_input_target_rmse,evaluation_time_to_tolerance,0.7348953035804479,0.06270788599702241,0.01625854083077308,0.07319823677917035,0.027298534707290413,2.778833581389555,2.9622735499736264,0.9380746019942335,0.595582913336042,0.5440186871140104,1.0947839246029893,0.00028239664763068223,1599.7142857142858,0.45175395145262565,15.997142857128308,15.999999999985448,0.00017857142857138797,8.0,5.0,spiking,8.0,"[2, 2, 2, 2]",1.0,1599.7142857142858,0.45175395145262565,0.00028239664763068223,1600.0,15.999999999985448,0.07319823677917035,0.9973061005741413,0.09046655412608458,0.002493689980073844,1.2336690535727364,0.0029108573301922054,13500.0,27000.0,1185.0,4500.0,1.0,"[2, 2, 2, 2]",0.009607776675351445,0.008190948373672298,0.024004377355224205,0.9984437327811688,0.09046655412608458,True,,"delay_mismatch, fixed-delay recurrence, feedback decay, and noninvasiveness are reported but are not hard pass criteria",
pyragas,FINAL_THESIS_RUN_1752614/05_pyragas/candidates/delay_1600_sign_minus1/k_sweep.csv,False,pyragas,0.085,0.8,1600.0,-1.0,raw_readout,True,False,,,27000.0,normalized_esn_coordinates,,20.0,controller_validation,chaotic_bursting,gbrt,9000.0,1140.0,0.2,rest_state_from_quiet_training_data,9000.0,27000.0,"zero_based_half_open_[start,end)",18000.0,1.0358548350418826,0.708005687068074,1.4251057406901657,1.0358765711482025,0.7080043310539598,1.4251030112438716,1.0846512303763423,0.5791462543076985,2.0,11.0,7.0,-57.142857142857146,1.9685910918813224e-05,0.0035434639653831577,0.009999999999990905,0.0009531072839347199,0.10773196993310255,nan,nan,1.276957079444289,4.159755034971431,1.0358765711482025,0.7080043310539598,1.4251030112438716,1.9685910918813224e-05,control_effort_mean_sq,corrected_feedback_input_target_rmse,evaluation_time_to_tolerance,0.2913803113361795,0.025768736831469557,0.004867066087654309,0.028860200734130256,0.008003554870615713,2.7710609730275415,2.9622735499736264,0.9354507361591278,0.6081130405594241,0.5440186871140104,1.1178164555071275,0.0,1600.0,0.0,15.999999999985448,15.999999999985448,0.0,8.0,5.0,spiking,8.0,"[2, 2, 2, 2]",1.0,1600.0,0.0,0.0,1600.0,15.999999999985448,0.028860200734130256,0.9995899673050938,0.026139980926503253,0.0033720829427296623,0.8440739900765889,0.003776630234372444,13500.0,27000.0,1185.0,4500.0,1.0,"[2, 2, 2, 2]",9.96334546095231e-16,0.005560387097391182,0.0025989818689275152,0.996281498796967,0.026139980926503253,True,,"delay_mismatch, fixed-delay recurrence, feedback decay, and noninvasiveness are reported but are not hard pass criteria",
pyragas,FINAL_THESIS_RUN_1752614/05_pyragas/candidates/delay_1600_sign_minus1/k_sweep.csv,False,pyragas,0.15,0.8,1600.0,-1.0,raw_readout,True,False,,,27000.0,normalized_esn_coordinates,,20.0,controller_validation,chaotic_bursting,gbrt,9000.0,1140.0,0.2,rest_state_from_quiet_training_data,9000.0,27000.0,"zero_based_half_open_[start,end)",18000.0,1.037952285210116,0.7080555627794309,1.4252061327687522,1.0379969455354028,0.7080545794317719,1.4252041534422868,1.0846512303763423,0.5791462543076985,2.0,11.0,7.0,-57.142857142857146,3.696851958992348e-05,0.006654333526180173,0.009999999999990905,0.0009387284950311739,0.1901152410584163,nan,nan,1.2889307538617818,4.159755034971433,1.0379969455354028,0.7080545794317719,1.4252041534422868,3.696851958992348e-05,control_effort_mean_sq,corrected_feedback_input_target_rmse,evaluation_time_to_tolerance,0.22739361584849152,0.020166886103139593,0.004100441524598205,0.022249061501192786,0.006718352120988447,2.803549969572276,2.9622735499736264,0.9464183243972308,0.6103344169455235,0.5440186871140104,1.1218997277158151,0.0,1600.0,0.0,15.999999999985448,15.999999999985448,0.0,8.0,5.0,spiking,8.0,"[2, 2, 2, 2]",1.0,1600.0,0.0,0.0,1600.0,15.999999999985448,0.022249061501192786,0.9997541476386859,0.020316128573602942,0.004706779008486826,0.8618654596566732,0.005192740966392601,13500.0,27000.0,1185.0,4500.0,1.0,"[2, 2, 2, 2]",8.83156182804873e-16,0.0051685415081493425,0.0010952792531884344,0.9976092647005832,0.020316128573602942,True,,"delay_mismatch, fixed-delay recurrence, feedback decay, and noninvasiveness are reported but are not hard pass criteria",
pyragas,FINAL_THESIS_RUN_1752614/05_pyragas/candidates/delay_1600_sign_minus1/k_sweep.csv,False,pyragas,0.215,0.8,1600.0,-1.0,raw_readout,True,False,,,27000.0,normalized_esn_coordinates,,20.0,controller_validation,chaotic_bursting,gbrt,9000.0,1140.0,0.2,rest_state_from_quiet_training_data,9000.0,27000.0,"zero_based_half_open_[start,end)",18000.0,1.0391146923038963,0.7080940375564632,1.4252835765331482,1.039165445653138,0.7080921061006271,1.4252796888118344,1.0846512303763423,0.5791462543076985,2.0,11.0,7.0,-57.142857142857146,5.660206020116051e-05,0.010188370836199624,0.009999999999990905,0.0009832397892993719,0.27249851218373006,nan,nan,1.2948403211724648,4.159755034971432,1.039165445653138,0.7080921061006271,1.4252796888118344,5.660206020116051e-05,control_effort_mean_sq,corrected_feedback_input_target_rmse,evaluation_time_to_tolerance,0.1998575966425577,0.01758507698651492,0.003907936238040673,0.019282978141771035,0.006394785772950271,2.8204596858397855,2.9622735499736264,0.9521266818403373,0.6111129249350482,0.5440186871140104,1.1233307594210948,0.0,1600.0,0.0,15.999999999985448,15.999999999985448,0.0,8.0,5.0,spiking,8.0,"[2, 2, 2, 2]",1.0,1600.0,0.0,0.0,1600.0,15.999999999985448,0.019282978141771035,0.999814581975371,0.0179883864882729,0.00601938626405256,0.8979501945553546,0.006600579220984455,13500.0,27000.0,1185.0,4500.0,1.0,"[2, 2, 2, 2]",6.87536155843314e-16,0.002295057559136034,0.0006631411973006167,0.9981399122479468,0.0179883864882729,True,,"delay_mismatch, fixed-delay recurrence, feedback decay, and noninvasiveness are reported but are not hard pass criteria",
pyragas,FINAL_THESIS_RUN_1752614/05_pyragas/candidates/delay_1600_sign_minus1/k_sweep.csv,False,pyragas,0.28,0.8,1600.0,-1.0,raw_readout,True,False,,,27000.0,normalized_esn_coordinates,,20.0,controller_validation,chaotic_bursting,gbrt,9000.0,1140.0,0.2,rest_state_from_quiet_training_data,9000.0,27000.0,"zero_based_half_open_[start,end)",18000.0,1.0398041162538316,0.7081151463337798,1.425326065231025,1.0398570175506698,0.7081120112811786,1.4253197548559235,1.0846512303763423,0.5791462543076985,2.0,11.0,7.0,-57.142857142857146,7.801843880243888e-05,0.014043318984426227,0.009999999999990905,0.0010670262045919536,0.3548817833090438,nan,nan,1.2981908730053322,4.1597550349714325,1.0398570175506698,0.7081120112811786,1.4253197548559235,7.801843880243888e-05,control_effort_mean_sq,corrected_feedback_input_target_rmse,evaluation_time_to_tolerance,0.1835884840499804,0.01595974538150761,0.0038052574138592176,0.017443576529494985,0.0062230021779595,2.8374646910807684,2.9622735499736264,0.9578672067966278,0.6114825778683799,0.5440186871140104,1.1240102451484926,0.0,1600.0,0.0,15.999999999985448,15.999999999985448,0.0,8.0,5.0,spiking,8.0,"[2, 2, 2, 2]",1.0,1600.0,0.0,0.0,1600.0,15.999999999985448,0.017443576529494985,0.9998479498253278,0.016626373223746847,0.007280744991327196,0.9338348155475611,0.007957660314249713,13500.0,27000.0,1185.0,4500.0,1.0,"[2, 2, 2, 2]",2.5105270777051383e-16,0.0010384894065685285,0.00046127436706050115,0.9984166184200476,0.016626373223746847,True,,"delay_mismatch, fixed-delay recurrence, feedback decay, and noninvasiveness are reported but are not hard pass criteria",
pyragas,FINAL_THESIS_RUN_1752614/05_pyragas/candidates/delay_1600_sign_minus1/k_sweep.csv,False,pyragas,0.34500000000000003,0.8,1600.0,-1.0,raw_readout,True,False,,,27000.0,normalized_esn_coordinates,,20.0,controller_validation,chaotic_bursting,gbrt,9000.0,1140.0,0.2,rest_state_from_quiet_training_data,9000.0,27000.0,"zero_based_half_open_[start,end)",18000.0,1.0402528371797368,0.7081263823872277,1.425348681665559,1.040306800438418,0.7081220972740238,1.4253400563966692,1.0846512303763423,0.5791462543076985,2.0,11.0,7.0,-57.142857142857146,0.00010064739070443345,0.018116530326781545,0.009999999999990905,0.0011416002727752768,0.4372650544343575,nan,nan,1.300335881854117,4.159755034971432,1.040306800438418,0.7081220972740238,1.4253400563966692,0.00010064739070443345,control_effort_mean_sq,corrected_feedback_input_target_rmse,evaluation_time_to_tolerance,0.1721888501917295,0.014752291427462124,0.003704707497848085,0.01609111672778507,0.0060565338488854665,2.8557668412382444,2.9622735499736264,0.964045620048719,0.6116877392718331,0.5440186871140104,1.124387367126676,0.0,1600.0,0.0,15.999999999985448,15.999999999985448,0.0,8.0,5.0,spiking,8.0,"[2, 2, 2, 2]",1.0,1600.0,0.0,0.0,1600.0,15.999999999985448,0.01609111672778507,0.9998704564113561,0.015595514123594369,0.008445042714013432,0.9615686517112375,0.00921146174141833,13500.0,27000.0,1185.0,4500.0,1.0,"[2, 2, 2, 2]",6.582657531669758e-16,0.0028389572864857835,0.00034101370973845955,0.9985800005921749,0.015595514123594369,True,,"delay_mismatch, fixed-delay recurrence, feedback decay, and noninvasiveness are reported but are not hard pass criteria",
pyragas,FINAL_THESIS_RUN_1752614/05_pyragas/candidates/delay_1600_sign_minus1/k_sweep.csv,False,pyragas,0.41000000000000003,0.8,1600.0,-1.0,raw_readout,True,False,,,27000.0,normalized_esn_coordinates,,20.0,controller_validation,chaotic_bursting,gbrt,9000.0,1140.0,0.2,rest_state_from_quiet_training_data,9000.0,27000.0,"zero_based_half_open_[start,end)",18000.0,1.0405650392184396,0.7081321211766638,1.425360232959453,1.0406198937492053,0.708126838972453,1.4253496007008684,1.0846512303763423,0.5791462543076985,2.0,11.0,7.0,-57.142857142857146,0.00012417413171974734,0.02235134370953419,0.009999999999990905,0.0011986176641097966,0.5196483255596712,nan,nan,1.3018277954906572,4.159755034971432,1.0406198937492053,0.708126838972453,1.4253496007008684,0.00012417413171974734,control_effort_mean_sq,corrected_feedback_input_target_rmse,evaluation_time_to_tolerance,0.16351001050235056,0.013780821558305496,0.003596944498398791,0.015010731854016785,0.005879153409606945,2.872296831964399,2.9622735499736264,0.9696257902954207,0.6118133424654532,0.5440186871140104,1.1246182474192012,0.0,1600.0,0.0,15.999999999985448,15.999999999985448,0.0,8.0,5.0,spiking,8.0,"[2, 2, 2, 2]",1.0,1600.0,0.0,0.0,1600.0,15.999999999985448,0.015010731854016785,0.9998871817716419,0.014707226429944048,0.009491309423146523,0.9788884861733091,0.01033838948509494,13500.0,27000.0,1185.0,4500.0,1.0,"[2, 2, 2, 2]",5.683447397085664e-16,0.004566879021705914,0.0002653721625752517,0.9986840694202821,0.014707226429944048,True,,"delay_mismatch, fixed-delay recurrence, feedback decay, and noninvasiveness are reported but are not hard pass criteria",
pyragas,FINAL_THESIS_RUN_1752614/05_pyragas/candidates/delay_1600_sign_minus1/k_sweep.csv,False,pyragas,0.47500000000000003,0.8,1600.0,-1.0,raw_readout,True,False,,,27000.0,normalized_esn_coordinates,,20.0,controller_validation,chaotic_bursting,gbrt,9000.0,1140.0,0.2,rest_state_from_quiet_training_data,9000.0,27000.0,"zero_based_half_open_[start,end)",18000.0,1.0407932403356597,0.7081347478117533,1.4253655199688842,1.0408491178870805,0.708128639563067,1.425353225010768,1.0846512303763423,0.5791462543076985,2.0,11.0,7.0,-57.142857142857146,0.00014860658530522518,0.026749185354916202,0.009999999999990905,0.0012396146402566385,0.602031596684985,nan,nan,1.3029281115996838,4.159755034971432,1.0408491178870805,0.708128639563067,1.425353225010768,0.00014860658530522518,control_effort_mean_sq,corrected_feedback_input_target_rmse,evaluation_time_to_tolerance,0.156715215897023,0.012974856797942356,0.003488917651865013,0.01411874696009079,0.005701817582016397,2.884273684419953,2.9622735499736264,0.9736689187416984,0.6118956984644865,0.5440186871140104,1.1247696319230505,0.0,1600.0,0.0,15.999999999985448,15.999999999985448,0.0,8.0,5.0,spiking,8.0,"[2, 2, 2, 2]",1.0,1600.0,0.0,0.0,1600.0,15.999999999985448,0.01411874696009079,0.9999001398743813,0.013910629142348216,0.010423357858843104,0.9863171145658594,0.01134230260690183,13500.0,27000.0,1185.0,4500.0,1.0,"[2, 2, 2, 2]",3.4376807792165736e-16,0.0059555726556201555,0.00021501958034157433,0.9987539309359965,0.013910629142348216,True,,"delay_mismatch, fixed-delay recurrence, feedback decay, and noninvasiveness are reported but are not hard pass criteria",
pyragas,FINAL_THESIS_RUN_1752614/05_pyragas/candidates/delay_1600_sign_minus1/k_sweep.csv,False,pyragas,0.54,0.8,1600.0,-1.0,raw_readout,True,False,,,27000.0,normalized_esn_coordinates,,20.0,controller_validation,chaotic_bursting,gbrt,9000.0,1140.0,0.2,rest_state_from_quiet_training_data,9000.0,27000.0,"zero_based_half_open_[start,end)",18000.0,1.0409666004896088,0.7081356018434541,1.4253672390023635,1.0410237113057557,0.7081288248907838,1.4253535980467449,1.0846512303763423,0.5791462543076985,2.0,11.0,7.0,-57.142857142857146,0.00017424787567097045,0.03136461762074615,0.009999999999990905,0.0012678869059321533,0.6844148678102987,nan,nan,1.3037759513474485,4.1597550349714325,1.0410237113057557,0.7081288248907838,1.4253535980467449,0.00017424787567097045,control_effort_mean_sq,corrected_feedback_input_target_rmse,evaluation_time_to_tolerance,0.1514248625235268,0.01230264846249116,0.0033892237502216307,0.013377200145164025,0.005538376655178552,2.893015372922676,2.9622735499736264,0.9766199252423643,0.6119525559989861,0.5440186871140104,1.124874145859513,0.0,1600.0,0.0,15.999999999985448,15.999999999985448,0.0,8.0,5.0,spiking,8.0,"[2, 2, 2, 2]",1.0,1600.0,0.0,0.0,1600.0,15.999999999985448,0.013377200145164025,0.9999103208374178,0.013195124338541185,0.01125839432179014,0.9851428905597177,0.012241737591294937,13500.0,27000.0,1185.0,4500.0,1.0,"[2, 2, 2, 2]",2.510527077705138e-16,0.007034360122438826,0.0001795343950108623,0.9988027184152772,0.013195124338541185,True,,"delay_mismatch, fixed-delay recurrence, feedback decay, and noninvasiveness are reported but are not hard pass criteria",
pyragas,FINAL_THESIS_RUN_1752614/05_pyragas/candidates/delay_1600_sign_minus1/k_sweep.csv,False,pyragas,0.605,0.8,1600.0,-1.0,raw_readout,True,False,,,27000.0,normalized_esn_coordinates,,20.0,controller_validation,chaotic_bursting,gbrt,9000.0,1140.0,0.2,rest_state_from_quiet_training_data,9000.0,27000.0,"zero_based_half_open_[start,end)",18000.0,1.0411025223590669,0.7081354636336227,1.4253669608073887,1.0411610773316233,0.7081281513066445,1.4253522422262463,1.0846512303763423,0.5791462543076985,2.0,11.0,7.0,-57.142857142857146,0.0002016835741198413,0.036303043341538416,0.009999999999990905,0.0012865231083320843,0.7667981389356124,nan,nan,1.3044527232784726,4.1597550349714325,1.0411610773316233,0.7081281513066445,1.4253522422262463,0.0002016835741198413,control_effort_mean_sq,corrected_feedback_input_target_rmse,evaluation_time_to_tolerance,0.14744606675184882,0.011748187008363073,0.003305410299266392,0.012766800118378671,0.005401054985181513,2.8982942431730234,2.9622735499736264,0.9784019585898228,0.6119934546741718,0.5440186871140104,1.1249493246652313,0.0,1600.0,0.0,15.999999999985448,15.999999999985448,0.0,8.0,5.0,spiking,8.0,"[2, 2, 2, 2]",1.0,1600.0,0.0,0.0,1600.0,15.999999999985448,0.012766800118378671,0.9999182951064752,0.012559750549672831,0.012018706080511952,0.9764237650375229,0.013060774237098052,13500.0,27000.0,1185.0,4500.0,1.0,"[2, 2, 2, 2]",1.7752107209977497e-16,0.007841163832869298,0.00015351827260954716,0.9988378863864297,0.012559750549672831,True,,"delay_mismatch, fixed-delay recurrence, feedback decay, and noninvasiveness are reported but are not hard pass criteria",
pyragas,FINAL_THESIS_RUN_1752614/05_pyragas/candidates/delay_1600_sign_minus1/k_sweep.csv,False,pyragas,0.67,0.8,1600.0,-1.0,raw_readout,True,False,,,27000.0,normalized_esn_coordinates,,20.0,controller_validation,chaotic_bursting,gbrt,9000.0,1140.0,0.2,rest_state_from_quiet_training_data,9000.0,27000.0,"zero_based_half_open_[start,end)",18000.0,1.0412119886357118,0.7081348044280144,1.4253656339286447,1.0412721808602547,0.7081270649023329,1.4253500554627083,1.0846512303763423,0.5791462543076985,2.0,11.0,7.0,-57.142857142857146,0.00023184273986740154,0.04173169317609433,0.009999999999990905,0.0012981826909857592,0.8491814100609262,nan,nan,1.3050083536095496,4.1597550349714325,1.0412721808602547,0.7081270649023329,1.4253500554627083,0.00023184273986740154,control_effort_mean_sq,corrected_feedback_input_target_rmse,evaluation_time_to_tolerance,0.14469508683835655,0.011304797406424476,0.0032447272638696082,0.012279168060075393,0.005301634871590016,2.903051841263194,2.9622735499736264,0.9800080216390009,0.6120239025243321,0.5440186871140104,1.1250052930554386,0.0,1600.0,0.0,15.999999999985448,15.999999999985448,0.0,8.0,5.0,spiking,8.0,"[2, 2, 2, 2]",1.0,1600.0,0.0,0.0,1600.0,15.999999999985448,0.012279168060075393,0.9999244001920403,0.012005146840764645,0.012728013538133012,0.9605304618634046,0.013825052469921429,13500.0,27000.0,1185.0,4500.0,1.0,"[2, 2, 2, 2]",3.0747551629090805e-16,0.008601054307937065,0.00013371971937486553,0.9988639262853262,0.012005146840764645,True,,"delay_mismatch, fixed-delay recurrence, feedback decay, and noninvasiveness are reported but are not hard pass criteria",
pyragas,FINAL_THESIS_RUN_1752614/05_pyragas/candidates/delay_1600_sign_minus1/k_sweep.csv,False,pyragas,0.7350000000000001,0.8,1600.0,-1.0,raw_readout,True,False,,,27000.0,normalized_esn_coordinates,,20.0,controller_validation,chaotic_bursting,gbrt,9000.0,1140.0,0.2,rest_state_from_quiet_training_data,9000.0,27000.0,"zero_based_half_open_[start,end)",18000.0,1.0413022629412174,0.7081339228057544,1.4253638593596452,1.0413642749362098,0.7081258414182886,1.4253475927789092,1.0846512303763423,0.5791462543076985,2.0,11.0,7.0,-57.142857142857146,0.000266194064900352,0.04791493168201978,0.009999999999990905,0.0013046179262997729,0.9315646811862399,nan,nan,1.3054760457954608,4.1597550349714325,1.0413642749362098,0.7081258414182886,1.4253475927789092,0.000266194064900352,control_effort_mean_sq,corrected_feedback_input_target_rmse,evaluation_time_to_tolerance,0.14320087826781563,0.01097580017892093,0.0032165133834760615,0.011917192175270822,0.00525533491156494,2.905557209689743,2.9622735499736264,0.9808537802714444,0.6120472696036501,0.5440186871140104,1.1250482457698792,0.0,1600.0,0.0,15.999999999985448,15.999999999985448,0.0,8.0,5.0,spiking,8.0,"[2, 2, 2, 2]",1.0,1600.0,0.0,0.0,1600.0,15.999999999985448,0.011917192175270822,0.9999287778857795,0.011532975951936397,0.013411303528736805,0.9368572252325458,0.014561588118175563,13500.0,27000.0,1185.0,4500.0,1.0,"[2, 2, 2, 2]",1.5373775814545402e-16,0.00909638571577068,0.00011833655561454661,0.9988836714923106,0.011532975951936397,True,,"delay_mismatch, fixed-delay recurrence, feedback decay, and noninvasiveness are reported but are not hard pass criteria",
pyragas,FINAL_THESIS_RUN_1752614/05_pyragas/candidates/delay_1600_sign_minus1/k_sweep.csv,False,pyragas,0.8,0.8,1600.0,-1.0,raw_readout,True,False,,,27000.0,normalized_esn_coordinates,,20.0,controller_validation,chaotic_bursting,gbrt,9000.0,1140.0,0.2,rest_state_from_quiet_training_data,9000.0,27000.0,"zero_based_half_open_[start,end)",18000.0,1.0413783715642861,0.7081330275546621,1.425362057357918,1.0414423977640475,0.7081246699346722,1.4253452347639137,1.0846512303763423,0.5791462543076985,2.0,11.0,7.0,-57.142857142857146,0.0003072275251498646,0.05530095452692533,0.009999999999990905,0.0013072027508936226,1.0139479523115538,nan,nan,1.3058791568025485,4.1597550349714325,1.0414423977640475,0.7081246699346722,1.4253452347639137,0.0003072275251498646,control_effort_mean_sq,corrected_feedback_input_target_rmse,evaluation_time_to_tolerance,0.14318278943574103,0.010781840271704498,0.0032374418012065544,0.011702794853636803,0.005289369477505441,2.908539493668097,2.9622735499736264,0.9818605353627764,0.6120657320262279,0.5440186871140104,1.1250821828808923,0.0,1600.0,0.0,15.999999999985448,15.999999999985448,0.0,8.0,5.0,spiking,8.0,"[2, 2, 2, 2]",1.0,1600.0,0.0,0.0,1600.0,15.999999999985448,0.011702794853636803,0.9999313053921165,0.011148588607648896,0.01409807387409905,0.9035742709822006,0.015302291837227809,13500.0,27000.0,1185.0,4500.0,1.0,"[2, 2, 2, 2]",3.07475516290908e-16,0.009650989986468328,0.00010603830177892224,0.9988989783788365,0.011148588607648896,True,,"delay_mismatch, fixed-delay recurrence, feedback decay, and noninvasiveness are reported but are not hard pass criteria",quality_pass
pyragas,FINAL_THESIS_RUN_1752614/05_pyragas/candidates/delay_1600_sign_minus1/k_sweep.csv,False,pyragas,0.683,0.8,1600.0,-1.0,raw_readout,True,False,,,27000.0,normalized_esn_coordinates,,20.0,controller_validation,chaotic_bursting,gbrt,9000.0,1140.0,0.2,rest_state_from_quiet_training_data,9000.0,27000.0,"zero_based_half_open_[start,end)",18000.0,1.0412313926313892,0.708134638346192,1.425365299631671,1.0412919342442915,0.7081268242967348,1.4253495711609216,1.0846512303763423,0.5791462543076985,2.0,11.0,7.0,-57.142857142857146,0.00023831722564090764,0.04289710061532436,0.009999999999990905,0.0012998638953282877,0.865658064285989,nan,nan,1.3051080642492803,4.1597550349714325,1.0412919342442915,0.7081268242967348,1.4253495711609216,0.00023831722564090764,control_effort_mean_sq,corrected_feedback_input_target_rmse,evaluation_time_to_tolerance,0.1442922550710174,0.0112295125698433,0.0032361087605336882,0.012196375856687544,0.0052875083450068345,2.904199619542992,2.9622735499736264,0.9803954869626571,0.6120290596968325,0.5440186871140104,1.125014772826304,0.0,1600.0,0.0,15.999999999985448,15.999999999985448,0.0,8.0,5.0,spiking,8.0,"[2, 2, 2, 2]",1.0,1600.0,0.0,0.0,1600.0,15.999999999985448,0.012196375856687544,0.9999254131664823,0.011904027035341483,0.01286590929604022,0.9564578380276009,0.013973666669553981,13500.0,27000.0,1185.0,4500.0,1.0,"[2, 2, 2, 2]",1.7752107209977497e-16,0.008744839315233647,0.0001303159135187429,0.9988683084602993,0.011904027035341483,True,,"delay_mismatch, fixed-delay recurrence, feedback decay, and noninvasiveness are reported but are not hard pass criteria",
pyragas,FINAL_THESIS_RUN_1752614/05_pyragas/candidates/delay_1600_sign_minus1/k_sweep.csv,False,pyragas,0.6936363636363637,0.8,1600.0,-1.0,raw_readout,True,False,,,27000.0,normalized_esn_coordinates,,20.0,controller_validation,chaotic_bursting,gbrt,9000.0,1140.0,0.2,rest_state_from_quiet_training_data,9000.0,27000.0,"zero_based_half_open_[start,end)",18000.0,1.0412467345646228,0.7081344973355341,1.425365015799067,1.0413075674143668,0.7081266247259964,1.4253491694559495,1.0846512303763423,0.5791462543076985,2.0,11.0,7.0,-57.142857142857146,0.0002437476224738938,0.04387457204526098,0.009999999999990905,0.0013010587138468268,0.8791389631974039,nan,nan,1.3051872006903926,4.1597550349714325,1.0413075674143668,0.7081266247259964,1.4253491694559495,0.0002437476224738938,control_effort_mean_sq,corrected_feedback_input_target_rmse,evaluation_time_to_tolerance,0.14400025797490637,0.011171341080799735,0.0032300738559266676,0.012132395368908134,0.0052776131446955095,2.9040602459545077,2.9622735499736264,0.9803484374292047,0.6120330852922009,0.5440186871140104,1.1250221725635994,0.0,1600.0,0.0,15.999999999985448,15.999999999985448,0.0,8.0,5.0,spiking,8.0,"[2, 2, 2, 2]",1.0,1600.0,0.0,0.0,1600.0,15.999999999985448,0.012132395368908134,0.9999261912542136,0.011823753272961375,0.012978097086569046,0.9528900448757451,0.014094583976220204,13500.0,27000.0,1185.0,4500.0,1.0,"[2, 2, 2, 2]",1.7752107209977497e-16,0.008724386067273656,0.00012769806241310104,0.9988717208142525,0.011823753272961375,True,,"delay_mismatch, fixed-delay recurrence, feedback decay, and noninvasiveness are reported but are not hard pass criteria",
pyragas,FINAL_THESIS_RUN_1752614/05_pyragas/candidates/delay_1600_sign_minus1/k_sweep.csv,False,pyragas,0.7042727272727273,0.8,1600.0,-1.0,raw_readout,True,False,,,27000.0,normalized_esn_coordinates,,20.0,controller_validation,chaotic_bursting,gbrt,9000.0,1140.0,0.2,rest_state_from_quiet_training_data,9000.0,27000.0,"zero_based_half_open_[start,end)",18000.0,1.0412616209164138,0.7081343527276559,1.4253647247258154,1.0413227498561743,0.7081264236346794,1.4253487646902878,1.0846512303763423,0.5791462543076985,2.0,11.0,7.0,-57.142857142857146,0.00024930762144719133,0.04487537186045362,0.009999999999990905,0.0013021368516486444,0.8926198621088187,nan,nan,1.3052642535106045,4.159755034971433,1.0413227498561743,0.7081264236346794,1.4253487646902878,0.00024930762144719133,control_effort_mean_sq,corrected_feedback_input_target_rmse,evaluation_time_to_tolerance,0.14374277328147692,0.011116317009742246,0.0032250156811715397,0.012071865473386184,0.0052693153499152,2.9048474774478743,2.9622735499736264,0.980614189892671,0.612036947309187,0.5440186871140104,1.1250292716156678,0.0,1600.0,0.0,15.999999999985448,15.999999999985448,0.0,8.0,5.0,spiking,8.0,"[2, 2, 2, 2]",1.0,1600.0,0.0,0.0,1600.0,15.999999999985448,0.012071865473386184,0.9999269235707573,0.011745710511848731,0.013089840080686447,0.9491030426523546,0.014215030786158673,13500.0,27000.0,1185.0,4500.0,1.0,"[2, 2, 2, 2]",1.7752107209977497e-16,0.00883861899237617,0.00012514000094861885,0.9988749867680522,0.011745710511848731,True,,"delay_mismatch, fixed-delay recurrence, feedback decay, and noninvasiveness are reported but are not hard pass criteria",
pyragas,FINAL_THESIS_RUN_1752614/05_pyragas/candidates/delay_1600_sign_minus1/k_sweep.csv,False,pyragas,0.7149090909090909,0.8,1600.0,-1.0,raw_readout,True,False,,,27000.0,normalized_esn_coordinates,,20.0,controller_validation,chaotic_bursting,gbrt,9000.0,1140.0,0.2,rest_state_from_quiet_training_data,9000.0,27000.0,"zero_based_half_open_[start,end)",18000.0,1.041276073666986,0.7081342054189893,1.4253644282162954,1.0413375035859207,0.7081262218323835,1.425348358493536,1.0846512303763423,0.5791462543076985,2.0,11.0,7.0,-57.142857142857146,0.00025500726532974176,0.04590130775931177,0.009999999999990905,0.0013030911939707743,0.9061007610202337,nan,nan,1.305339323741887,4.1597550349714325,1.0413375035859207,0.7081262218323835,1.425348358493536,0.00025500726532974176,control_effort_mean_sq,corrected_feedback_input_target_rmse,evaluation_time_to_tolerance,0.14352059797222233,0.011064515679741796,0.003220998593315636,0.012014865818057168,0.005262719993829973,2.9057712434401846,2.9622735499736264,0.9809260334738684,0.6120406552299843,0.5440186871140104,1.1250360874124137,0.0,1600.0,0.0,15.999999999985448,15.999999999985448,0.0,8.0,5.0,spiking,8.0,"[2, 2, 2, 2]",1.0,1600.0,0.0,0.0,1600.0,15.999999999985448,0.012014865818057168,0.9999276097738067,0.011669917567923937,0.013201261353322167,0.9450891849321539,0.014335140224860796,13500.0,27000.0,1185.0,4500.0,1.0,"[2, 2, 2, 2]",1.255263538852569e-16,0.008999037465908398,0.00012267229841683163,0.9988781144402417,0.011669917567923937,True,,"delay_mismatch, fixed-delay recurrence, feedback decay, and noninvasiveness are reported but are not hard pass criteria",
pyragas,FINAL_THESIS_RUN_1752614/05_pyragas/candidates/delay_1600_sign_minus1/k_sweep.csv,False,pyragas,0.7255454545454546,0.8,1600.0,-1.0,raw_readout,True,False,,,27000.0,normalized_esn_coordinates,,20.0,controller_validation,chaotic_bursting,gbrt,9000.0,1140.0,0.2,rest_state_from_quiet_training_data,9000.0,27000.0,"zero_based_half_open_[start,end)",18000.0,1.0412901136071249,0.7081340562665196,1.4253641279954854,1.0413518494515177,0.7081260200915124,1.4253479524204227,1.0846512303763423,0.5791462543076985,2.0,11.0,7.0,-57.142857142857146,0.0002608575640086441,0.046954361521513235,0.009999999999990905,0.001303945466648086,0.9195816599316489,nan,nan,1.3054125061960915,4.1597550349714325,1.0413518494515177,0.7081260200915124,1.4253479524204227,0.0002608575640086441,control_effort_mean_sq,corrected_feedback_input_target_rmse,evaluation_time_to_tolerance,0.14333470689795605,0.011016028692370458,0.0032180946762094117,0.011961493832953004,0.005257944739823849,2.905780796044417,2.9622735499736264,0.9809292582281227,0.6120442179309066,0.5440186871140104,1.1250426362700297,0.0,1600.0,0.0,15.999999999985448,15.999999999985448,0.0,8.0,5.0,spiking,8.0,"[2, 2, 2, 2]",1.0,1600.0,0.0,0.0,1600.0,15.999999999985448,0.011961493832953004,0.9999282492894701,0.01159639726024042,0.013312488940425382,0.9408398478484143,0.014455050799971017,13500.0,27000.0,1185.0,4500.0,1.0,"[2, 2, 2, 2]",1.984745923268691e-16,0.009063835010050559,0.00012033387994944708,0.9988811114334504,0.01159639726024042,True,,"delay_mismatch, fixed-delay recurrence, feedback decay, and noninvasiveness are reported but are not hard pass criteria",
pyragas,FINAL_THESIS_RUN_1752614/05_pyragas/candidates/delay_1600_sign_minus1/k_sweep.csv,False,pyragas,0.7361818181818183,0.8,1600.0,-1.0,raw_readout,True,False,,,27000.0,normalized_esn_coordinates,,20.0,controller_validation,chaotic_bursting,gbrt,9000.0,1140.0,0.2,rest_state_from_quiet_training_data,9000.0,27000.0,"zero_based_half_open_[start,end)",18000.0,1.0413037604311142,0.7081339060946795,1.425363825722841,1.0413658072276368,0.7081258191540953,1.425347547964538,1.0846512303763423,0.5791462543076985,2.0,11.0,7.0,-57.142857142857146,0.00026687062385772345,0.04803671229434653,0.009999999999990905,0.001304695584493465,0.9330625588430639,nan,nan,1.3054838914926676,4.1597550349714325,1.0413658072276368,0.7081258191540953,1.425347547964538,0.00026687062385772345,control_effort_mean_sq,corrected_feedback_input_target_rmse,evaluation_time_to_tolerance,0.14318627779758952,0.010970966243530852,0.003216385185769031,0.011911867231432966,0.005255122242017242,2.9057505911064183,2.9622735499736264,0.9809190616890492,0.6120476437355684,0.5440186871140104,1.125048933488752,0.0,1600.0,0.0,15.999999999985448,15.999999999985448,0.0,8.0,5.0,spiking,8.0,"[2, 2, 2, 2]",1.0,1600.0,0.0,0.0,1600.0,15.999999999985448,0.011911867231432966,0.9999288412838574,0.01152517718220945,0.013423656906132621,0.9363454201079944,0.014574907558433811,13500.0,27000.0,1185.0,4500.0,1.0,"[2, 2, 2, 2]",1.2552635388525686e-16,0.00912195056390147,0.00011808246613247088,0.9988839848735367,0.01152517718220945,True,,"delay_mismatch, fixed-delay recurrence, feedback decay, and noninvasiveness are reported but are not hard pass criteria",
pyragas,FINAL_THESIS_RUN_1752614/05_pyragas/candidates/delay_1600_sign_minus1/k_sweep.csv,False,pyragas,0.7468181818181818,0.8,1600.0,-1.0,raw_readout,True,False,,,27000.0,normalized_esn_coordinates,,20.0,controller_validation,chaotic_bursting,gbrt,9000.0,1140.0,0.2,rest_state_from_quiet_training_data,9000.0,27000.0,"zero_based_half_open_[start,end)",18000.0,1.0413170328236492,0.7081337557023376,1.4253635230063604,1.0413793957050324,0.7081256197386872,1.4253471465722214,1.0846512303763423,0.5791462543076985,2.0,11.0,7.0,-57.142857142857146,0.0002730597991501547,0.04915076384698315,0.009999999999990905,0.0013053356676873485,0.9465434577544788,nan,nan,1.305553567128519,4.1597550349714325,1.0413793957050324,0.7081256197386872,1.4253471465722214,0.0002730597991501547,control_effort_mean_sq,corrected_feedback_input_target_rmse,evaluation_time_to_tolerance,0.14307672108437974,0.010929459878085468,0.0032159622838195037,0.011866126988051381,0.005254402977276061,2.9069838319571177,2.9622735499736264,0.9813353773431893,0.6120509404641615,0.5440186871140104,1.1250549934434395,0.0,1600.0,0.0,15.999999999985448,15.999999999985448,0.0,8.0,5.0,spiking,8.0,"[2, 2, 2, 2]",1.0,1600.0,0.0,0.0,1600.0,15.999999999985448,0.011866126988051381,0.9999293846285924,0.011456290622955828,0.013534906631559079,0.9315953054834863,0.01469486348392475,13500.0,27000.0,1185.0,4500.0,1.0,"[2, 2, 2, 2]",1.7752107209977492e-16,0.009252412873472365,0.00011586177028910391,0.9988867414455302,0.011456290622955828,True,,"delay_mismatch, fixed-delay recurrence, feedback decay, and noninvasiveness are reported but are not hard pass criteria",
pyragas,FINAL_THESIS_RUN_1752614/05_pyragas/candidates/delay_1600_sign_minus1/k_sweep.csv,False,pyragas,0.7574545454545455,0.8,1600.0,-1.0,raw_readout,True,False,,,27000.0,normalized_esn_coordinates,,20.0,controller_validation,chaotic_bursting,gbrt,9000.0,1140.0,0.2,rest_state_from_quiet_training_data,9000.0,27000.0,"zero_based_half_open_[start,end)",18000.0,1.0413299485415544,0.7081336058700172,1.4253632214171161,1.0413926327750451,0.7081254225474852,1.4253467496568872,1.0846512303763423,0.5791462543076985,2.0,11.0,7.0,-57.142857142857146,0.0002794398699597619,0.050299176592711395,0.009999999999990905,0.0013058855350499997,0.9600243566658937,nan,nan,1.3056216176361635,4.1597550349714325,1.0413926327750451,0.7081254225474852,1.4253467496568872,0.0002794398699597619,control_effort_mean_sq,corrected_feedback_input_target_rmse,evaluation_time_to_tolerance,0.14300771536934012,0.010891665772785398,0.0032169311316190196,0.011824440890009226,0.005255958664862618,2.907337142667963,2.9622735499736264,0.9814546474594986,0.612054115479446,0.5440186871140104,1.1250608296681128,0.0,1600.0,0.0,15.999999999985448,15.999999999985448,0.0,8.0,5.0,spiking,8.0,"[2, 2, 2, 2]",1.0,1600.0,0.0,0.0,1600.0,15.999999999985448,0.011824440890009226,0.999929877858958,0.011389777680892447,0.013646388383317103,0.9265779423236238,0.014815081197572934,13500.0,27000.0,1185.0,4500.0,1.0,"[2, 2, 2, 2]",2.806854602551292e-16,0.009316970693352404,0.00011375448876341414,0.9988893874267476,0.011389777680892447,True,,"delay_mismatch, fixed-delay recurrence, feedback decay, and noninvasiveness are reported but are not hard pass criteria",
pyragas,FINAL_THESIS_RUN_1752614/05_pyragas/candidates/delay_1600_sign_minus1/k_sweep.csv,True,pyragas,0.7680909090909092,0.8,1600.0,-1.0,raw_readout,True,False,,,27000.0,normalized_esn_coordinates,,20.0,controller_validation,chaotic_bursting,gbrt,9000.0,1140.0,0.2,rest_state_from_quiet_training_data,9000.0,27000.0,"zero_based_half_open_[start,end)",18000.0,1.0413425244911119,0.7081334573675129,1.4253629225045858,1.041405535510176,0.7081252282738323,1.425346358614127,1.0846512303763423,0.5791462543076985,2.0,11.0,7.0,-57.142857142857146,0.00028602725205425264,0.05148490536971865,0.009999999999990905,0.0013063403876743564,0.9735052555773087,nan,nan,1.305688124632461,4.1597550349714325,1.041405535510176,0.7081252282738323,1.425346358614127,0.00028602725205425264,control_effort_mean_sq,corrected_feedback_input_target_rmse,evaluation_time_to_tolerance,0.14298124991590613,0.010857768657682572,0.003219412433805689,0.011787007781571218,0.005259986421963831,2.90686647539321,2.9622735499736264,0.9812957602848968,0.6120571757300681,0.5440186871140104,1.12506645493558,0.0,1600.0,0.0,15.999999999985448,15.999999999985448,0.0,8.0,5.0,spiking,8.0,"[2, 2, 2, 2]",1.0,1600.0,0.0,0.0,1600.0,15.999999999985448,0.011787007781571218,0.999930319123045,0.011325686625876593,0.013758263239087642,0.9212808458603793,0.014935735045826971,13500.0,27000.0,1185.0,4500.0,1.0,"[2, 2, 2, 2]",2.5105270777051373e-16,0.009283329658921945,0.00011175280168927357,0.9988919287174174,0.011325686625876593,True,,"delay_mismatch, fixed-delay recurrence, feedback decay, and noninvasiveness are reported but are not hard pass criteria",quality_pass
pyragas,FINAL_THESIS_RUN_1752614/05_pyragas/candidates/delay_1600_sign_minus1/k_sweep.csv,False,pyragas,0.7787272727272728,0.8,1600.0,-1.0,raw_readout,True,False,,,27000.0,normalized_esn_coordinates,,20.0,controller_validation,chaotic_bursting,gbrt,9000.0,1140.0,0.2,rest_state_from_quiet_training_data,9000.0,27000.0,"zero_based_half_open_[start,end)",18000.0,1.0413547768017983,0.708133310962105,1.4253626278131857,1.041418120241647,0.7081250376102987,1.4253459748379775,1.0846512303763423,0.5791462543076985,2.0,11.0,7.0,-57.142857142857146,0.0002928402456285787,0.052711244213096226,0.009999999999990905,0.0013067055562514917,0.9869861544887237,nan,nan,1.3057531668411255,4.1597550349714325,1.041418120241647,0.7081250376102987,1.4253459748379775,0.0002928402456285787,control_effort_mean_sq,corrected_feedback_input_target_rmse,evaluation_time_to_tolerance,0.14299967549923862,0.010827986511958109,0.0032235455491478305,0.011754062648752448,0.005266713845219189,2.907579364538077,2.9622735499736264,0.9815364163663967,0.612060127791825,0.5440186871140104,1.1250718813332878,0.0,1600.0,0.0,15.999999999985448,15.999999999985448,0.0,8.0,5.0,spiking,8.0,"[2, 2, 2, 2]",1.0,1600.0,0.0,0.0,1600.0,15.999999999985448,0.011754062648752448,0.999930706119854,0.011264075585898507,0.013870705473802217,0.9156906806429739,0.01505701368776285,13500.0,27000.0,1185.0,4500.0,1.0,"[2, 2, 2, 2]",3.07475516290908e-16,0.009376910940683051,0.00010977572664090073,0.9988943708691813,0.011264075585898507,True,,"delay_mismatch, fixed-delay recurrence, feedback decay, and noninvasiveness are reported but are not hard pass criteria",
pyragas,FINAL_THESIS_RUN_1752614/05_pyragas/candidates/delay_1600_sign_minus1/k_sweep.csv,False,pyragas,0.7893636363636364,0.8,1600.0,-1.0,raw_readout,True,False,,,27000.0,normalized_esn_coordinates,,20.0,controller_validation,chaotic_bursting,gbrt,9000.0,1140.0,0.2,rest_state_from_quiet_training_data,9000.0,27000.0,"zero_based_half_open_[start,end)",18000.0,1.0413667208972472,0.7081331674276204,1.4253623389005095,1.0414304026348986,0.7081248512576014,1.425345599738874,1.0846512303763423,0.5791462543076985,2.0,11.0,7.0,-57.142857142857146,0.00029989933144461054,0.0539818796599808,0.009999999999990905,0.0013069980407677125,1.0004670534001385,nan,nan,1.3058168199676274,4.1597550349714325,1.0414304026348986,0.7081248512576014,1.425345599738874,0.00029989933144461054,control_effort_mean_sq,corrected_feedback_input_target_rmse,evaluation_time_to_tolerance,0.14306576549215463,0.010802576202241544,0.003229492318081316,0.011725882726430829,0.00527640526326559,2.9084663907301085,2.9622735499736264,0.981835857379209,0.6120629779075326,0.5440186871140104,1.1250771203366075,0.0,1600.0,0.0,15.999999999985448,15.999999999985448,0.0,8.0,5.0,spiking,8.0,"[2, 2, 2, 2]",1.0,1600.0,0.0,0.0,1600.0,15.999999999985448,0.011725882726430829,0.9999310360237698,0.011205014661348846,0.013983905546042157,0.9097933723842835,0.015179123333224099,13500.0,27000.0,1185.0,4500.0,1.0,"[2, 2, 2, 2]",1.255263538852569e-16,0.009524619915311767,0.00010785981519456293,0.9988967191118474,0.011205014661348846,True,,"delay_mismatch, fixed-delay recurrence, feedback decay, and noninvasiveness are reported but are not hard pass criteria",
