estimation_time,largest_lyapunov_exponent
0.1,-2.619895615209029
0.2,-0.5603826284706901
0.3,-0.06744844747742516
0.4,0.06486603474246902
0.5,0.10452855645357262
0.6,0.11740628448516945
0.7000000000000001,0.12189385501957971
0.8,0.12359401362499425
0.9,0.12431921049097987
1.0,0.12468359837915498
1.1,0.12490418256340549
1.2,0.1250612616793954
1.3,0.1251864070266016
1.4000000000000001,0.12529314650972234
1.5,0.1253879914547219
1.6,0.12547453112594256
1.7,0.1255550173309766
1.8,0.1256310137230161
1.9000000000000001,0.125703683781639
2.0,0.1257739321810449
2.1,0.12584248248238408
2.2,0.12590992460412237
2.3000000000000003,0.12597674639392187
2.4,0.12604335593612853
2.5,0.12611009796918402
2.6,0.12617726630445292
2.7,0.12624511340322594
2.8000000000000003,0.1263138578696618
2.9,0.12638369038140526
3.0,0.12645477842984099
3.1,0.1265272701417296
3.2,0.12660129738436637
3.3000000000000003,0.12667697830673338
3.4,0.12675441943297075
3.5,0.12683371739780036
3.6,0.1269149603935692
3.7,0.12699822938349972
3.8000000000000003,0.12708359912423078
3.9,0.1271711390318908
4.0,0.12726091391909194
4.1,0.1273529846248869
4.2,0.12744740855552447
4.3,0.127544240150523
4.4,0.12764353128592903
4.5,0.12774533162452223
4.6000000000000005,0.1278496889210163
4.7,0.12795664928893602
4.8,0.12806625743472602
4.9,0.1281785568637362
5.0,0.12829359006197397
5.1000000000000005,0.12841139865689835
5.2,0.128532023560014
5.3,0.1286555050935993
5.4,0.12878188310354247
5.5,0.12891119705996346
5.6000000000000005,0.1290434861470412
5.7,0.1291787893432554
5.8,0.12931714549306533
5.9,0.12945859337089266
6.0,0.12960317173813776
6.1000000000000005,0.12975091939384187
6.2,0.12990187521950228
6.3,0.13005607821845697
6.4,0.13021356755017102
6.5,0.13037438255968448
6.6000000000000005,0.13053856280241052
6.7,0.13070614806441044
6.8,0.13087717837821136
6.9,0.13105169403417286
7.0,0.1312297355873538
7.1000000000000005,0.13141134385977238
7.2,0.1315965599378951
7.3,0.13178542516513175
7.4,0.13197798112905162
7.5,0.13217426964296972
7.6000000000000005,0.13237433272148352
7.7,0.13257821254946375
7.8,0.13278595144392044
7.9,0.13299759180807508
8.0,0.1332131760768685
8.1,0.1334327466530223
8.2,0.13365634583264693
8.3,0.1338840157192482
8.4,0.13411579812482582
8.5,0.1343517344565787
8.6,0.1345918655875276
8.700000000000001,0.13483623170913586
8.8,0.13508487216374498
8.9,0.13533782525434113
9.0,0.1355951280288252
9.1,0.1358568160355643
9.200000000000001,0.13612292304654874
9.3,0.13639348074395735
9.4,0.13666851836533078
9.5,0.1369480623018576
9.6,0.13723213564347106
9.700000000000001,0.1375207576635179
9.8,0.13781394323467458
9.9,0.13811170216651553
10.0,0.13841403845365904
10.1,0.13872094942168162
10.200000000000001,0.1390324247559579
10.3,0.1393484453961935
10.4,0.1396689822765969
10.5,0.1399939948883095
10.6,0.14032342963676775
10.700000000000001,0.14065721796198727
10.8,0.14099527418418395
10.9,0.14133749303048918
11.0,0.14168374679054724
11.1,0.14203388203921624
11.200000000000001,0.14238771585307283
11.3,0.1427450314335126
11.4,0.14310557303238683
11.5,0.14346904005564828
11.6,0.14383508019553265
11.700000000000001,0.144203281411306
11.8,0.1445731625412197
11.9,0.14494416228232182
12.0,0.14531562621804675
12.1,0.1456867915033296
12.200000000000001,0.1460567687299652
12.3,0.14642452038676113
12.4,0.146788835194359
12.5,0.14714829742674831
12.6,0.14750125012232218
12.700000000000001,0.1478457508270707
12.8,0.14817951818997205
12.9,0.14849986733392015
13.0,0.14880363144396103
13.1,0.14908706644330721
13.200000000000001,0.14934573497701217
13.3,0.14957436523888004
13.4,0.14976667957992376
13.5,0.14991518760341954
13.6,0.15001093917943326
13.700000000000001,0.1500432357524036
13.8,0.149999306065641
13.9,0.14986397037165428
14.0,0.14961935657569603
14.1,0.14924481626537833
14.200000000000001,0.14871736873701621
14.3,0.14801338566973032
14.4,0.14711305210534542
14.5,0.14601089382876384
14.6,0.14473930446404218
14.700000000000001,0.14341893641921244
14.8,0.14235961631939392
14.9,0.1422330324725288
15.0,0.14425627174375194
15.1,0.15005899346041923
15.200000000000001,0.16079270151304825
15.3,0.17609989891286054
15.4,0.19440242115662257
15.5,0.21402767099968495
15.6,0.23371862803524512
15.700000000000001,0.2524695860617673
15.8,0.26920747706001596
15.9,0.28259167207085495
16.0,0.2910349127410181
16.1,0.2929076981749665
16.2,0.28661113122791193
16.3,0.27002485091349365
16.4,0.24007582082216114
16.5,0.21855746665142411
16.6,0.24652676122194733
16.7,0.26449987398305025
16.8,0.26311759497786125
16.9,0.24284560672447245
17.0,0.20676015834106592
17.1,0.16043094546236164
17.2,0.10829536738039655
17.3,0.051820228532594256
17.400000000000002,-0.008634731696009082
17.5,-0.04632307029492525
17.6,-0.04011885308557915
17.7,-0.033191440417903596
17.8,-0.029761263536783558
17.900000000000002,-0.02793526532122162
18.0,-0.026761082623176814
18.1,-0.02584989801790975
18.2,-0.02504780190317195
18.3,-0.02429428312317412
18.400000000000002,-0.023565559467975363
18.5,-0.02285224022954494
18.6,-0.022150565382406253
18.7,-0.021458976837082044
18.8,-0.02077677809336306
18.900000000000002,-0.020103610698387914
19.0,-0.019439249869716405
19.1,-0.018783524736991245
19.2,-0.01813628720802706
19.3,-0.017497399795530406
19.400000000000002,-0.016866730833256044
19.5,-0.016244152570929
19.6,-0.015629540390733457
19.7,-0.015022772461255844
19.8,-0.01442372956269412
19.900000000000002,-0.013832294979804014
20.0,-0.013248354422316705
20.1,-0.012671795957154867
20.2,-0.012102509946325795
20.3,-0.01154038898808057
20.400000000000002,-0.010985327860367895
20.5,-0.010437223466171859
20.6,-0.009895974780539976
20.7,-0.009361482799194213
20.8,-0.008833650488652384
20.900000000000002,-0.008312382737800989
21.0,-0.007797586310868316
21.1,-0.007289169801749482
21.2,-0.0067870435896382605
21.3,-0.006291119795921913
21.400000000000002,-0.005801312242297597
21.5,-0.005317536410070095
21.6,-0.004839709400592135
21.7,-0.004367749896810247
21.8,-0.00390157812588042
21.900000000000002,-0.003441115822818916
22.0,-0.0029862861951550136
22.1,-0.0025370138885539347
22.2,-0.0020932249533786706
22.3,-0.0016548468121615231
22.400000000000002,-0.0012218082279561344
22.5,-0.0007940392735427747
22.6,-0.00037147130146007723
22.7,4.596308516240697e-05
22.8,0.0004583300609957399
22.900000000000002,0.000865694606150988
23.0,0.0012681205330897232
23.1,0.0016656705128276195
23.2,0.0020584061004530773
23.3,0.0024463877599811123
23.400000000000002,0.0028296748885630264
23.5,0.003208325840070865
23.6,0.003582397948075508
23.7,0.003951947548236414
23.8,0.004317030000120461
23.900000000000002,0.004677699708466628
24.0,0.00503401014391304
24.1,0.005386013863201821
24.2,0.005733762528877188
24.3,0.006077306928491289
24.400000000000002,0.006416696993332275
24.5,0.006751981816688025
24.6,0.007083209671659121
24.7,0.0074104280285336626
24.8,0.0077336835717366405
24.900000000000002,0.008053022216365573
25.0,0.00836848912432444
25.1,0.008680128720066828
25.2,0.008987984705959443
25.3,0.00929210007727637
25.400000000000002,0.009592517136834514
25.5,0.009889277509279855
25.6,0.010182422155034336
25.7,0.010471991383912629
25.8,0.010758024868417591
25.900000000000002,0.011040561656723302
26.0,0.011319640185354217
26.1,0.011595298291568216
26.2,0.011867573225451912
26.3,0.012136501661735702
26.400000000000002,0.012402119711336002
26.5,0.012664462932631846
26.6,0.012923566342482998
26.7,0.013179464426996247
26.8,0.013432191152046467
26.900000000000002,0.013681779973558832
27.0,0.013928263847558485
27.1,0.01417167523999349
27.2,0.014412046136336981
27.3,0.014649408050974203
27.400000000000002,0.01488379203637989
27.5,0.015115228692091254
27.6,0.015343748173481891
27.7,0.015569380200341367
27.8,0.015792154065265757
27.900000000000002,0.016012098641863447
28.0,0.016229242392781004
28.1,0.016443613377553668
28.2,0.01665523926028452
28.3,0.016864147317156783
28.400000000000002,0.017070364443783244
28.5,0.017273917162396724
28.6,0.017474831628885617
28.7,0.017673133639678013
28.8,0.017868848638478253
28.900000000000002,0.018062001722859412
29.0,0.018252617650715012
29.1,0.018440720846573555
29.2,0.018626335407778964
29.3,0.018809485110540064
29.400000000000002,0.018990193415852376
29.5,0.019168483475295046
29.6,0.019344378136705833
29.7,0.019517899949737107
29.8,0.01968907117129552
29.900000000000002,0.019857913770868006
30.0,0.020024449435736846
30.1,0.020188699576086183
30.2,0.020350685330002616
30.3,0.02051042756837212
30.400000000000002,0.020667946899675747
30.5,0.02082326367468646
30.6,0.020976397991069023
30.7,0.021127369697885482
30.8,0.021276198400008137
30.900000000000002,0.02142290346244201
31.0,0.021567504014558994
31.1,0.021710018954245482
31.2,0.021850466951965443
31.3,0.02198886645474074
31.400000000000002,0.022125235690050555
31.5,0.0222595926696517
31.6,0.022391955193321322
31.7,0.022522340852524046
31.8,0.0226507670340048
31.900000000000002,0.022777250923309105
32.0,0.022901809508232434
32.1,0.023024459582199938
32.2,0.023145217747578283
32.3,0.023264100418920755
32.4,0.023381123826147255
32.5,0.023496304017660476
32.6,0.02360965686339954
32.7,0.02372119805783245
32.8,0.023830943122888675
32.9,0.023938907410833037
33.0,0.024045106107082128
33.1,0.02414955423296443
33.2,0.024252266648425374
33.3,0.02435325805467834
33.4,0.02445254299680279
33.5,0.024550135866290616
33.6,0.02464605090354163
33.7,0.024740302200309473
33.8,0.024832903702098643
33.9,0.024923869210513816
34.0,0.025013212385562433
34.1,0.02510094674791141
34.2,0.02518708568109882
34.300000000000004,0.025271642433701655
34.4,0.025354630121460397
34.5,0.02543606172936119
34.6,0.025515950113676675
34.7,0.025594308003966077
34.800000000000004,0.0256711480050355
34.9,0.025746482598859106
35.0,0.025820324146462053
35.1,0.02589268488976584
35.2,0.025963576953396874
35.300000000000004,0.02603301234645891
35.4,0.026101002964270186
35.5,0.02616756059006569
35.6,0.026232696896665644
35.7,0.02629642344811039
35.800000000000004,0.026358751701262683
35.9,0.026419693007377957
36.0,0.026479258613642934
36.1,0.02653745966468361
36.2,0.026594307204042784
36.300000000000004,0.026649812175628083
36.4,0.026703985425130722
36.5,0.02675683770141583
36.6,0.02680837965788477
36.7,0.026858621853809946
36.800000000000004,0.026907574755642743
36.9,0.026955248738295027
37.0,0.02700165408639469
37.1,0.027046800995515884
37.2,0.0270906995733843
37.300000000000004,0.027133359841057945
37.4,0.027174791734083967
37.5,0.02721500510363204
37.6,0.02725400971760454
37.7,0.027291815261724268
37.800000000000004,0.02732843134059979
37.9,0.0273638674787692
38.0,0.027398133121722356
38.1,0.027431237636902323
38.2,0.027463190314686192
38.300000000000004,0.027494000369345763
38.4,0.02752367693998849
38.5,0.027552229091479044
38.6,0.027579665815341846
38.7,0.02760599603064498
38.800000000000004,0.02763122858486581
38.9,0.02765537225473868
39.0,0.027678435747085006
39.1,0.027700427699626114
39.2,0.02772135668177922
39.300000000000004,0.02774123119543673
39.4,0.027760059675729358
39.5,0.027777850491773223
39.6,0.027794611947401387
39.7,0.02781035228187993
39.800000000000004,0.027825079670609095
39.9,0.02783880222580962
40.0,0.027851527997194626
40.1,0.027863264972627304
40.2,0.02787402107876474
40.300000000000004,0.027883804181688048
40.4,0.027892622087519216
40.5,0.027900482543024716
40.6,0.027907393236206397
40.7,0.027913361796879727
40.800000000000004,0.027918395797239676
40.9,0.027922502752414518
41.0,0.0279256901210077
41.1,0.027927965305628206
41.2,0.027929335653409396
41.300000000000004,0.02792980845651673
41.4,0.027929390952644514
41.5,0.0279280903255019
41.6,0.02792591370528838
41.7,0.02792286816915896
41.800000000000004,0.027918960741679228
41.9,0.027914198395270484
42.0,0.027908588050645205
42.1,0.02790213657723293
42.2,0.02789485079359688
42.300000000000004,0.02788673746784141
42.4,0.027877803318010493
42.5,0.02786805501247745
42.6,0.027857499170326042
42.7,0.027846142361723173
42.800000000000004,0.027833991108283333
42.9,0.02782105188342489
43.0,0.027807331112718506
43.1,0.027792835174227776
43.2,0.027777570398842228
43.300000000000004,0.027761543070602874
43.4,0.027744759427020444
43.5,0.027727225659386418
43.6,0.027708947913077153
43.7,0.027689932287850955
43.800000000000004,0.027670184838138556
43.9,0.027649711573326897
44.0,0.027628518458036443
44.1,0.027606611412392217
44.2,0.027583996312288504
44.300000000000004,0.027560678989647546
44.4,0.027536665232672192
44.5,0.027511960786092762
44.6,0.027486571351408078
44.7,0.027460502587120923
44.800000000000004,0.027433760108968
44.9,0.027406349490144397
45.0,0.027378276261522762
45.1,0.027349545911867324
45.2,0.027320163888042814
45.300000000000004,0.027290135595218225
45.4,0.02725946639706587
45.5,0.027228161615955426
45.6,0.027196226533143388
45.7,0.027163666388957775
45.800000000000004,0.02713048638297833
45.9,0.027096691674212216
46.0,0.027062287381265333
46.1,0.027027278582509272
46.2,0.026991670316244096
46.300000000000004,0.026955467580856884
46.4,0.026918675334976192
46.5,0.026881298497622493
46.6,0.026843341948354672
46.7,0.026804810527412543
46.800000000000004,0.026765709035855647
46.9,0.026726042235698164
47.0,0.026685814850040162
47.1,0.026645031563195174
47.2,0.02660369702081417
47.300000000000004,0.02656181583000595
47.4,0.02651939255945406
47.5,0.026476431739530203
47.6,0.0264329378624043
47.7,0.026388915382151122
47.800000000000004,0.026344368714853628
47.9,0.026299302238702974
48.0,0.026253720294095312
48.1,0.02620762718372535
48.2,0.026161027172676755
48.300000000000004,0.026113924488509323
48.4,0.02606632332134315
48.5,0.02601822782393958
48.6,0.025969642111779174
48.7,0.025920570263136593
48.800000000000004,0.025871016319152482
48.9,0.02582098428390229
49.0,0.025770478124462152
49.1,0.02571950177097181
49.2,0.025668059116694546
49.300000000000004,0.025616154018074138
49.4,0.02556379029478897
49.5,0.0255109717298031
49.6,0.0254577020694145
49.7,0.025403985023300334
49.800000000000004,0.02534982426455928
49.9,0.02529522342975105
50.0,0.025240186118932827
50.1,0.025184715895692926
50.2,0.025128816287181457
50.300000000000004,0.025072490784138035
50.4,0.02501574284091658
50.5,0.024958575875507115
50.6,0.024900993269554677
50.7,0.02484299836837512
50.800000000000004,0.024784594480967977
50.9,0.02472578488002629
51.0,0.024666572801943384
51.1,0.024606961446816553
51.2,0.024546953978447666
51.300000000000004,0.02448655352434062
51.4,0.024425763175695635
51.5,0.024364585987400354
51.6,0.02430302497801774
51.7,0.024241083129770677
51.800000000000004,0.024178763388523244
51.9,0.024116068663758705
52.0,0.024053001828554015
52.1,0.023989565719550944
52.2,0.023925763136923735
52.300000000000004,0.023861596844343125
52.4,0.023797069568936874
52.5,0.02373218400124654
52.6,0.023666942795180626
52.7,0.023601348567963913
52.800000000000004,0.023535403900082935
52.9,0.023469111335227586
53.0,0.02340247338022871
53.1,0.023335492504991666
53.2,0.023268171142425763
53.300000000000004,0.02320051168836947
53.4,0.023132516501511366
53.5,0.023064187903306672
53.6,0.02299552817788938
53.7,0.02292653957197979
53.800000000000004,0.0228572242947874
53.9,0.022787584517909073
54.0,0.022717622375222304
54.1,0.022647339962773624
54.2,0.022576739338661857
54.300000000000004,0.022505822522916247
54.4,0.022434591497369285
54.5,0.022363048205524108
54.6,0.022291194552416398
54.7,0.022219032404470613
54.800000000000004,0.02214656358935038
54.9,0.022073789895802984
55.0,0.02200071307349782
55.1,0.021927334832858542
55.2,0.021853656844888922
55.300000000000004,0.02177968074099211
55.4,0.021705408112783285
55.5,0.02163084051189536
55.6,0.021555979449777753
55.7,0.021480826397487867
55.800000000000004,0.021405382785475272
55.9,0.02132965000335823
56.0,0.021253629399692515
56.1,0.02117732228173223
56.2,0.021100729915182453
56.300000000000004,0.021023853523943495
56.4,0.02094669428984656
56.5,0.0208692533523805
56.6,0.02079153180840961
56.7,0.020713530711881995
56.800000000000004,0.020635251073528423
56.9,0.020556693860551346
57.0,0.02047785999630378
57.1,0.020398750359957904
57.2,0.020319365786162898
57.300000000000004,0.02023970706469191
57.4,0.020159774940077722
57.5,0.020079570111236872
57.6,0.019999093231081837
57.7,0.019918344906121075
57.800000000000004,0.019837325696046394
57.9,0.01975603611330744
58.0,0.019674476622672864
58.1,0.019592647640777852
58.2,0.01951054953565748
58.300000000000004,0.019428182626265677
58.4,0.019345547181979214
58.5,0.019262643422086372
58.6,0.019179471515259828
58.7,0.019096031579013236
58.800000000000004,0.019012323679141085
58.9,0.01892834782914132
59.0,0.018844103989620168
59.1,0.018759592067678688
59.2,0.018674811916280478
59.300000000000004,0.01858976333359992
59.4,0.018504446062350445
59.5,0.01841885978909213
59.6,0.018333004143518086
59.7,0.018246878697718828
59.800000000000004,0.01816048296542411
59.9,0.018073816401221438
60.0,0.017986878399750456
60.1,0.017899668294872644
60.2,0.017812185358815315
60.300000000000004,0.01772442880128924
60.4,0.017636397768579025
60.5,0.01754809134260534
60.6,0.017459508539958073
60.7,0.01737064831089954
60.800000000000004,0.01728150953833669
60.9,0.017192091036761316
61.0,0.01710239155115723
61.1,0.0170124097558733
61.2,0.016922144253461197
61.300000000000004,0.01683159357347664
61.4,0.016740756171243015
61.5,0.016649630426575954
61.6,0.016558214642467657
61.7,0.016466507043729522
61.800000000000004,0.016374505775591623
61.9,0.016282208902257643
62.0,0.016189614405413607
62.1,0.016096720182688845
62.2,0.0160035240460675
62.300000000000004,0.015910023720248856
62.4,0.015816216840954612
62.5,0.015722100953181252
62.6,0.01562767350939552
62.7,0.015532931867670964
62.800000000000004,0.01543787328976334
62.9,0.01534249493912275
63.0,0.015246793878840073
63.1,0.015150767069525376
63.2,0.01505441136711566
63.300000000000004,0.014957723520609369
63.4,0.014860700169724924
63.5,0.01476333784248032
63.6,0.014665632952690905
63.7,0.014567581797382077
63.800000000000004,0.01446918055411375
63.9,0.014370425278213052
64.0,0.014271311899911798
64.1,0.014171836221384895
64.2,0.014071993913685852
64.3,0.0139717805135753
64.4,0.013871191420238179
64.5,0.013770221891885233
64.6,0.013668867042234049
64.7,0.013567121836864789
64.8,0.013464981089445478
64.9,0.013362439457821442
65.0,0.013259491439963338
65.1,0.013156131369767794
65.2,0.013052353412704552
65.3,0.012948151561303583
65.4,0.012843519630475355
65.5,0.012738451252657183
65.6,0.012632939872778108
65.7,0.012526978743034439
65.8,0.012420560917467752
65.9,0.012313679246336584
66.0,0.012206326370272767
66.1,0.012098494714212777
66.2,0.011990176481093996
66.3,0.011881363645305327
66.4,0.011772047945880963
66.5,0.011662220879425525
66.6,0.01155187369275825
66.7,0.011440997375263167
66.8,0.011329582650931489
66.9,0.011217619970081789
67.0,0.011105099500742649
67.1,0.01099201111968166
67.2,0.01087834440306382
67.3,0.010764088616721311
67.4,0.010649232706015753
67.5,0.010533765285272865
67.6,0.010417674626768408
67.7,0.01030094864924295
67.8,0.01018357490592188
67.9,0.010065540572015535
68.0,0.009946832431672999
68.1,0.009827436864361385
68.2,0.009707339830640972
68.3,0.009586526857304573
68.4,0.009464983021847756
68.5,0.009342692936234413
68.60000000000001,0.009219640729920034
68.7,0.009095810032092809
68.8,0.008971183953090005
68.9,0.008845745064944562
69.0,0.008719475381014016
69.10000000000001,0.008592356334640644
69.2,0.008464368756788698
69.3,0.00833549285260084
69.4,0.00820570817681237
69.5,0.0080749936079576
69.60000000000001,0.00794332732129857
69.7,0.007810686760401523
69.8,0.00767704860728163
69.9,0.007542388751031072
70.0,0.007406682254839781
70.10000000000001,0.0072699033213119236
70.2,0.007132025255974584
70.3,0.006993020428867738
70.4,0.006852860234097039
70.5,0.006711515047222334
70.60000000000001,0.006568954180345965
70.7,0.006425145834755062
70.8,0.006280057050961539
70.9,0.006133653655972095
71.0,0.005985900207608304
71.10000000000001,0.005836759935683512
71.2,0.0056861946798290085
71.3,0.005534164823746339
71.4,0.005380629225645896
71.5,0.00522554514461378
71.60000000000001,0.005068868162629199
71.7,0.004910552101933567
71.8,0.004750548937429296
71.9,0.0045888087037615705
72.0,0.004425279396709319
72.10000000000001,0.004259906868482573
72.2,0.004092634716491896
72.3,0.003923404165121505
72.4,0.0037521539400009844
72.5,0.003578820134230829
72.60000000000001,0.0034033360659741973
72.7,0.0032256321267813692
72.8,0.0030456356199637384
72.9,0.0028632705882811475
73.0,0.002678457630149581
73.10000000000001,0.002491113703515558
73.2,0.002301151916479191
73.3,0.0021084813036797503
73.4,0.0019130065873860136
73.5,0.0017146279221589523
73.60000000000001,0.0015132406218771835
73.7,0.0013087348678370314
73.8,0.001100995396560191
73.9,0.0008899011658651456
74.0,0.0006753249976858787
74.10000000000001,0.0004571331960570135
74.2,0.00023518513863302412
74.3,9.332840077015886e-06
74.4,-0.00022057951434942686
74.5,-0.0004547160666282529
74.60000000000001,-0.0006932498168015852
74.7,-0.000936363188140821
74.8,-0.0011842486277801863
74.9,-0.0014371092435252971
75.0,-0.0016951594769647686
75.10000000000001,-0.0019586258121891656
75.2,-0.0022277475182779973
75.3,-0.002502777422147496
75.4,-0.002783982706222486
75.5,-0.0030716457225228567
75.60000000000001,-0.003366064810898657
75.7,-0.0036675551039884718
75.8,-0.0039764492945898785
75.9,-0.004293098331954475
76.0,-0.004617872001301276
76.10000000000001,-0.004951159324577392
76.2,-0.0052933686988421505
76.3,-0.005644927659814185
76.4,-0.006006282119697549
76.5,-0.006377894877176684
76.60000000000001,-0.006760243129146127
76.7,-0.007153814622599105
76.8,-0.0075591019635630865
76.9,-0.007976594438089436
77.0,-0.008406766485180574
77.10000000000001,-0.008850061676796176
77.2,-0.009306870685600432
77.3,-0.009777501233509744
77.4,-0.010262137388892294
77.5,-0.010760784797524806
77.60000000000001,-0.011273197489112888
77.7,-0.011798780835905269
77.8,-0.012336464178872478
77.9,-0.012884535874536822
78.0,-0.013440433645843419
78.10000000000001,-0.01400048522911913
78.2,-0.014559600204569173
78.3,-0.01511092626528414
78.4,-0.015645505334600476
78.5,-0.01615199950470825
78.60000000000001,-0.016616602258077973
78.7,-0.01702329514961438
78.8,-0.017354625358837316
78.9,-0.017593120204878968
79.0,-0.017723281728757114
79.10000000000001,-0.01773383426898078
79.2,-0.017619647597973076
79.3,-0.017382712071924378
79.4,-0.017031808959847416
79.5,-0.01658099254609041
79.60000000000001,-0.016047406583787383
79.7,-0.015449077606975331
79.8,-0.014803162304177594
79.9,-0.014124842287637385
80.0,-0.013426824058783125
80.10000000000001,-0.01271928372787756
80.2,-0.012010078216518717
80.3,-0.011305079802869282
80.4,-0.010608539654101704
80.5,-0.009923427958193398
80.60000000000001,-0.009251727362486513
80.7,-0.008594673787762285
80.8,-0.007952947657891342
80.9,-0.007326822362039275
81.0,-0.006716277678290433
81.10000000000001,-0.006121085406554112
81.2,-0.0055408734251765545
81.3,-0.0049751732364082665
81.4,-0.004423455002233878
81.5,-0.0038851531688246822
81.60000000000001,-0.0033596850469700297
81.7,-0.002846464141596695
81.8,-0.0023449095807447015
81.9,-0.001854452657182219
82.0,-0.001374541241092475
82.10000000000001,-0.0009046426307863125
82.2,-0.0004442452649344736
82.3,7.140387457825749e-06
82.4,0.0004499815232281214
82.5,0.0008847231110653122
82.60000000000001,0.0013117882756035297
82.7,0.0017315788610426878
82.8,0.002144476100386325
82.9,0.0025508413346150773
83.0,0.0029510167394903248
83.10000000000001,0.003345326027368308
83.2,0.0037340750982549045
83.3,0.0041175526189682
83.4,0.00449603051214751
83.5,0.004869764338263937
83.60000000000001,0.005238993553950968
83.7,0.005603941628996737
83.8,0.005964816002256071
83.9,0.0063218078535119925
84.0,0.006675091663829837
84.10000000000001,0.007024824531011155
84.2,0.00737114519908396
84.3,0.00771417275096534
84.4,0.00805400490096543
84.5,0.00839071580795268
84.60000000000001,0.008724353309819629
84.7,0.009054935454118493
84.8,0.009382446166714874
84.9,0.009706829857836453
85.0,0.010027984710068185
85.10000000000001,0.01034575432183871
85.2,0.010659917287741235
85.3,0.010970174177137313
85.4,0.01127613121664815
85.5,0.011577279780233748
85.60000000000001,0.011872970531076422
85.7,0.01216238073134117
85.8,0.012444472833610082
85.9,0.012717942004363509
86.0,0.012981149767064194
86.10000000000001,0.013232040670941218
86.2,0.013468039253332276
86.3,0.0136859266884505
86.4,0.013881703071207762
86.5,0.01405045862231244
86.60000000000001,0.014186320486186243
86.7,0.014282648426257606
86.8,0.014332914244595877
86.9,0.014333340797151381
87.0,0.014289918692516933
87.10000000000001,0.014235830394210268
87.2,0.01427072217931171
87.3,0.01462945758605691
87.4,0.015722063800806724
87.5,0.01794409282637494
87.60000000000001,0.021282798204339738
87.7,0.025321468019064323
87.8,0.029613421558149017
87.9,0.03382655568425854
88.0,0.03766340723357498
88.10000000000001,0.04077725964070432
88.2,0.04277640066174778
88.3,0.0433043163997145
88.4,0.042067250824784026
88.5,0.03865889638199922
88.60000000000001,0.03251270873521004
88.7,0.030404278856465624
88.8,0.03628261950221181
88.9,0.03894943176430341
89.0,0.03761024903786057
89.10000000000001,0.032441446309537825
89.2,0.024476287317602104
89.3,0.015221900091478847
89.4,0.006175012918071987
89.5,-0.0008512553976783972
89.60000000000001,-0.004492688794461394
89.7,-0.005616884848554143
89.8,-0.00567511652986371
89.9,-0.005363663328541333
90.0,-0.004929924121312305
90.10000000000001,-0.004460347011402359
90.2,-0.003985737635021644
90.3,-0.003517043039864318
90.4,-0.0030579732351042207
90.5,-0.002609577267669295
90.60000000000001,-0.0021719254799641673
90.7,-0.001744733150246004
90.8,-0.00132759346025203
90.9,-0.0009200653029927538
91.0,-0.0005217067086676977
91.10000000000001,-0.00013208764219525438
91.2,0.00024920518317445576
91.3,0.0006225666833091905
91.4,0.0009883731185818443
91.5,0.0013469824061325547
91.60000000000001,0.0016987347159698107
91.7,0.0020439532076047535
91.8,0.002382944834667582
91.9,0.0027160011768181955
92.0,0.003043399274176599
92.10000000000001,0.0033654024484062184
92.2,0.0036822611000997293
92.3,0.003994213475790451
92.4,0.004301486400467194
92.5,0.004604295973284496
92.60000000000001,0.004902848225455028
92.7,0.005197339740229851
92.8,0.005487958235513605
92.9,0.005774883110096847
93.0,0.006058285954769026
93.10000000000001,0.006338331029742022
93.2,0.006615175709894673
93.3,0.006888970899365788
93.4,0.007159861416992226
93.5,0.007427986354022709
93.60000000000001,0.007693479405445096
93.7,0.007956469176151669
93.8,0.00821707946303771
93.9,0.008475429513985862
94.0,0.008731634264534053
94.10000000000001,0.008985804552858169
94.2,0.00923804731352213
94.3,0.009488465750255201
94.4,0.009737159487807883
94.5,0.009984224702709535
94.60000000000001,0.010229754232499486
94.7,0.010473837662723404
94.8,0.010716561390671337
94.9,0.01095800866447643
95.0,0.011198259595782818
95.10000000000001,0.011437391143717357
95.2,0.011675477067347687
95.3,0.011912587843161258
95.4,0.012148790543335446
95.5,0.012384148669660562
95.60000000000001,0.012618721936893515
95.7,0.012852565998018846
95.8,0.013085732102325257
95.9,0.013318266675306483
96.0,0.01355021080708497
96.10000000000001,0.013781599633235216
96.2,0.014012461588422898
96.3,0.01424281750901417
96.4,0.014472679555539537
96.5,0.014702049919353482
96.60000000000001,0.014930919269673586
96.7,0.015159264886970919
96.8,0.015387048415847338
96.9,0.0156142131543353
97.0,0.0158406807760286
97.10000000000001,0.016066347355343392
97.2,0.016291078532881656
97.3,0.016514703615193256
97.4,0.016737008348448077
97.5,0.016957726035087002
97.60000000000001,0.017176526571931795
97.7,0.017393002871977686
97.8,0.017606653983724185
97.9,0.017816864034681655
98.0,0.018022875894429986
98.10000000000001,0.01822375817821872
98.2,0.01841836391218978
98.3,0.01860527891397548
98.4,0.018782757859342466
98.5,0.01894864647043349
98.60000000000001,0.019100290116823168
98.7,0.019234434299620417
98.8,0.01934713543448978
98.9,0.019433731381708945
99.0,0.01948899457215345
99.10000000000001,0.019507764034069907
99.2,0.019486762457012998
99.3,0.019429257389937154
99.4,0.01935629205020736
99.5,0.019331674810702835
99.60000000000001,0.019507980791405144
99.7,0.02017081298607465
99.8,0.02166452621856418
99.9,0.024116131933285743
100.0,0.027292163335767766
100.10000000000001,0.030827766598236123
100.2,0.03443088993035828
100.3,0.03787414166561882
100.4,0.04091837318331968
100.5,0.0432716456576561
100.60000000000001,0.0446144391266318
100.7,0.044658178048743426
100.8,0.043127460811110956
100.9,0.03957737207521532
101.0,0.033957828397506655
101.10000000000001,0.0351245374152788
101.2,0.039837690045430196
101.3,0.041320123422765774
101.4,0.039378479757801586
101.5,0.03428488664360101
101.60000000000001,0.027016675355668714
101.7,0.018750305781066363
101.8,0.010506916365684009
101.9,0.0034909772016267966
102.0,-0.0009112592060473114
102.10000000000001,-0.002686083457024316
102.2,-0.003081800764976253
102.3,-0.0029566092406456954
102.4,-0.0026506440219599566
102.5,-0.002285480430602247
102.60000000000001,-0.0019048782997086408
102.7,-0.0015246693919619381
102.8,-0.0011504601168958576
102.9,-0.000784077343025848
103.0,-0.0004259500360481357
103.10000000000001,-7.599548390132864e-05
103.2,0.0002660496885350256
103.3,0.0006005056554556869
103.4,0.0009277031111832962
103.5,0.0012479661713513523
103.60000000000001,0.001561606308492088
103.7,0.0018689204903129992
103.8,0.0021701909321778933
103.9,0.0024656854730026154
104.0,0.0027556581889017612
104.10000000000001,0.003040350090323529
104.2,0.003319989838364635
104.3,0.00359479445193233
104.4,0.003864969992502256
104.5,0.004130712220011786
104.60000000000001,0.004392207216787225
104.7,0.004649631978240649
104.8,0.004903154970167789
104.9,0.005152936653169827
105.0,0.005399129975167773
105.10000000000001,0.00564188083326351
105.2,0.005881328506375488
105.3,0.0061176060601721965
105.4,0.006350840725865555
105.5,0.006581154254424915
105.60000000000001,0.006808663247742893
105.7,0.007033479468235157
105.8,0.00725571012829437
105.9,0.007475458160948463
106.0,0.0076928224729989544
106.10000000000001,0.007907898181838641
106.2,0.008120776837071705
106.3,0.008331546627984101
106.4,0.008540292577839495
106.5,0.008747096725905807
106.60000000000001,0.00895203829805067
106.7,0.009155193866680612
106.8,0.009356637500738502
106.9,0.009556440906417014
107.0,0.009754673559192219
107.10000000000001,0.009951402827730566
107.2,0.010146694090174867
107.3,0.01034061084326921
107.4,0.01053321480473994
107.5,0.010724566009308531
107.60000000000001,0.010914722898672777
107.7,0.011103742405754756
107.8,0.01129168003347699
107.9,0.01147858992829187
108.0,0.01166452494865377
108.10000000000001,0.011849536728586928
108.2,0.012033675736466248
108.3,0.01221699132909059
108.4,0.012399531801089646
108.5,0.012581344429665018
108.60000000000001,0.012762475514622819
108.7,0.012942970413609142
108.8,0.013122873572409141
108.9,0.013302228550115492
109.0,0.013481078038910684
109.10000000000001,0.013659463878139246
109.2,0.013837427062269148
109.3,0.014015007742254155
109.4,0.014192245219709614
109.5,0.01436917793319981
109.60000000000001,0.014545843435803575
109.7,0.01472227836297252
109.8,0.01489851838951923
109.9,0.015074598174366158
110.0,0.015250551291444208
110.10000000000001,0.015426410144845614
110.2,0.015602205866001057
110.3,0.0157779681902546
110.4,0.015953725309740645
110.5,0.016129503698908036
110.60000000000001,0.01630532790836973
110.7,0.01648122032195858
110.8,0.01665720087091116
110.9,0.016833286697948
111.0,0.017009491762624094
111.10000000000001,0.01718582637763372
111.2,0.017362296663698536
111.3,0.017538903908160243
111.4,0.01771564380932919
111.5,0.017892505584867973
111.60000000000001,0.018069470917838577
111.7,0.018246512708286717
111.8,0.018423593591090585
111.9,0.018600664171895112
112.0,0.01877766092181368
112.10000000000001,0.01895450365760031
112.2,0.019131092516395387
112.3,0.019307304311923363
112.4,0.01948298813088703
112.5,0.019657959992623073
112.60000000000001,0.019831996349797657
112.7,0.020004826150483726
112.8,0.020176121109331535
112.9,0.020345483744311176
113.0,0.02051243262232804
113.10000000000001,0.020676384119755423
113.2,0.02083662984428227
113.3,0.02099230869371376
113.4,0.02114237237873181
113.5,0.021285543191795233
113.60000000000001,0.02142026305008791
113.7,0.02154463379091477
113.8,0.021656351262642107
113.9,0.02175264193313351
114.0,0.021830224966263318
114.10000000000001,0.021885354949546645
114.2,0.021914073271563975
114.3,0.02191296089075718
114.4,0.02188105617832656
114.5,0.021824411489321127
114.60000000000001,0.021766349220923478
114.7,0.021768538411899303
114.8,0.021965372138230355
114.9,0.02258676659116458
115.0,0.023883895609878296
115.10000000000001,0.025930811217495006
115.2,0.02854618985956362
115.3,0.031458807006605916
115.4,0.034448829776470506
115.5,0.03734639034441936
115.60000000000001,0.03997761153580902
115.7,0.04212696561101592
115.8,0.043541308231802835
115.9,0.04396875159258057
116.0,0.04317187375104868
116.10000000000001,0.04082962229318635
116.2,0.03649499435249381
116.3,0.03425434489564343
116.4,0.038629385650912305
116.5,0.041038268521467657
116.60000000000001,0.0405635348991943
116.7,0.0372643046562092
116.8,0.03169384169585653
116.9,0.024755781768100803
117.0,0.017169746618088382
117.10000000000001,0.009363590052424221
117.2,0.0017341284116419236
117.3,-0.004724424866744174
117.4,-0.00829099080147437
117.5,-0.009266523899009999
117.60000000000001,-0.009265478109475147
117.7,-0.008971947615741575
117.8,-0.008570662516888119
117.9,-0.008122589037329759
118.0,-0.007654287641843337
118.10000000000001,-0.007179229519566088
118.2,-0.0067048529162962184
118.3,-0.0062355239480446556
118.4,-0.005773909057342933
118.5,-0.005321653735774682
118.60000000000001,-0.0048797456812799825
118.7,-0.0044487278675040525
118.8,-0.0040288346970487115
118.9,-0.003620084663942838
119.0,-0.0032223458959873236
119.10000000000001,-0.0028353834505779364
119.2,-0.002458893726040582
119.3,-0.0020925295300303712
119.4,-0.0017359182849508365
119.5,-0.0013886751646363966
119.60000000000001,-0.0010504124816959428
119.7,-0.0007207463028999015
119.8,-0.0003993010188146555
119.9,-8.571240781950069e-05
120.0,0.00022037040367756135
120.10000000000001,0.0005192837859672729
120.2,0.0008113490335324687
120.3,0.0010968722102623388
120.4,0.0013761442899298069
120.5,0.0016494415012355663
120.60000000000001,0.0019170258104230626
120.7,0.0021791454921620728
120.8,0.0024360357526112945
120.9,0.0026879193784362628
121.0,0.0029350073929227147
121.10000000000001,0.0031774997058154515
121.2,0.003415585747598646
121.3,0.0036494450819658736
121.4,0.0038792479924694475
121.5,0.004105156040985967
121.60000000000001,0.004327322596836422
121.7,0.004545893336265658
121.8,0.004761006712601813
121.9,0.004972794397844428
122.0,0.005181381696718177
122.10000000000001,0.00538688793441362
122.2,0.0055894268193443005
122.3,0.005789106782301363
122.4,0.005986031293398289
122.5,0.006180299158180998
122.60000000000001,0.006372004794241037
122.7,0.006561238489618806
122.8,0.00674808664422419
122.9,0.006932631995437598
123.0,0.007114953828987634
123.10000000000001,0.00729512817613451
123.2,0.007473227998122113
123.3,0.007649323358797423
123.4,0.007823481586234316
123.5,0.007995767424140007
123.60000000000001,0.008166243173766912
123.7,0.008334968827000484
123.8,0.00850200219124457
123.9,0.008667399006680268
124.0,0.008831213056431602
124.10000000000001,0.008993496270131919
124.2,0.009154298821348177
124.3,0.0093136692192864
124.4,0.00947165439517008
124.5,0.009628299783654358
124.60000000000001,0.009783649399611856
124.7,0.00993774591060136
124.8,0.010090630705307546
124.9,0.010242343958218948
125.0,0.01039292469079162
125.10000000000001,0.010542410829328197
125.2,0.010690839259785184
125.3,0.010838245879706028
125.4,0.010984665647463266
125.5,0.011130132628979881
125.60000000000001,0.011274680042087794
125.7,0.011418340298670199
125.8,0.011561145044723865
125.9,0.01170312519846789
126.0,0.011844310986616305
126.10000000000001,0.01198473197892353
126.2,0.0121244171211038
126.3,0.012263394766218351
126.4,0.012401692704617258
126.5,0.012539338192516377
126.60000000000001,0.012676357979283745
126.7,0.012812778333503987
126.8,0.012948625067883886
126.9,0.01308392356305699
127.0,0.013218698790340176
127.10000000000001,0.01335297533349024
127.2,0.013486777409503947
127.3,0.013620128888500376
127.4,0.01375305331271994
127.5,0.013885573914669975
127.60000000000001,0.014017713634442382
127.7,0.014149495136224249
127.8,0.01428094082401789
127.9,0.01441207285658193
128.0,0.014542913161600305
128.1,0.01467348344908077
128.2,0.014803805223979307
128.3,0.014933899798040908
128.4,0.015063788300841116
128.5,0.015193491690006007
128.6,0.015323030760581028
128.7,0.015452426153511131
128.8,0.015581698363185863
128.9,0.015710867743993356
129.0,0.01583995451581624
129.1,0.01596897876839061
129.2,0.016097960464435335
129.3,0.016226919441443916
129.4,0.016355875412013773
129.5,0.01648484796256823
129.6,0.016613856550304375
129.7,0.01674292049817466
129.8,0.016872058987681182
129.9,0.01700129104922877
130.0,0.017130635549744942
130.1,0.01726011117723169
130.2,0.017389736421863686
130.3,0.017519529553190163
130.4,0.017649508592930827
130.5,0.017779691282779116
130.6,0.01791009504653654
130.7,0.018040736945797584
130.8,0.018171633628283383
130.9,0.018302801267780593
131.0,0.01843425549447599
131.1,0.01856601131428282
131.2,0.018698083015526133
131.3,0.018830484061084885
131.4,0.018963226963770275
131.5,0.019096323142342737
131.6,0.019229782755122847
131.7,0.01936361450761874
131.8,0.019497825429957316
131.9,0.019632420619146322
132.0,0.019767402940281988
132.1,0.019902772679719374
132.2,0.020038527141897317
132.3,0.020174660179906167
132.4,0.020311161647938683
132.5,0.02044801676139182
132.6,0.020585205347488027
132.7,0.02072270096573005
132.8,0.020860469873132018
132.9,0.020998469803775646
133.0,0.021136648525564652
133.1,0.021274942128762412
133.2,0.02141327299057874
133.3,0.021551547347190825
133.4,0.021689652388469236
133.5,0.021827452770489683
133.6,0.021964786415596283
133.7,0.02210145943806102
133.8,0.022237239993737872
133.9,0.022371850802830925
134.0,0.022504960034263926
134.1,0.022636170166865244
134.2,0.022765004356799148
134.3,0.022890889746050292
134.4,0.023013137054895532
134.5,0.02313091574072076
134.6,0.023243224040321378
134.7,0.023348853480913728
134.8,0.02344634823847241
134.9,0.02353396165630841
135.0,0.023609616615437687
135.1,0.023670886056142766
135.2,0.023715030803502755
135.3,0.023739177067187592
135.4,0.023740814203609566
135.5,0.023719005764802546
135.6,0.02367715445214903
135.7,0.02362902516612968
135.8,0.023610963834940032
135.9,0.02370291014523379
136.0,0.024050166111324475
136.1,0.024844468532410745
136.2,0.02621388108172023
136.3,0.02810784121482212
136.4,0.03034377189854917
136.5,0.03273564074873559
136.6,0.03514265783218446
136.70000000000002,0.03744528807559531
136.8,0.03950821961281977
136.9,0.04115991386005934
137.0,0.04220019919324094
137.1,0.042426688521592655
137.20000000000002,0.041633845456390144
137.3,0.03952597576600459
137.4,0.03579069980204003
137.5,0.034719394963109815
137.6,0.038403111998002865
137.70000000000002,0.04022940850291648
137.8,0.039688285616167863
137.9,0.03684184966371115
138.0,0.032139582409735634
138.1,0.026260370333719633
138.20000000000002,0.01966374206801712
138.3,0.012437628378362752
138.4,0.004923410588596259
138.5,0.0020309134390665007
138.6,0.002986187438035953
138.70000000000002,0.003583975300428552
138.8,0.003812749414101388
138.9,0.003879983189030404
139.0,0.003881209223894451
139.1,0.0038555280729270793
139.20000000000002,0.0038186125869122413
139.3,0.003776704380452711
139.4,0.003732277317174865
139.5,0.0036863037876671734
139.6,0.0036391582916037017
139.70000000000002,0.0035909771508009203
139.8,0.0035418015849705085
139.9,0.003491634577813169
140.0,0.0034404634561357728
140.1,0.0033882688378822842
140.20000000000002,0.0033350281623406005
140.3,0.0032807170669192625
140.4,0.003225309907393844
140.5,0.0031687799366145078
140.6,0.0031110993460344368
140.70000000000002,0.003052239251051851
140.8,0.00299216965217494
140.9,0.00293085938457047
141.0,0.002868276060830931
141.1,0.0028043860087198077
141.20000000000002,0.0027391542044229223
141.3,0.002672544201332406
141.4,0.002604518054176637
141.5,0.00253503623820951
141.6,0.0024640575631159276
141.70000000000002,0.0023915390812499736
141.8,0.0023174359897868277
141.9,0.002241701526334683
142.0,0.00216428685751701
142.1,0.0020851409599977537
142.20000000000002,0.0020042104933822996
142.3,0.0019214396643852196
142.4,0.0018367700816121154
142.5,0.0017501406002577247
142.6,0.0016614871559762275
142.70000000000002,0.0015707425871333454
142.8,0.0014778364446042707
142.9,0.0013826947882384056
143.0,0.0012852399690733065
143.1,0.0011853903963489636
143.20000000000002,0.0010830602883534315
143.3,0.0009781594061268875
143.4,0.0008705927690701427
143.5,0.0007602603515544831
143.6,0.0006470567597240964
143.70000000000002,0.0005308708878359915
143.8,0.00041158555371569673
143.9,0.0002890771132472533
144.0,0.00016321505429889936
144.1,3.386157115879405e-05
144.20000000000002,-9.912887851970618e-05
144.3,-0.00023591003100312347
144.4,-0.00037664428302788626
144.5,-0.000521503160354192
144.6,-0.0006706677779826927
144.70000000000002,-0.0008243292775711674
144.8,-0.000982689222080193
144.9,-0.0011459599203220813
145.0,-0.0013143646442700951
145.1,-0.0014881376888788674
145.20000000000002,-0.001667524206664505
145.3,-0.001852779725907034
145.4,-0.0020441692300756575
145.5,-0.0022419656342712413
145.6,-0.0024464474385740317
145.70000000000002,-0.0026578952634646715
145.8,-0.002876586872767656
145.9,-0.003102790156852335
146.0,-0.0033367533730232473
146.1,-0.0035786917088762708
146.20000000000002,-0.0038287689339544027
146.3,-0.0040870725214428305
146.4,-0.004353580145378889
146.5,-0.004628114893845401
146.6,-0.004910285920065228
146.70000000000002,-0.00519941068041823
146.8,-0.005494414600601481
146.9,-0.005793704397087925
147.0,-0.006095013122021149
147.1,-0.006395219520218438
147.20000000000002,-0.006690153207630599
147.3,-0.006974412392126352
147.4,-0.007241243248438985
147.5,-0.007482556907642446
147.6,-0.007689180994951882
147.70000000000002,-0.007851436839240266
147.8,-0.007960074039609188
147.9,-0.008007468359644585
148.0,-0.007988829993494205
148.1,-0.007903067355026612
148.20000000000002,-0.0077530046207676465
148.3,-0.007544870333746233
148.4,-0.007287243234626632
148.5,-0.00698980182199381
148.6,-0.006662206818336217
148.70000000000002,-0.006313306941936026
148.8,-0.005950703843790921
148.9,-0.005580611596585972
149.0,-0.005207911105290242
149.1,-0.004836308199398659
149.20000000000002,-0.004468529805981198
149.3,-0.004106518715621895
149.4,-0.0037516072194823643
149.5,-0.0034046624789475476
149.6,-0.0030662034396489635
149.70000000000002,-0.0027364923554503125
149.8,-0.002415605100297161
149.9,-0.0021034844547916324
150.0,-0.0017999800770523878
150.1,-0.0015048782373974713
150.20000000000002,-0.0012179237761654593
150.3,-0.0009388362011208296
150.4,-0.0006673213941761605
150.5,-0.00040308004275144116
150.6,-0.0001458136362720327
150.70000000000002,0.00010477134167153474
150.8,0.00034896055388692097
150.9,0.0005870299307763713
151.0,0.0008192445096389812
151.1,0.0010458577965178858
151.20000000000002,0.0012671115050485705
151.3,0.0014832355641095057
151.4,0.0016944483139630024
151.5,0.0019009568314053834
151.6,0.00210295734001277
151.70000000000002,0.0023006356732061584
151.8,0.0024941677665598536
151.9,0.0026837201622805663
152.0,0.0028694505136415503
152.1,0.0030515080807789682
152.20000000000002,0.003230034211953616
152.3,0.003405162806380779
152.4,0.0035770207562072403
152.5,0.0037457283662969986
152.6,0.003911399751274138
152.70000000000002,0.0040741432098359105
152.8,0.00423406157674726
152.9,0.004391252553201654
153.0,0.004545809016413985
153.1,0.004697819309423418
153.20000000000002,0.004847367512145572
153.3,0.00499453369473811
153.4,0.005139394154341892
153.5,0.005282021636239336
153.6,0.005422485540437955
153.70000000000002,0.00556085211464529
153.8,0.0056971846345540075
153.9,0.005831543572306021
154.0,0.0059639867539531865
154.1,0.006094569506681238
154.20000000000002,0.006223344796513658
154.3,0.006350363357163917
154.4,0.006475673810658388
154.5,0.006599322780308429
154.6,0.006721354996568714
154.70000000000002,0.006841813396280098
154.8,0.006960739215758949
154.9,0.007078172078160937
155.0,0.007194150075515777
155.1,0.007308709845800097
155.20000000000002,0.007421886645388439
155.3,0.007533714417197254
155.4,0.007644225854813515
155.5,0.007753452462878007
155.6,0.007861424613973543
155.70000000000002,0.007968171602249984
155.8,0.008073721694000982
155.9,0.008178102175391838
156.0,0.008281339397523256
156.1,0.008383458819002675
156.20000000000002,0.008484485046182409
156.3,0.008584441871212581
156.4,0.008683352308046304
156.5,0.008781238626524935
156.6,0.008878122384662276
156.70000000000002,0.008974024459238332
156.8,0.00906896507480562
156.9,0.00916296383120398
157.0,0.009256039729673272
157.1,0.009348211197647322
157.20000000000002,0.00943949611230694
157.3,0.00952991182296451
157.4,0.009619475172348062
157.5,0.00970820251684806
157.6,0.009796109745786184
157.70000000000002,0.009883212299761471
157.8,0.009969525188125645
157.9,0.010055063005636142
158.0,0.010139839948332308
158.1,0.010223869828677344
158.20000000000002,0.010307166090005959
158.3,0.010389741820315192
158.4,0.010471609765433553
158.5,0.010552782341601553
158.6,0.010633271647494611
158.70000000000002,0.01071308947571749
158.8,0.010792247323797745
158.9,0.010870756404703912
159.0,0.01094862765691276
159.1,0.011025871754048481
159.20000000000002,0.011102499114115342
159.3,0.011178519908344106
159.4,0.011253944069671376
159.5,0.011328781300869928
159.6,0.011403041082347085
159.70000000000002,0.011476732679627195
159.8,0.011549865150533465
159.9,0.011622447352083459
160.0,0.011694487947111922
160.1,0.011765995410633681
160.20000000000002,0.011836978035958852
160.3,0.011907443940571822
160.4,0.011977401071784893
160.5,0.012046857212176932
160.6,0.012115819984826776
160.70000000000002,0.012184296858350681
160.8,0.012252295151752617
160.9,0.012319822039095677
161.0,0.01238688455400264
161.1,0.012453489593993077
161.20000000000002,0.012519643924664226
161.3,0.012585354183722362
161.4,0.012650626884871135
161.5,0.01271546842156301
161.6,0.012779885070619603
161.70000000000002,0.012843882995726497
161.8,0.012907468250807809
161.9,0.012970646783285486
162.0,0.013033424437228193
162.1,0.013095806956394297
162.20000000000002,0.013157799987173308
162.3,0.013219409081429953
162.4,0.013280639699254729
162.5,0.013341497211624863
162.6,0.01340198690297914
162.70000000000002,0.0134621139737101
162.8,0.013521883542576886
162.9,0.0135813006490418
163.0,0.013640370255533683
163.1,0.01369909724964086
163.20000000000002,0.013757486446236472
163.3,0.01381554258953875
163.4,0.013873270355108758
163.5,0.013930674351788018
163.6,0.013987759123578272
163.70000000000002,0.014044529151465578
163.8,0.014100988855190906
163.9,0.014157142594969118
164.0,0.014212994673158418
164.1,0.014268549335882
164.20000000000002,0.014323810774603709
164.3,0.01437878312765945
164.4,0.014433470481745925
164.5,0.014487876873368277
164.6,0.014542006290248193
164.70000000000002,0.014595862672693815
164.8,0.014649449914932968
164.9,0.014702771866410934
165.0,0.014755832333054088
165.1,0.014808635078500665
165.20000000000002,0.014861183825299797
165.3,0.014913482256079986
165.4,0.014965534014688064
165.5,0.015017342707299784
165.6,0.015068911903502973
165.70000000000002,0.01512024513735427
165.8,0.01517134590841039
165.9,0.015222217682734806
166.0,0.015272863893880743
166.1,0.015323287943851344
166.20000000000002,0.015373493204037756
166.3,0.015423483016136042
166.4,0.01547326069304355
166.5,0.015522829519735552
166.6,0.015572192754122872
166.70000000000002,0.015621353627891119
166.8,0.01567031534732227
166.9,0.015719081094099155
167.0,0.015767654026093574
167.1,0.01581603727813854
167.20000000000002,0.01586423396278529
167.3,0.015912247171045633
167.4,0.015960079973120097
167.5,0.01600773541911256
167.6,0.016055216539731715
167.70000000000002,0.016102526346979954
167.8,0.016149667834830166
167.9,0.016196643979890842
168.0,0.016243457742060027
168.1,0.016290112065168533
168.20000000000002,0.016336609877612783
168.3,0.016382954092977856
168.4,0.016429147610650927
168.5,0.01647519331642574
168.6,0.016521094083098268
168.70000000000002,0.01656685277105415
168.8,0.01661247222884812
168.9,0.01665795529377584
169.0,0.016703304792438523
169.1,0.016748523541300648
169.20000000000002,0.01679361434724111
169.3,0.016838580008098153
169.4,0.01688342331320838
169.5,0.01692814704394019
169.6,0.016972753974221925
169.70000000000002,0.017017246871065057
169.8,0.01706162849508268
169.9,0.017105901601003635
170.0,0.017150068938182546
170.1,0.017194133251106043
170.20000000000002,0.01723809727989545
170.3,0.017281963760806266
170.4,0.017325735426724616
170.5,0.017369415007661038
170.6,0.01741300523124182
170.70000000000002,0.017456508823198165
170.8,0.017499928507853445
170.9,0.017543267008608806
171.0,0.017586527048427364
171.1,0.0176297113503173
171.20000000000002,0.017672822637814004
171.3,0.017715863635461692
171.4,0.017758837069294507
171.5,0.01780174566731761
171.6,0.01784459215998833
171.70000000000002,0.017887379280697696
171.8,0.017930109766252596
171.9,0.01797278635735879
172.0,0.018015411799105048
172.1,0.018057988841448682
172.20000000000002,0.018100520239702635
172.3,0.018143008755024514
172.4,0.018185457154907696
172.5,0.01822786821367482
172.6,0.01827024471297394
172.70000000000002,0.01831258944227752
172.8,0.01835490519938465
172.9,0.018397194790926576
173.0,0.018439461032876005
173.1,0.018481706751060277
173.20000000000002,0.01852393478167878
173.3,0.018566147971824865
173.4,0.01860834918001247
173.5,0.018650541276707823
173.6,0.018692727144866444
173.70000000000002,0.01873490968047577
173.8,0.01877709179310367
173.9,0.018819276406453127
174.0,0.01886146645892346
174.1,0.0189036649041783
174.20000000000002,0.018945874711720677
174.3,0.018988098867475565
174.4,0.019030340374380107
174.5,0.019072602252981935
174.6,0.019114887542045902
174.70000000000002,0.0191571992991695
174.8,0.019199540601407415
174.9,0.01924191454590543
175.0,0.019284324250544188
175.1,0.01932677285459305
175.20000000000002,0.019369263519374486
175.3,0.01941179942893936
175.4,0.01945438379075349
175.5,0.01949701983639587
175.6,0.019539710822268977
175.70000000000002,0.019582460030321543
175.8,0.01962527076878422
175.9,0.019668146372918572
176.0,0.0197110902057798
176.1,0.019754105658993652
176.20000000000002,0.019797196153547993
176.3,0.019840365140599423
176.4,0.019883616102295484
176.5,0.019926952552612863
176.6,0.019970378038212108
176.70000000000002,0.020013896139309324
176.8,0.0200575104705654
176.9,0.020101224681993095
177.0,0.020145042459882762
177.1,0.020188967527746952
177.20000000000002,0.020233003647284607
177.3,0.020277154619365263
177.4,0.020321424285033803
177.5,0.020365816526536344
177.6,0.020410335268367708
177.70000000000002,0.020454984478341074
177.8,0.0204997681686803
177.9,0.020544690397135433
178.0,0.020589755268121998
178.1,0.02063496693388448
178.20000000000002,0.020680329595684565
178.3,0.02072584750501465
178.4,0.02077152496483702
178.5,0.020817366330849203
178.6,0.020863376012775957
178.70000000000002,0.020909558475688223
178.8,0.020955918241349465
178.9,0.021002459889589688
179.0,0.02104918805970748
179.1,0.02109610745190024
179.20000000000002,0.021143222828722757
179.3,0.021190539016574337
179.4,0.021238060907214317
179.5,0.021285793459306035
179.6,0.021333741699989004
179.70000000000002,0.02138191072647893
179.8,0.02143030570769523
179.9,0.02147893188591528
180.0,0.021527794578454756
180.1,0.02157689917937293
180.20000000000002,0.021626251161201777
180.3,0.021675856076697354
180.4,0.02172571956061162
180.5,0.021775847331482683
180.6,0.021826245193440803
180.70000000000002,0.02187691903802736
180.8,0.021927874846023286
180.9,0.02197911868928298
181.0,0.02203065673256923
181.1,0.022082495235383765
181.20000000000002,0.02213464055378744
181.3,0.022187099142203147
181.4,0.022239877555193462
181.5,0.02229298244920407
181.6,0.022346420584262616
181.70000000000002,0.02240019882562125
181.8,0.022454324145329572
181.9,0.022508803623722706
182.0,0.022563644450807434
182.1,0.022618853927526696
182.20000000000002,0.022674439466880324
182.3,0.022730408594876853
182.4,0.022786768951287756
182.5,0.022843528290171767
182.6,0.0229006944801325
182.70000000000002,0.022958275504267545
182.8,0.02301627945976181
182.9,0.02307471455707108
183.0,0.023133589118634917
183.1,0.023192911577049193
183.20000000000002,0.02325269047261935
183.3,0.023312934450204412
183.4,0.023373652255249282
183.5,0.02343485272888863
183.6,0.023496544801989084
183.70000000000002,0.023558737487977682
183.8,0.023621439874282748
183.9,0.023684661112188168
184.0,0.02374841040487332
184.1,0.023812696993377232
184.20000000000002,0.02387753014018685
184.3,0.02394291911010437
184.4,0.024008873147996188
184.5,0.02407540145296534
184.6,0.024142513148418043
184.70000000000002,0.024210217247412263
184.8,0.024278522612578773
184.9,0.024347437909791193
185.0,0.024416971554627406
185.1,0.024487131650506443
185.20000000000002,0.02455792591719811
185.3,0.024629361608181306
185.4,0.024701445415064117
185.5,0.024774183356965972
185.6,0.024847580652388807
185.70000000000002,0.024921641570657203
185.8,0.024996369259471376
185.9,0.025071765544471145
186.0,0.02514783069592993
186.1,0.02522456315675394
186.20000000000002,0.025301959224815217
186.3,0.02538001268124992
186.4,0.025458714354644103
186.5,0.025538051608932386
186.6,0.02561800774025252
186.70000000000002,0.025698561264807445
186.8,0.025779685075828694
186.9,0.025861345442808107
187.0,0.025943500820010432
187.1,0.026026100423563937
187.20000000000002,0.02610908252672071
187.3,0.02619237241063116
187.4,0.02627587989247831
187.5,0.02635949633315885
187.6,0.02644309100172475
187.70000000000002,0.026526506642065843
187.8,0.02660955404704931
187.9,0.02669200539446133
188.0,0.026773586035380496
188.1,0.026853964347077274
188.20000000000002,0.026932739168512927
188.3,0.027009424230011184
188.4,0.027083428881536784
188.5,0.027154034348011315
188.6,0.027220364770750308
188.70000000000002,0.02728135260205604
188.8,0.027335698883019444
188.9,0.02738183138540732
189.0,0.027417869382246173
189.1,0.027441617059595358
189.20000000000002,0.027450637654955378
189.3,0.02744252868551491
189.4,0.027415673621943658
189.5,0.02737109214562562
189.6,0.027316741884607212
189.70000000000002,0.02727687732262189
189.8,0.02730966996402921
189.9,0.027528842530501137
190.0,0.028094171323850222
190.1,0.029116761858516763
190.20000000000002,0.030551760464872624
190.3,0.032242542574437004
190.4,0.034036505774501416
190.5,0.03582071432984647
190.6,0.03749594811878697
190.70000000000002,0.03894607215762819
190.8,0.04002743818614751
190.9,0.04058415625450674
191.0,0.04046927954295009
191.1,0.039522173524367876
191.20000000000002,0.03747682037157576
191.3,0.03467479195986462
191.4,0.03616125460405284
191.5,0.03841930127876249
191.6,0.03897425011344596
191.70000000000002,0.03778660449257294
191.8,0.03502390240245977
191.9,0.03118524495767809
192.0,0.026822247771214114
192.1,0.022353308785304102
192.20000000000002,0.018166768297473043
192.3,0.014789322522753001
192.4,0.01268650891076756
192.5,0.011700349324094366
192.6,0.01131117514333629
192.70000000000002,0.011171885053831144
192.8,0.011130463606888312
192.9,0.011127072357922908
193.0,0.011138510942584867
193.1,0.011155775574263534
193.20000000000002,0.011175365951157949
193.3,0.01119592026686681
193.4,0.011216908886569755
193.5,0.011238126283660423
193.6,0.011259493240098686
193.70000000000002,0.011280979790388135
193.8,0.011302575188959212
193.9,0.011324276200113129
194.0,0.011346082530379047
194.1,0.011367995046215992
194.20000000000002,0.011390015078356372
194.3,0.011412144150250792
194.4,0.011434383872102964
194.5,0.011456735899587813
194.6,0.011479201917848675
194.70000000000002,0.011501783635379903
194.8,0.011524482781778688
194.9,0.011547301107013736
195.0,0.011570240381290772
195.1,0.011593302395154815
195.20000000000002,0.011616488959688389
195.3,0.011639801906750563
195.4,0.011663243089235283
195.5,0.011686814381340692
195.6,0.011710517678846259
195.70000000000002,0.01173435489939651
195.8,0.011758327982791078
195.9,0.011782438891280974
196.0,0.011806689609871203
196.1,0.011831082146629843
196.20000000000002,0.011855618533003784
196.3,0.01188030082414126
196.4,0.011905131099221394
196.5,0.011930111461790932
196.6,0.011955244040108365
196.70000000000002,0.01198053098749565
196.8,0.012005974482697721
196.9,0.012031576730250033
197.0,0.012057339960854308
197.1,0.01208326643176277
197.20000000000002,0.012109358427171053
197.3,0.012135618258620048
197.4,0.012162048265406886
197.5,0.012188650815005381
197.6,0.01221542830349612
197.70000000000002,0.012242383156006464
197.8,0.01226951782716079
197.9,0.012296834801541156
198.0,0.012324336594158741
198.1,0.012352025750936291
198.20000000000002,0.012379904849201885
198.3,0.012407976498194324
198.4,0.0124362433395804
198.5,0.012464708047984403
198.6,0.012493373331530121
198.70000000000002,0.012522241932395694
198.8,0.012551316627381596
198.9,0.012580600228492089
199.0,0.01261009558353047
199.1,0.012639805576708418
199.20000000000002,0.012669733129269797
199.3,0.012699881200129208
199.4,0.012730252786525625
199.5,0.012760850924691466
199.6,0.01279167869053739
199.70000000000002,0.01282273920035313
199.8,0.012854035611524723
199.9,0.012885571123268384
200.0,0.012917348977381348
200.1,0.012949372459009983
200.20000000000002,0.012981644897435378
200.3,0.013014169666876746
200.4,0.013046950187312792
200.5,0.013079989925321318
200.6,0.013113292394937207
200.70000000000002,0.013146861158528941
200.8,0.013180699827693806
200.9,0.013214812064171778
201.0,0.013249201580778183
201.1,0.01328387214235506
201.20000000000002,0.013318827566741144
201.3,0.013354071725760296
201.4,0.013389608546228131
201.5,0.013425442010976509
201.6,0.013461576159895424
201.70000000000002,0.013498015090991779
201.8,0.013534762961464285
201.9,0.013571823988793714
202.0,0.013609202451847425
202.1,0.013646902691997054
202.20000000000002,0.013684929114247875
202.3,0.013723286188378267
202.4,0.013761978450087305
202.5,0.013801010502148343
202.6,0.013840387015565997
202.70000000000002,0.013880112730733652
202.8,0.013920192458588122
202.9,0.013960631081757683
203.0,0.014001433555699157
203.1,0.014042604909819094
203.20000000000002,0.014084150248573462
203.3,0.01412607475253956
203.4,0.014168383679452877
203.5,0.0142110823652009
203.6,0.014254176224764612
203.70000000000002,0.01429767075309735
203.8,0.014341571525929343
203.9,0.014385884200484693
204.0,0.014430614516095942
204.1,0.014475768294699428
204.20000000000002,0.014521351441192475
204.3,0.014567369943631048
204.4,0.014613829873243818
204.5,0.014660737384235404
204.6,0.014708098713348161
204.70000000000002,0.014755920179147855
204.8,0.014804208180994196
204.9,0.014852969197651965
205.0,0.014902209785492936
205.1,0.01495193657623207
205.20000000000002,0.015002156274134107
205.3,0.015052875652618284
205.4,0.015104101550179105
205.5,0.01515584086553028
205.6,0.015208100551866227
205.70000000000002,0.015260887610121258
205.8,0.015314209081090033
205.9,0.01536807203625397
206.0,0.015422483567136682
206.1,0.0154774507729864
206.20000000000002,0.015532980746554629
206.3,0.015589080557707111
206.4,0.01564575723456462
206.5,0.01570301774182677
206.6,0.015760868955880306
206.70000000000002,0.015819317636233447
206.8,0.01587837039274789
206.9,0.01593803364805863
207.0,0.015998313594476496
207.1,0.016059216144556517
207.20000000000002,0.01612074687438423
207.3,0.01618291095847775
207.4,0.01624571309502139
207.5,0.016309157419931535
207.6,0.01637324740800053
207.70000000000002,0.01643798575906125
207.8,0.016503374266754328
207.9,0.016569413667048755
208.0,0.016636103463150417
208.1,0.016703441722812965
208.20000000000002,0.01677142484331827
208.3,0.01684004727849136
208.4,0.016909301221020696
208.5,0.01697917623202509
208.6,0.017049658808186673
208.70000000000002,0.01712073187478547
208.8,0.017192374190535507
208.9,0.017264559647123374
209.0,0.01733725644264483
209.1,0.01741042610354263
209.20000000000002,0.017484022323939263
209.3,0.017557989584139823
209.4,0.017632261501181152
209.5,0.01770675885315494
209.6,0.01778138720504354
209.70000000000002,0.01785603404624358
209.8,0.017930565327916554
209.9,0.018004821260735153
210.0,0.018078611199301948
210.1,0.01815170739732448
210.20000000000002,0.01822383736670299
210.3,0.0182946745142798
210.4,0.01836382666505659
210.5,0.018430822019166185
210.6,0.018495092053630983
210.70000000000002,0.018555950917878938
210.8,0.018612571089657897
210.9,0.018663955679601194
211.0,0.018708909273360136
211.1,0.018746012591914163
211.20000000000002,0.018773613709824787
211.3,0.0187898648307675
211.4,0.01879286905847291
211.5,0.01878107893448395
211.6,0.018754256034922517
211.70000000000002,0.01871565123142678
211.8,0.01867671801014542
211.9,0.018666463246922015
212.0,0.018746461081503064
212.1,0.019022197034694262
212.20000000000002,0.019617045152786197
212.3,0.02058817273391601
212.4,0.021872132592928063
212.5,0.023342454981494745
212.6,0.024886205965377002
212.70000000000002,0.026419023468558994
212.8,0.0278640546421184
212.9,0.029129598605952853
213.0,0.03010011742957549
213.1,0.030645273217569765
213.20000000000002,0.03063556725815892
213.3,0.029929924828138194
213.4,0.0283064622233197
213.5,0.02579154787211696
213.6,0.02641271215246909
213.70000000000002,0.028628988119344983
213.8,0.029419820430198352
213.9,0.028695032587372046
214.0,0.026542684043733743
214.1,0.02332345995096951
214.20000000000002,0.019485334173142427
214.3,0.015325416653126674
214.4,0.010953679026181436
214.5,0.006356943482122702
214.6,0.0020228777750566466
214.70000000000002,0.0007811816680800912
214.8,0.0013786773267270476
214.9,0.0018664114658919068
215.0,0.0021990294391612437
215.1,0.0024590606287666723
215.20000000000002,0.0026866845809412837
215.3,0.0028982952071616385
215.4,0.003100403140585395
215.5,0.003295643937193903
215.6,0.003485158712577651
215.70000000000002,0.003669514058780057
215.8,0.0038490538765227726
215.9,0.004024033034843249
216.0,0.004194667795932901
216.1,0.004361154680940595
216.20000000000002,0.004523677477920566
216.3,0.00468240986541065
216.4,0.0048375164638852376
216.5,0.004989153357442815
216.6,0.00513746846046462
216.70000000000002,0.005282601855262627
216.8,0.005424686136384486
216.9,0.00556384676617359
217.0,0.005700202436866944
217.1,0.005833865432850294
217.20000000000002,0.005964941987461053
217.3,0.006093532630066231
217.4,0.006219732520422313
217.5,0.006343631768377462
217.6,0.006465315737790246
217.70000000000002,0.006584865334146146
217.8,0.0067023572757952034
217.9,0.006817864349048788
218.0,0.006931455647591647
218.1,0.0070431967968108255
218.20000000000002,0.007153150163734872
218.3,0.007261375053328701
218.4,0.007367927891912506
218.5,0.007472862398475185
218.6,0.007576229744640138
218.70000000000002,0.00767807870401842
218.8,0.007778455791654547
218.9,0.007877405394236408
219.0,0.007974969891704504
219.1,0.008071189770858463
219.20000000000002,0.008166103731521558
219.3,0.008259748785787436
219.4,0.00835216035083787
219.5,0.008443372335786486
219.6,0.008533417222971271
219.70000000000002,0.008622326144088222
219.8,0.008710128951530068
219.9,0.008796854285267185
220.0,0.008882529635583027
220.1,0.00896718140195318
220.20000000000002,0.009050834948335626
220.3,0.009133514655119983
220.4,0.009215243967964876
220.5,0.009296045443735707
220.6,0.009375940793739232
220.70000000000002,0.009454950924436828
220.8,0.009533095975804937
220.9,0.009610395357498734
221.0,0.0096868677829637
221.1,0.009762531301629185
221.20000000000002,0.009837403329308344
221.3,0.009911500676919907
221.4,0.009984839577638866
221.5,0.010057435712575643
221.6,0.010129304235076157
221.70000000000002,0.01020045979372879
221.8,0.010270916554158172
221.9,0.01034068821968018
222.0,0.010409788050887426
222.1,0.01047822888422976
222.20000000000002,0.010546023149649916
222.3,0.010613182887330373
222.4,0.010679719763603743
222.5,0.010745645086075522
222.6,0.010810969818004813
222.70000000000002,0.010875704591985638
222.8,0.010939859722968662
222.9,0.011003445220660612
223.0,0.011066470801336256
223.1,0.011128945899095612
223.20000000000002,0.01119087967659694
223.3,0.01125228103529425
223.4,0.011313158625206134
223.5,0.011373520854241223
223.6,0.011433375897103897
223.70000000000002,0.011492731703802484
223.8,0.01155159600778089
223.9,0.01160997633369321
224.0,0.011667880004839894
224.1,0.011725314150282742
224.20000000000002,0.011782285711655164
224.3,0.011838801449683073
224.4,0.011894867950430923
224.5,0.011950491631286577
224.6,0.012005678746697928
224.70000000000002,0.0120604353936734
224.8,0.012114767517057866
224.9,0.012168680914594766
225.0,0.01222218124178476
225.1,0.0122752740165505
225.20000000000002,0.012327964623716752
225.3,0.012380258319314486
225.4,0.01243216023471713
225.5,0.012483675380616763
225.6,0.012534808650847561
225.70000000000002,0.012585564826063466
225.8,0.012635948577276686
225.9,0.012685964469263218
226.0,0.012735616963841402
226.1,0.012784910423029051
226.20000000000002,0.01283384911208455
226.3,0.012882437202436944
226.4,0.012930678774509857
226.5,0.012978577820443808
226.6,0.013026138246721258
226.70000000000002,0.013073363876698519
226.8,0.013120258453048473
226.9,0.013166825640117796
227.0,0.013213069026202293
227.1,0.013258992125743704
227.20000000000002,0.013304598381451194
227.3,0.013349891166350625
227.4,0.013394873785764518
227.5,0.013439549479225496
227.6,0.013483921422325892
227.70000000000002,0.013527992728506025
227.8,0.01357176645078358
227.9,0.013615245583426402
228.0,0.013658433063570933
228.1,0.013701331772788334
228.20000000000002,0.013743944538600386
228.3,0.01378627413594703
228.4,0.013828323288607414
228.5,0.013870094670576184
228.6,0.013911590907396713
228.70000000000002,0.01395281457745289
228.8,0.013993768213220957
228.9,0.014034454302482912
229.0,0.014074875289502877
229.1,0.014115033576167753
229.20000000000002,0.01415493152309348
229.3,0.014194571450698162
229.4,0.014233955640243158
229.5,0.014273086334843383
229.6,0.014311965740447831
229.70000000000002,0.014350596026791401
229.8,0.014388979328319023
229.9,0.014427117745083023
230.0,0.014465013343614707
230.1,0.01450266815777097
230.20000000000002,0.014540084189556865
230.3,0.014577263409924882
230.4,0.014614207759551754
230.5,0.014650919149593546
230.6,0.014687399462419743
230.70000000000002,0.014723650552327033
230.8,0.014759674246233465
230.9,0.014795472344353596
231.0,0.014831046620855314
231.1,0.014866398824498838
231.20000000000002,0.014901530679258566
231.3,0.014936443884928239
231.4,0.014971140117710023
231.5,0.015005621030787963
231.6,0.015039888254886342
231.70000000000002,0.015073943398813405
231.8,0.015107788049990918
231.9,0.015141423774969943
232.0,0.015174852119933378
232.1,0.015208074611185526
232.20000000000002,0.015241092755629205
232.3,0.015273908041230714
232.4,0.015306521937473052
232.5,0.015338935895797708
232.6,0.015371151350035441
232.70000000000002,0.015403169716826282
232.8,0.01543499239602916
232.9,0.015466620771121401
233.0,0.015498056209588435
233.1,0.015529300063303993
233.20000000000002,0.015560353668901045
233.3,0.015591218348133791
233.4,0.015621895408230904
233.5,0.015652386142240352
233.6,0.01568269182936597
233.70000000000002,0.01571281373529606
233.8,0.015742753112524228
233.9,0.015772511200662705
234.0,0.015802089226748278
234.1,0.01583148840554118
234.20000000000002,0.015860709939817
234.3,0.01588975502065187
234.4,0.015918624827701143
234.5,0.01594732052947165
234.6,0.015975843283587813
234.70000000000002,0.016004194237051707
234.8,0.016032374526497306
234.9,0.01606038527843897
235.0,0.016088227609514442
235.1,0.016115902626722422
235.20000000000002,0.016143411427654897
235.3,0.016170755100724372
235.4,0.016197934725386106
235.5,0.01622495137235552
235.6,0.016251806103820893
235.70000000000002,0.016278499973651467
235.8,0.016305034027601074
235.9,0.016331409303507426
236.0,0.01635762683148716
236.1,0.016383687634126752
236.20000000000002,0.01640959272666941
236.3,0.016435343117198086
236.4,0.016460939806814602
236.5,0.016486383789815134
236.6,0.01651167605386203
236.70000000000002,0.016536817580152116
236.8,0.016561809343581573
236.9,0.01658665231290745
237.0,0.01661134745090591
237.1,0.01663589571452732
237.20000000000002,0.016660298055048216
237.3,0.016684555418220278
237.4,0.016708668744416302
237.5,0.016732638968773392
237.6,0.016756467021333266
237.70000000000002,0.016780153827179893
237.8,0.01680370030657447
237.9,0.01682710737508776
238.0,0.01685037594372998
238.1,0.01687350691907817
238.20000000000002,0.016896501203401193
238.3,0.01691935969478238
238.4,0.016942083287239923
238.5,0.016964672870845014
238.6,0.01698712933183785
238.70000000000002,0.017009453552741506
238.8,0.017031646412473768
238.9,0.017053708786456952
239.0,0.017075641546725782
239.1,0.017097445562033346
239.20000000000002,0.017119121697955226
239.3,0.017140670816991797
239.4,0.017162093778668775
239.5,0.017183391439636063
239.6,0.0172045646537649
239.70000000000002,0.01722561427224341
239.8,0.017246541143670555
239.9,0.017267346114148555
240.0,0.01728803002737378
240.1,0.017308593724726214
240.20000000000002,0.017329038045357473
240.3,0.017349363826277456
240.4,0.017369571902439623
240.5,0.017389663106825
240.6,0.017409638270524858
240.70000000000002,0.017429498222822196
240.8,0.01744924379127202
240.9,0.01746887580178039
241.0,0.0174883950786824
241.1,0.01750780244481902
241.20000000000002,0.017527098721612858
241.3,0.01754628472914289
241.4,0.017565361286218172
241.5,0.017584329210450566
241.6,0.017603189318326516
241.70000000000002,0.017621942425277915
241.8,0.01764058934575205
241.9,0.017659130893280688
242.0,0.017677567880548316
242.1,0.017695901119459623
242.20000000000002,0.01771413142120608
242.3,0.017732259596331897
242.4,0.01775028645479913
242.5,0.01776821280605214
242.6,0.017786039459081367
242.70000000000002,0.01780376722248641
242.8,0.01782139690453852
242.9,0.01783892931324244
243.0,0.01785636525639766
243.1,0.017873705541659145
243.20000000000002,0.017890950976597483
243.3,0.017908102368758533
243.4,0.017925160525722565
243.5,0.017942126255162935
243.6,0.0179590003649043
243.70000000000002,0.01797578366298041
243.8,0.017992476957691485
243.9,0.0180090810576612
244.0,0.01802559677189329
244.1,0.018042024909827856
244.20000000000002,0.018058366281397273
244.3,0.01807462169708185
244.4,0.018090791967965175
244.5,0.018106877905789177
244.6,0.018122880323008992
244.70000000000002,0.018138800032847537
244.8,0.018154637849349932
244.9,0.01817039458743768
245.0,0.018186071062962713
245.1,0.018201668092761268
245.20000000000002,0.01821718649470764
245.3,0.0182326270877678
245.4,0.018247990692052952
245.5,0.018263278128872948
245.6,0.018278490220789718
245.70000000000002,0.0182936277916706
245.8,0.018308691666741688
245.9,0.01832368267264112
246.0,0.018338601637472442
246.1,0.018353449390857948
246.20000000000002,0.018368226763992086
246.3,0.018382934589694953
246.4,0.018397573702465825
246.5,0.018412144938536813
246.6,0.018426649135926645
246.70000000000002,0.01844108713449457
246.8,0.01845545977599441
246.9,0.018469767904128798
247.0,0.018484012364603584
247.1,0.018498194005182465
247.20000000000002,0.018512313675741833
247.3,0.01852637222832585
247.4,0.0185403705172018
247.5,0.018554309398915694
247.6,0.01856818973234821
247.70000000000002,0.01858201237877088
247.8,0.018595778201902682
247.9,0.018609488067966907
248.0,0.018623142845748432
248.1,0.01863674340665138
248.20000000000002,0.018650290624757145
248.3,0.018663785376882888
248.4,0.018677228542640416
248.5,0.018690621004495547
248.6,0.01870396364782796
248.70000000000002,0.018717257360991495
248.8,0.018730503035375025
248.9,0.018743701565463802
249.0,0.01875685384890138
249.1,0.018769960786552117
249.20000000000002,0.018783023282564242
249.3,0.018796042244433535
249.4,0.01880901858306765
249.5,0.018821953212851086
249.6,0.018834847051710787
249.70000000000002,0.018847701021182484
249.8,0.01886051604647772
249.9,0.018873293056551582
250.0,0.01888603298417125
250.1,0.018898736765985233
250.20000000000002,0.018911405342593474
250.3,0.018924039658618226
250.4,0.018936640662775776
250.5,0.018949209307949046
250.6,0.018961746551261045
250.70000000000002,0.018974253354149255
250.8,0.018986730682440955
250.9,0.01899917950642945
251.0,0.019011600800951323
251.1,0.019023995545464682
251.20000000000002,0.01903636472412841
251.3,0.019048709325882505
251.4,0.01906103034452947
251.5,0.01907332877881679
251.6,0.019085605632520597
251.70000000000002,0.01909786191453045
251.8,0.0191100986389353
251.9,0.019122316825110695
252.0,0.019134517497807188
252.1,0.01914670168724005
252.20000000000002,0.019158870429180283
252.3,0.019171024765046927
252.4,0.019183165742000775
252.5,0.019195294413039438
252.6,0.019207411837093874
252.70000000000002,0.01921951907912633
252.8,0.019231617210229836
252.9,0.01924370730772915
253.0,0.01925579045528331
253.1,0.019267867742989775
253.20000000000002,0.019279940267490178
253.3,0.019292009132077764
253.4,0.01930407544680652
253.5,0.01931614032860205
253.6,0.019328204901374255
253.70000000000002,0.019340270296131775
253.8,0.019352337651098398
253.9,0.019364408111831245
254.0,0.019376482831341017
254.1,0.019388562970214174
254.20000000000002,0.019400649696737167
254.3,0.019412744187022747
254.4,0.019424847625138433
254.5,0.01943696120323711
254.6,0.019449086121689906
254.70000000000002,0.019461223589221317
254.8,0.019473374823046678
254.9,0.019485541049012012
255.0,0.01949772350173631
255.1,0.019509923424756343
255.20000000000002,0.019522142070673976
255.3,0.019534380701306128
255.4,0.019546640587837397
255.5,0.019558923010975417
255.6,0.019571229261108995
255.70000000000002,0.019583560638469152
255.8,0.01959591845329306
255.9,0.019608304025990966
256.0,0.019620718687316224
256.1,0.01963316377853844
256.2,0.019645640651619854
256.3,0.019658150669394962
256.4,0.019670695205753586
256.5,0.01968327564582733
256.6,0.019695893386179584
256.7,0.01970854983499919
256.8,0.019721246412297725
256.9,0.019733984550110672
257.0,0.019746765692702416
257.1,0.019759591296775254
257.2,0.019772462831682477
257.3,0.019785381779645603
257.4,0.019798349635975966
257.5,0.0198113679093006
257.6,0.019824438121792704
257.7,0.019837561809406677
257.8,0.019850740522117872
257.9,0.019863975824167237
258.0,0.01987726929431086
258.1,0.019890622526074687
258.2,0.019904037128014394
258.3,0.019917514723980644
258.4,0.019931056953389852
258.5,0.019944665471500544
258.6,0.019958341949695552
258.7,0.0199720880757701
258.8,0.019985905554225965
258.9,0.019999796106571925
259.0,0.020013761471630566
259.1,0.020027803405851717
259.2,0.020041923683632577
259.3,0.020056124097644797
259.4,0.020070406459168688
259.5,0.020084772598434678
259.6,0.020099224364972332
259.7,0.020113763627967
259.8,0.0201283922766244
259.9,0.020143112220543317
260.0,0.02015792539009662
260.1,0.020172833736820838
260.2,0.02018783923381455
260.3,0.02020294387614574
260.4,0.02021814968126851
260.5,0.020233458689449244
260.6,0.020248872964202594
260.7,0.020264394592737538
260.8,0.020280025686413697
260.9,0.02029576838120834
261.0,0.020311624838194247
261.1,0.02032759724402877
261.2,0.020343687811454427
261.3,0.020359898779811286
261.4,0.02037623241556154
261.5,0.02039269101282648
261.6,0.0204092768939364
261.7,0.020425992409993564
261.8,0.020442839941448746
261.9,0.0204598218986917
262.0,0.020476940722655816
262.1,0.020494198885437517
262.2,0.020511598890930634
262.3,0.02052914327547628
262.4,0.02054683460852856
262.5,0.020564675493336557
262.6,0.02058266856764305
262.7,0.020600816504400328
262.8,0.02061912201250361
262.9,0.020637587837542486
263.0,0.02065621676257081
263.1,0.020675011608895576
263.2,0.02069397523688513
263.3,0.020713110546797267
263.4,0.020732420479627672
263.5,0.020751908017979104
263.6,0.020771576186951857
263.7,0.02079142805505595
263.8,0.020811466735145424
263.9,0.020831695385375323
264.0,0.020852117210181667
264.1,0.020872735461284916
264.2,0.020893553438717294
264.3,0.02091457449187436
264.4,0.02093580202059117
264.5,0.02095723947624338
264.6,0.0209788903628735
264.7,0.02100075823834263
264.8,0.021022846715507762
264.9,0.02104515946342482
265.0,0.021067700208577473
265.1,0.02109047273613167
265.2,0.02111348089121575
265.3,0.021136728580225892
265.4,0.02116021977215654
265.5,0.02118395849995521
265.6,0.02120794886190107
265.7,0.021232195023006346
265.8,0.02125670121643946
265.9,0.021281471744968576
266.0,0.02130651098242387
266.1,0.021331823375176594
266.2,0.021357413443632622
266.3,0.021383285783737698
266.4,0.021409445068491226
266.5,0.021435896049464817
266.6,0.021462643558321292
266.7,0.02148969250832907
266.8,0.021517047895866115
266.9,0.02154471480190685
267.0,0.021572698393484163
267.1,0.021601003925117858
267.2,0.02162963674019929
267.3,0.021658602272320644
267.4,0.02168790604653558
267.5,0.0217175536805361
267.6,0.0217475508857283
267.7,0.02177790346818725
267.8,0.021808617329468385
267.9,0.02183969846724975
268.0,0.02187115297577555
268.1,0.021902987046067555
268.2,0.021935206965866004
268.3,0.021967819119256216
268.4,0.022000829985931003
268.5,0.022034246140031664
268.6,0.022068074248502288
268.7,0.022102321068882557
268.8,0.022136993446453417
268.9,0.022172098310637586
269.0,0.022207642670542177
269.1,0.022243633609514327
269.2,0.02228007827856121
269.3,0.022316983888463485
269.4,0.022354357700385304
269.5,0.022392207014753605
269.6,0.022430539158144455
269.7,0.02246936146787276
269.8,0.022508681273933854
269.9,0.022548505877888994
270.0,0.022588842528220587
270.1,0.022629698391605245
270.2,0.022671080519460787
270.3,0.022712995809014903
270.4,0.02275545095801459
270.5,0.02279845241204268
270.6,0.022842006303226116
270.7,0.022886118378903433
270.8,0.022930793918559157
270.9,0.022976037637021003
271.0,0.023021853571540147
271.1,0.023068244949921633
271.2,0.023115214036322707
271.3,0.02316276195066953
271.4,0.023210888456829303
271.5,0.023259591713679188
271.6,0.02330886798199175
271.7,0.023358711278550725
271.8,0.023409112967048853
271.9,0.023460061273007777
272.0,0.023511540707078577
272.1,0.023563531377476667
272.2,0.023616008167775693
272.3,0.023668939750573294
272.4,0.023722287400309038
272.5,0.023776003559321607
272.6,0.023830030099505246
272.7,0.023884296206916275
272.8,0.023938715797419075
272.9,0.023993184346696
273.0,0.024047574986085476
273.1,0.024101733674782088
273.2,0.02415547320658527
273.3,0.02420856574307254
273.40000000000003,0.024260733482589662
273.5,0.024311636975300165
273.6,0.02436086048318016
273.7,0.02440789367702866
273.8,0.02445210890571068
273.90000000000003,0.02449273337665489
274.0,0.024528816109411232
274.1,0.024559191059643635
274.2,0.024582441724380618
274.3,0.02459688199640492
274.40000000000003,0.024600590471170355
274.5,0.024591588475535667
274.6,0.024568377655293794
274.7,0.02453134682051385
274.8,0.024486209422560745
274.90000000000003,0.02445182119561545
275.0,0.02447539378491753
275.1,0.02465076956840989
275.2,0.025104915548164214
275.3,0.025908276381758175
275.40000000000003,0.026999003860070758
275.5,0.02824648203532578
275.6,0.02953921675902104
275.7,0.030794630220240992
275.8,0.031932422441861286
275.90000000000003,0.0328549081441177
276.0,0.03344898316891376
276.1,0.03360526768057214
276.2,0.03322315050533259
276.3,0.03216175698416026
276.40000000000003,0.030242442673760743
276.5,0.029610594447375755
276.6,0.03149706645670839
276.7,0.03240472803990813
276.8,0.032080507045522656
276.90000000000003,0.03056601594140089
277.0,0.028148140073321795
277.1,0.025276399420280714
277.2,0.022382316671254957
277.3,0.01991516168361698
277.40000000000003,0.018289510798795473
277.5,0.01749517183013812
277.6,0.017174621583675657
277.7,0.017055440736537357
277.8,0.017014747741444097
277.90000000000003,0.017004308262776952
278.0,0.017005597683131302
278.1,0.017011497755440617
278.2,0.01701926713608637
278.3,0.017027848963645207
278.40000000000003,0.017036836139139748
278.5,0.017046072629177036
278.6,0.017055499559382608
278.7,0.017065095716717566
278.8,0.017074854518908812
278.90000000000003,0.0170847750887192
279.0,0.017094858790591083
279.1,0.01710510788532837
279.2,0.01711552500707577
279.3,0.01712611295994855
279.40000000000003,0.0171368746390823
279.5,0.017147813000178477
279.6,0.017158931047981565
279.7,0.01717023183216093
279.8,0.01718171844609719
279.90000000000003,0.017193394026814024
280.0,0.017205261755366835
280.1,0.017217324857418427
280.2,0.017229586603896
280.3,0.01724205031168775
280.40000000000003,0.017254719344363005
280.5,0.017267597112909372
280.6,0.01728068707648449
280.7,0.017293992743181472
280.8,0.017307517670807564
280.90000000000003,0.01732126546767591
281.0,0.01733523979341028
281.1,0.017349444359762604
281.2,0.017363882931443173
281.3,0.017378559326963236
281.40000000000003,0.01739347741948968
281.5,0.017408641137711442
281.6,0.01742405446671707
281.7,0.01743972144888297
281.8,0.017455646184771474
281.90000000000003,0.01747183283403798
282.0,0.01748828561634607
282.1,0.017505008812289433
282.2,0.017522006764319226
282.3,0.017539283877675154
282.40000000000003,0.017556844621318513
282.5,0.0175746935288649
282.6,0.017592835199514142
282.7,0.01761127429897464
282.8,0.017630015560378656
282.90000000000003,0.017649063785185052
283.0,0.01766842384406496
283.1,0.017688100677765637
283.2,0.017708099297946974
283.3,0.01772842478798424
283.40000000000003,0.01774908230373004
283.5,0.017770077074227283
283.6,0.01779141440236392
283.7,0.017813099665459107
283.8,0.017835138315768866
283.90000000000003,0.01785753588089789
284.0,0.017880297964102215
284.1,0.017903430244465654
284.2,0.017926938476930394
284.3,0.01795082849215968
284.40000000000003,0.01797510619620756
284.5,0.017999777569967262
284.6,0.018024848668365918
284.7,0.018050325619269236
284.8,0.018076214622054457
284.90000000000003,0.018102521945804553
285.0,0.01812925392707
285.1,0.018156416967137195
285.2,0.018184017528734202
285.3,0.018212062132094562
285.40000000000003,0.01824055735028923
285.5,0.018269509803723532
285.6,0.018298926153681668
285.7,0.018328813094784173
285.8,0.01835917734620426
285.90000000000003,0.018390025641466495
286.0,0.018421364716624897
286.1,0.018453201296587347
286.2,0.018485542079317983
286.3,0.018518393717607974
286.40000000000003,0.01855176279805743
286.5,0.018585655816855045
286.6,0.01862007915187663
286.7,0.018655039030546734
286.8,0.018690541492816987
286.90000000000003,0.01872659234850833
287.0,0.018763197128138072
287.1,0.0188003610262036
287.2,0.018838088835717377
287.3,0.018876384872576816
287.40000000000003,0.01891525288810104
287.5,0.01895469596776512
287.6,0.018994716413800874
287.7,0.01903531560889819
287.8,0.019076493857715208
287.90000000000003,0.01911825020226965
288.0,0.019160582206510537
288.1,0.019203485704427332
288.2,0.019246954504901655
288.3,0.019290980045092717
288.40000000000003,0.01933555098240705
288.5,0.019380652712951692
288.6,0.01942626680170224
288.7,0.019472370306296907
288.8,0.019518934972220292
288.90000000000003,0.01956592627194283
289.0,0.019613302254045114
289.1,0.019661012160110992
289.2,0.019708994756744543
289.3,0.019757176316847678
289.40000000000003,0.019805468167520168
289.5,0.019853763700656658
289.6,0.0199019347153566
289.7,0.019949826927294995
289.8,0.01999725443782513
289.90000000000003,0.020043992903669768
290.0,0.020089771086526084
290.1,0.020134260393487972
290.2,0.02017706195319039
290.3,0.020217690733013133
290.40000000000003,0.020255556245588127
290.5,0.02028993964364623
290.6,0.02031996773703803
290.7,0.020344586291265003
290.8,0.020362539224629835
290.90000000000003,0.020372370010314115
291.0,0.02037248349300898
291.1,0.02036135588247686
291.2,0.020338092631972098
291.3,0.020303782052177193
291.40000000000003,0.02026460400618598
291.5,0.02023847187731254
291.6,0.020267060005093446
291.7,0.020428804334815687
291.8,0.020826934132094847
291.90000000000003,0.021522387770197233
292.0,0.02247364035399927
292.1,0.023577268358516083
292.2,0.024738677571232468
292.3,0.02588819380242028
292.40000000000003,0.0269628909280897
292.5,0.02788785200454631
292.6,0.028570453752126676
292.7,0.028910396294971476
292.8,0.028811936442477423
292.90000000000003,0.028166690211529642
293.0,0.02679530789822459
293.1,0.02502833610403333
293.2,0.02616273297090067
293.3,0.027591377297556712
293.40000000000003,0.0279115607445131
293.5,0.0271067287625999
293.6,0.025293701901872162
293.7,0.02280340087086054
293.8,0.020002825833143396
293.90000000000003,0.017191619241519795
294.0,0.014679210603288641
294.1,0.012825405637935862
294.2,0.01176572499552517
294.3,0.01125109222695573
294.40000000000003,0.01099295810842281
294.5,0.010838501159656904
294.6,0.010723776880052525
294.7,0.01062322827441413
294.8,0.01052661285550154
294.90000000000003,0.010429761680129154
295.0,0.01033092321593853
295.1,0.010229310225488479
295.2,0.010124520421814847
295.3,0.01001630583486068
295.40000000000003,0.00990448215932037
295.5,0.009788894906143517
295.6,0.009669409315695649
295.7,0.009545911123932972
295.8,0.009418313444968742
295.90000000000003,0.009286568446695315
296.0,0.009150684033491544
296.1,0.00901074656215304
296.2,0.00886695114784575
296.3,0.008719641499577288
296.40000000000003,0.008569361418420636
296.5,0.008416919900198844
296.6,0.008263470816916528
296.7,0.008110605764734897
296.8,0.007960453954300051
296.90000000000003,0.007815774994996812
297.0,0.007680018663101969
297.1,0.0075573117948344185
297.2,0.00745232196382921
297.3,0.007369951811420391
297.40000000000003,0.007314850775506666
297.5,0.00729079808753873
297.6,0.007300092876957242
297.7,0.007343135308261462
297.8,0.007418347537928052
297.90000000000003,0.007522464697313746
298.0,0.007651089196028496
298.1,0.00779932714495376
298.2,0.007962343024024062
298.3,0.00813574367370978
298.40000000000003,0.008315780566203346
298.5,0.008499407144792265
298.6,0.008684242718282305
298.7,0.008868488343205664
298.8,0.009050826530639482
298.90000000000003,0.009230323476974563
299.0,0.009406342851644121
299.1,0.009578474156045695
299.2,0.009746475419191228
299.3,0.009910228525612791
299.40000000000003,0.010069705011718956
299.5,0.010224940216611885
299.6,0.010376013939425041
299.7,0.010523036081998567
299.8,0.010666136069129823
299.90000000000003,0.010805455109238865
300.0,0.010941140579069525
300.1,0.011073341990190349
300.2,0.011202208129522597
300.3,0.01132788506853043
300.40000000000003,0.011450514813014063
300.5,0.01157023442347507
300.6,0.011687175479432323
300.7,0.011801463793478198
300.8,0.01191321930504259
300.90000000000003,0.012022556101864989
301.0,0.012129582530626704
301.1,0.012234401368234246
301.2,0.01233711003274016
301.3,0.012437800818485278
301.40000000000003,0.012536561144227604
301.5,0.012633473806144878
301.6,0.012728617229927111
301.7,0.012822065717910388
301.8,0.012913889688492542
301.90000000000003,0.013004155906026112
302.0,0.01309292770008727
302.1,0.013180265173534106
302.2,0.013266225399140392
302.3,0.013350862604857499
302.40000000000003,0.013434228347944017
302.5,0.013516371678330122
302.6,0.013597339291666911
302.7,0.013677175672561673
302.8,0.013755923228526448
302.90000000000003,0.013833622415176591
303.0,0.013910311853212603
303.1,0.013986028437706464
303.2,0.01406080744019576
303.3,0.014134682604066733
303.40000000000003,0.014207686233683407
303.5,0.014279849277694198
303.6,0.0143512014069217
303.7,0.014421771087215691
303.8,0.014491585647624242
303.90000000000003,0.014560671344213912
304.0,0.014629053419846742
304.1,0.014696756160200148
304.2,0.014763802946295155
304.3,0.014830216303779096
304.40000000000003,0.014896017949190973
304.5,0.01496122883342077
304.6,0.015025869182558386
304.7,0.015089958536313512
304.8,0.015153515784174048
304.90000000000003,0.015216559199458553
305.0,0.01527910647140641
305.1,0.01534117473543893
305.2,0.015402780601714844
305.3,0.015463940182094323
305.40000000000003,0.01552466911561756
305.5,0.01558498259259609
305.6,0.015644895377407788
305.7,0.015704421830080195
305.8,0.01576357592674031
305.90000000000003,0.01582237127900379
306.0,0.015880821152370925
306.1,0.01593893848369221
306.2,0.015996735897761752
306.3,0.01605422572309258
306.40000000000003,0.016111420006924258
306.5,0.016168330529509452
306.6,0.01622496881772294
306.7,0.016281346158033408
306.8,0.016337473608875514
306.90000000000003,0.016393362012457034
307.0,0.016449022006033383
307.1,0.01650446403267945
307.2,0.016559698351586487
307.3,0.016614735047909637
307.40000000000003,0.016669584042189822
307.5,0.016724255099371678
307.6,0.0167787578374375
307.7,0.016833101735675517
307.8,0.01688729614259889
307.90000000000003,0.01694135028353049
308.0,0.01699527326786671
308.1,0.017049074096032048
308.2,0.017102761666134732
308.3,0.017156344780331886
308.40000000000003,0.01720983215091139
308.5,0.0172632324060957
308.6,0.017316554095571476
308.7,0.01736980569574696
308.8,0.01742299561473725
308.90000000000003,0.017476132197075778
309.0,0.017529223728148094
309.1,0.01758227843834198
309.2,0.017635304506905494
309.3,0.01768831006550183
309.40000000000003,0.017741303201447227
309.5,0.01779429196061486
309.6,0.017847284349984158
309.7,0.01790028833981131
309.8,0.01795331186539217
309.90000000000003,0.0180063628283841
310.0,0.018059449097647767
310.1,0.018112578509563906
310.2,0.018165758867772927
310.3,0.01821899794227763
310.40000000000003,0.018272303467840284
310.5,0.01832568314159506
310.6,0.018379144619785508
310.7,0.018432695513523292
310.8,0.01848634338344932
310.90000000000003,0.018540095733161042
311.0,0.018593960001249663
311.1,0.018647943551767875
311.2,0.01870205366292225
311.3,0.018756297513753444
311.40000000000003,0.018810682168531857
311.5,0.018865214558554815
311.6,0.018919901460983088
311.7,0.018974749474298506
311.8,0.01902976498989834
311.90000000000003,0.01908495415926558
312.0,0.019140322856063492
312.1,0.019195876632396844
312.2,0.019251620668356794
312.3,0.019307559713818277
312.40000000000003,0.01936369802128346
312.5,0.01942003926835623
312.6,0.019476586468184624
312.7,0.019533341865911897
312.8,0.019590306818821807
312.90000000000003,0.019647481657438143
313.0,0.019704865524325255
313.1,0.019762456186716997
313.2,0.01982024981835129
313.3,0.019878240744975614
313.40000000000003,0.01993642114687779
313.5,0.01999478071043791
313.6,0.02005330621903118
313.7,0.020111981071561823
313.8,0.020170784714378484
313.90000000000003,0.02022969196919068
314.0,0.02028867223571936
314.1,0.020347688542977835
314.2,0.020406696417046837
314.3,0.020465642525670475
314.40000000000003,0.02052446305057551
314.5,0.02058308172663425
314.6,0.020641407472291706
314.7,0.02069933151741983
314.8,0.020756723912277262
314.90000000000003,0.020813429273976145
315.0,0.02086926159462158
315.1,0.020923997898966946
315.2,0.02097737050224679
315.3,0.021029057589086058
315.40000000000003,0.021078671830856766
315.5,0.021125746822139947
315.6,0.02116972133254193
315.7,0.021209921916723412
315.8,0.02124554567731491
315.90000000000003,0.021275647721681962
316.0,0.021299143776449717
316.1,0.02131485114585682
316.2,0.0213216185658977
316.3,0.021318654359279016
316.40000000000003,0.021306287237591415
316.5,0.021287646485038704
316.6,0.021272183917155935
316.7,0.021282339865975095
316.8,0.021363239358255338
316.90000000000003,0.021587033783630426
317.0,0.02202927864501573
317.1,0.022714002645260294
317.2,0.023590958464942618
317.3,0.024578756026985314
317.40000000000003,0.02560783437002144
317.5,0.026625187919682422
317.6,0.027580200508781277
317.7,0.02841108403808399
317.8,0.029040204802310336
317.90000000000003,0.029380837574507827
318.0,0.029346886915314986
318.1,0.02884231083614069
318.2,0.027714430626456947
318.3,0.02604667521568168
318.40000000000003,0.02663667554087544
318.5,0.028071105455537697
318.6,0.02853673647817692
318.7,0.02798566395085795
318.8,0.02648304840402637
318.90000000000003,0.02426849315131236
319.0,0.02161223516087186
319.1,0.018648586961001277
319.2,0.01539396786580306
319.3,0.012873922026334328
319.40000000000003,0.012966897541734437
319.5,0.01334326302078232
319.6,0.0135120145361171
319.7,0.013577403613781253
319.8,0.01360007291526756
319.90000000000003,0.013605520501665306
320.0,0.013604024594108416
320.1,0.013599688083206666
320.2,0.013594142862097727
320.3,0.01358803636884121
320.40000000000003,0.013581624560667097
320.5,0.01357500787799835
320.6,0.013568225021182028
320.7,0.013561290185837484
320.8,0.01355420783647463
320.90000000000003,0.013546978563838805
321.0,0.013539601405355282
321.1,0.013532074763481193
321.2,0.013524396768595017
321.3,0.013516565421962532
321.40000000000003,0.013508578651674036
321.5,0.013500434334152732
321.6,0.013492130302039464
321.7,0.013483664346677046
321.8,0.013475034218441699
321.90000000000003,0.013466237626202845
322.0,0.013457272236415631
322.1,0.013448135672044122
322.2,0.013438825511392118
322.3,0.013429339286870698
322.40000000000003,0.013419674483712906
322.5,0.013409828538638395
322.6,0.01339979883846787
322.7,0.013389582718685976
322.8,0.013379177461950635
322.90000000000003,0.013368580296546636
323.0,0.01335778839478101
323.1,0.013346798871317627
323.2,0.013335608781448294
323.3,0.01332421511929744
323.40000000000003,0.013312614815957425
323.5,0.013300804737551198
323.6,0.01328878168321899
323.7,0.013276542383025539
323.8,0.013264083495784002
323.90000000000003,0.01325140160679274
324.0,0.013238493225480734
324.1,0.013225354782957267
324.2,0.013211982629461315
324.3,0.013198373031705627
324.40000000000003,0.013184522170110466
324.5,0.01317042613592147
324.6,0.013156080928205863
324.7,0.013141482450721
324.8,0.013126626508648653
324.90000000000003,0.013111508805188321
325.0,0.013096124938002269
325.1,0.013080470395504591
325.2,0.013064540552986273
325.3,0.013048330668567495
325.40000000000003,0.013031835878968145
325.5,0.013015051195086764
325.6,0.012997971497377619
325.7,0.012980591531015015
325.8,0.012962905900833106
325.90000000000003,0.012944909066028932
326.0,0.012926595334615437
326.1,0.012907958857610516
326.2,0.012888993622947155
326.3,0.012869693449088762
326.40000000000003,0.012850051978332788
326.5,0.012830062669784552
326.6,0.012809718791982023
326.7,0.012789013415151035
326.8,0.012767939403068914
326.90000000000003,0.012746489404513145
327.0,0.012724655844269983
327.1,0.012702430913676186
327.2,0.012679806560665256
327.3,0.012656774479287427
327.40000000000003,0.012633326098670595
327.5,0.01260945257138692
327.6,0.01258514476118738
327.7,0.012560393230063775
327.8,0.012535188224594727
327.90000000000003,0.012509519661529068
328.0,0.012483377112556475
328.1,0.01245674978821157
328.2,0.012429626520853615
328.3,0.012401995746659558
328.40000000000003,0.012373845486563527
328.5,0.01234516332607068
328.6,0.01231593639386785
328.7,0.012286151339147457
328.8,0.012255794307554609
328.90000000000003,0.012224850915660442
329.0,0.012193306223857095
329.1,0.012161144707561567
329.2,0.012128350226606936
329.3,0.012094905992689838
329.40000000000003,0.012060794534732877
329.5,0.012025997662009593
329.6,0.011990496424867748
329.7,0.011954271072874008
329.8,0.011917301010189377
329.90000000000003,0.011879564747970413
330.0,0.011841039853575663
330.1,0.011801702896340579
330.2,0.01176152938966707
330.3,0.011720493729155936
330.40000000000003,0.011678569126492159
330.5,0.01163572753877418
330.6,0.011591939592959632
330.7,0.011547174505081784
330.8,0.01150139999387372
330.90000000000003,0.011454582188422222
331.0,0.011406685529461322
331.1,0.011357672663908257
331.2,0.011307504332244271
331.3,0.011256139248351785
331.40000000000003,0.011203533971442206
331.5,0.011149642769749063
331.6,0.01109441747572638
331.7,0.011037807332590072
331.8,0.01097975883218178
331.90000000000003,0.010920215544334646
332.0,0.010859117938197629
332.1,0.010796403196354692
332.2,0.010732005023090201
332.3,0.01066585344884602
332.40000000000003,0.010597874633847187
332.5,0.010527990675117612
332.6,0.010456119422767756
332.7,0.010382174313646986
332.8,0.010306064233395336
332.90000000000003,0.010227693421842675
333.0,0.01014696144190906
333.1,0.010063763239087429
333.2,0.0099779893278124
333.3,0.0098895261533027
333.40000000000003,0.009798256693831582
333.5,0.009704061390186222
333.6,0.009606819518116552
333.7,0.00950641115819272
333.8,0.00940271996871545
333.90000000000003,0.009295637034976725
334.0,0.0091850661569024
334.1,0.009070931052259798
334.2,0.008953185099623801
334.3,0.008831824428282271
334.40000000000003,0.008706905380953839
334.5,0.008578567618905918
334.6,0.008447064375623554
334.7,0.008312801521761736
334.8,0.00817638703653383
334.90000000000003,0.008038691929490237
335.0,0.00790092219648956
335.1,0.007764698405465516
335.2,0.0076321342516662265
335.3,0.00750589736897951
335.40000000000003,0.007389225323746338
335.5,0.007285859948643168
335.6,0.007199860734916928
335.7,0.007135273024223451
335.8,0.007095667349590887
335.90000000000003,0.007083627420078874
336.0,0.007100318585012796
336.1,0.00714527544029075
336.2,0.0072164847059318455
336.3,0.007310733472537965
336.40000000000003,0.007424104247386319
336.5,0.00755247352148889
336.6,0.007691908145501046
336.7,0.007838916721245787
336.8,0.00799056522681778
336.90000000000003,0.008144492334515713
337.0,0.008298864045644512
337.1,0.008452299681730679
337.2,0.008603790546985398
337.3,0.008752623253604805
337.40000000000003,0.008898313171487045
337.5,0.009040549520859475
337.6,0.009179151555274951
337.7,0.009314034384289602
337.8,0.009445182742932007
337.90000000000003,0.009572631098021969
338.0,0.009696448698191897
338.1,0.009816728424156998
338.2,0.009933578530702125
338.3,0.010047116573442127
338.40000000000003,0.010157464977796607
338.5,0.010264747837571237
338.6,0.010369088631257678
338.7,0.010470608621229803
338.8,0.010569425759488622
338.90000000000003,0.01066565396773969
339.0,0.010759402692783552
339.1,0.010850776663125223
339.2,0.010939875791407077
339.3,0.011026795181293576
339.40000000000003,0.01111162520795627
339.5,0.011194451649202056
339.6,0.011275355850214675
339.7,0.011354414909330627
339.8,0.011431701875613934
339.90000000000003,0.011507285951505066
340.0,0.011581232695703218
340.1,0.01165360422285327
340.2,0.011724459397664809
340.3,0.011793854021877746
340.40000000000003,0.011861841013073698
340.5,0.011928470574763157
340.6,0.011993790357494049
340.7,0.01205784561095524
340.8,0.01212067932721077
340.90000000000003,0.012182332375313474
341.0,0.01224284362762232
341.1,0.012302250078195937
341.2,0.012360586953662493
341.3,0.012417887816978626
341.40000000000003,0.012474184664491926
341.5,0.012529508016715308
341.6,0.0125838870032101
341.7,0.012637349441959577
341.8,0.012689921913596929
341.90000000000003,0.01274162983083306
342.0,0.012792497503409833
342.1,0.012842548198884977
342.2,0.01289180419953544
342.3,0.012940286855647288
342.40000000000003,0.012988016635442143
342.5,0.013035013171873005
342.6,0.013081295306506003
342.7,0.013126881130689333
342.8,0.013171788024196126
342.90000000000003,0.013216032691514688
343.0,0.013259631195946859
343.1,0.013302598991663632
343.2,0.013344950953856339
343.3,0.013386701407111509
343.40000000000003,0.013427864152128368
343.5,0.013468452490889125
343.6,0.013508479250384288
343.7,0.013547956804987871
343.8,0.01358689709757044
343.90000000000003,0.013625311659431703
344.0,0.013663211629128477
344.1,0.013700607770268443
344.2,0.01373751048833521
344.3,0.01377392984660543
344.40000000000003,0.01380987558121466
344.5,0.013845357115424548
344.6,0.013880383573140342
344.7,0.013914963791724449
344.8,0.013949106334148422
344.90000000000003,0.01398281950052317
345.0,0.014016111339044214
345.1,0.014048989656386577
345.2,0.014081462027581457
345.3,0.014113535805404776
345.40000000000003,0.01414521812930571
345.5,0.01417651593390144
345.6,0.014207435957062723
345.7,0.014237984747613324
345.8,0.014268168672664713
345.90000000000003,0.01429799392460638
346.0,0.014327466527770491
346.1,0.014356592344788748
346.2,0.014385377082658012
346.3,0.014413826298530316
346.40000000000003,0.01444194540524194
346.5,0.014469739676595282
346.6,0.014497214252406491
346.7,0.014524374143331072
346.8,0.014551224235478796
346.90000000000003,0.014577769294828838
347.0,0.01460401397145518
347.1,0.01462996280357187
347.2,0.014655620221407201
347.3,0.014680990550915193
347.40000000000003,0.014706078017332517
347.5,0.01473088674858833
347.6,0.014755420778574195
347.7,0.01477968405028084
347.8,0.014803680418808104
347.90000000000003,0.01482741365425413
348.0,0.014850887444489431
348.1,0.014874105397821314
348.2,0.014897071045553673
348.3,0.014919787844447035
348.40000000000003,0.014942259179083414
348.5,0.01496448836414031
348.6,0.014986478646577931
348.7,0.015008233207743618
348.8,0.015029755165397049
348.90000000000003,0.015051047575659829
349.0,0.015072113434892738
349.1,0.015092955681503817
349.2,0.015113577197690313
349.3,0.01513398081111728
349.40000000000003,0.015154169296535609
349.5,0.015174145377342059
349.6,0.015193911727083668
349.7,0.015213470970909016
349.8,0.015232825686968416
349.90000000000003,0.015251978407765262
350.0,0.015270931621460492
350.1,0.015289687773132088
350.2,0.015308249265991485
350.3,0.015326618462558596
350.40000000000003,0.015344797685797117
350.5,0.015362789220211736
350.6,0.015380595312908713
350.7,0.015398218174621345
350.8,0.0154156599807016
350.90000000000003,0.015432922872079362
351.0,0.015450008956190435
351.1,0.01546692030787457
351.2,0.015483658970244679
351.3,0.015500226955528289
351.40000000000003,0.015516626245882336
351.5,0.01553285879418228
351.6,0.015548926524786507
351.7,0.015564831334276968
351.8,0.0155805750921769
351.90000000000003,0.015596159641646519
352.0,0.015611586800157456
352.1,0.01562685836014674
352.2,0.01564197608965107
352.3,0.01565694173292209
352.40000000000003,0.015671757011023343
352.5,0.015686423622409566
352.6,0.015700943243488977
352.7,0.015715317529169128
352.8,0.015729548113386924
352.90000000000003,0.015743636609623378
353.0,0.0157575846114036
353.1,0.015771393692782562
353.2,0.015785065408817175
353.3,0.01579860129602503
353.40000000000003,0.015812002872830404
353.5,0.0158252716399979
353.6,0.015838409081054123
353.7,0.01585141666269784
353.8,0.01586429583519902
353.90000000000003,0.01587704803278709
354.0,0.015889674674028804
354.1,0.01590217716219606
354.2,0.015914556885624015
354.3,0.0159268152180598
354.40000000000003,0.015938953519002163
354.5,0.015950973134032348
354.6,0.015962875395136467
354.7,0.015974661621019688
354.8,0.015986333117412477
354.90000000000003,0.01599789117736918
355.0,0.016009337081559147
355.1,0.016020672098550712
355.2,0.016031897485088195
355.3,0.016043014486362202
355.40000000000003,0.01605402433627341
355.5,0.016064928257690052
355.6,0.01607572746269932
355.7,0.016086423152852868
355.8,0.016097016519406596
355.90000000000003,0.01610750874355494
356.0,0.01611790099665979
356.1,0.01612819444047424
356.2,0.016138390227361344
356.3,0.01614848950050799
356.40000000000003,0.01615849339413413
356.5,0.01616840303369741
356.6,0.016178219536093434
356.7,0.01618794400985179
356.8,0.01619757755532789
356.90000000000003,0.016207121264890895
357.0,0.01621657622310772
357.1,0.016225943506923333
357.2,0.01623522418583742
357.3,0.016244419322077562
357.40000000000003,0.016253529970769
357.5,0.01626255718010114
357.6,0.01627150199149088
357.7,0.01628036543974286
357.8,0.016289148553206744
357.90000000000003,0.016297852353931625
358.0,0.01630647785781765
358.1,0.01631502607476496
358.2,0.016323498008820037
358.3,0.016331894658319503
358.40000000000003,0.016340217016031527
358.5,0.016348466069294885
358.6,0.016356642800155693
358.7,0.016364748185502036
358.8,0.016372783197196396
358.90000000000003,0.016380748802206104
359.0,0.01638864596273176
359.1,0.01639647563633378
359.2,0.016404238776057133
359.3,0.01641193633055423
359.40000000000003,0.016419569244206175
359.5,0.016427138457242356
359.6,0.016434644905858435
359.7,0.01644208952233281
359.8,0.01644947323514164
359.90000000000003,0.016456796969072443
360.0,0.016464061645336325
360.1,0.01647126818167892
360.2,0.016478417492490096
360.3,0.016485510488912444
360.40000000000003,0.016492548078948625
360.5,0.016499531167567628
360.6,0.016506460656809954
360.7,0.016513337445891844
360.8,0.016520162431308497
360.90000000000003,0.01652693650693643
361.0,0.01653366056413493
361.1,0.016540335491846688
361.2,0.01654696217669771
361.3,0.016553541503096392
361.40000000000003,0.01656007435333199
361.5,0.016566561607672396
361.6,0.016573004144461265
361.7,0.016579402840214644
361.8,0.016585758569716984
361.90000000000003,0.016592072206116706
362.0,0.016598344621021277
362.1,0.01660457668459185
362.2,0.016610769265637565
362.3,0.01661692323170943
362.40000000000003,0.01662303944919393
362.5,0.016629118783406345
362.6,0.016635162098683782
362.7,0.016641170258478062
362.8,0.016647144125448352
362.90000000000003,0.016653084561553705
363.0,0.01665899242814546
363.1,0.01666486858605955
363.2,0.016670713895708806
363.3,0.016676529217175183
363.40000000000003,0.01668231541030206
363.5,0.016688073334786547
363.6,0.016693803850271898
363.7,0.016699507816440015
363.8,0.016705186093104115
363.90000000000003,0.01671083954030156
364.0,0.016716469018386883
364.1,0.016722075388125084
364.2,0.016727659510785156
364.3,0.01673322224823394
364.40000000000003,0.01673876446303029
364.5,0.016744287018519634
364.6,0.016749790778928863
364.7,0.016755276609461738
364.8,0.016760745376394656
364.90000000000003,0.016766197947172993
365.0,0.016771635190507898
365.1,0.016777057976473667
365.2,0.01678246717660572
365.3,0.016787863663999144
365.40000000000003,0.016793248313407946
365.5,0.016798622001344934
365.6,0.016803985606182327
365.7,0.01680934000825314
365.8,0.01681468608995331
365.90000000000003,0.01682002473584466
366.0,0.016825356832758705
366.1,0.016830683269901323
366.2,0.016836004938958402
366.3,0.01684132273420235
366.40000000000003,0.01684663755259968
366.5,0.016851950293919563
366.6,0.016857261860843468
366.7,0.0168625731590759
366.8,0.016867885097456254
366.90000000000003,0.01687319858807188
367.0,0.016878514546372323
367.1,0.01688383389128485
367.2,0.016889157545331244
367.3,0.016894486434745937
367.40000000000003,0.016899821489595547
367.5,0.016905163643899795
367.6,0.01691051383575389
367.7,0.016915873007452453
367.8,0.01692124210561494
367.90000000000003,0.016926622081312712
368.0,0.0169320138901977
368.1,0.016937418492632788
368.2,0.016942836853823938
368.3,0.016948269943954063
368.40000000000003,0.016953718738318795
368.5,0.016959184217464108
368.6,0.016964667367325856
368.7,0.016970169179371396
368.8,0.01697569065074314
368.90000000000003,0.016981232784404342
369.0,0.016986796589286948
369.1,0.01699238308044172
369.2,0.01699799327919064
369.3,0.01700362821328166
369.40000000000003,0.01700928891704586
369.5,0.017014976431557076
369.6,0.01702069180479407
369.7,0.01702643609180534
369.8,0.017032210354876565
369.90000000000003,0.017038015663700834
370.0,0.017043853095551703
370.1,0.017049723735459137
370.2,0.01705562867638845
370.3,0.017061569019422275
370.40000000000003,0.017067545873945735
370.5,0.017073560357834784
370.6,0.017079613597647883
370.7,0.01708570672882109
370.8,0.017091840895866607
370.90000000000003,0.017098017252574985
371.0,0.017104236962220933
371.1,0.017110501197772958
371.2,0.0171168111421069
371.3,0.017123167988223404
371.40000000000003,0.017129572939469574
371.5,0.017136027209764773
371.6,0.01714253202383075
371.7,0.017149088617426273
371.8,0.01715569823758625
371.90000000000003,0.017162362142865605
372.0,0.01716908160358793
372.1,0.0171758579020991
372.2,0.017182692333026002
372.3,0.017189586203540455
372.40000000000003,0.017196540833628527
372.5,0.01720355755636539
372.6,0.017210637718195806
372.7,0.0172177826792205
372.8,0.0172249938134885
372.90000000000003,0.01723227250929566
373.0,0.01723962016948954
373.1,0.017247038211780745
373.2,0.01725452806906106
373.3,0.0172620911897284
373.40000000000003,0.017269729038018898
373.5,0.017277443094346284
373.6,0.017285234855648725
373.7,0.017293105835743446
373.8,0.017301057565689226
373.90000000000003,0.0173090915941571
374.0,0.017317209487809456
374.1,0.01732541283168775
374.2,0.01733370322960915
374.3,0.01734208230457231
374.40000000000003,0.017350551699172555
374.5,0.017359113076026778
374.6,0.017367768118208275
374.7,0.017376518529691878
374.8,0.017385366035809608
374.90000000000003,0.017394312383717234
375.0,0.017403359342871974
375.1,0.017412508705521728
375.2,0.017421762287206183
375.3,0.017431121927270025
375.40000000000003,0.01744058948938878
375.5,0.0174501668621075
375.6,0.017459855959392766
375.7,0.017469658721198333
375.8,0.01747957711404482
375.90000000000003,0.0174896131316139
376.0,0.017499768795357334
376.1,0.017510046155121275
376.2,0.017520447289786367
376.3,0.017530974307923938
376.40000000000003,0.017541629348468885
376.5,0.01755241458140958
376.6,0.01756333220849534
376.7,0.01757438446396196
376.8,0.017585573615275678
376.90000000000003,0.0175969019638962
377.0,0.017608371846059175
377.1,0.017619985633578656
377.2,0.017631745734670065
377.3,0.017643654594794094
377.40000000000003,0.017655714697522144
377.5,0.01766792856542371
377.6,0.0176802987609762
377.7,0.017692827887497747
377.8,0.0177055185901034
377.90000000000003,0.01771837355668518
378.0,0.017731395518916417
378.1,0.017744587253280774
378.2,0.017757951582126338
378.3,0.01777149137474507
378.40000000000003,0.01778520954847795
378.5,0.017799109069846015
378.6,0.017813192955707404
378.7,0.017827464274440617
378.8,0.017841926147153804
378.90000000000003,0.017856581748920172
379.0,0.01787143431003908
379.1,0.017886487117322554
379.2,0.01790174351540669
379.3,0.01791720690808714
379.40000000000003,0.017932880759677767
379.5,0.0179487685963913
379.6,0.017964874007740446
379.7,0.017981200647957708
379.8,0.01799775223743165
379.90000000000003,0.018014532564157044
380.0,0.018031545485195775
380.1,0.018048794928144787
380.2,0.01806628489260682
380.3,0.0180840194516588
380.40000000000003,0.01810200275331205
380.5,0.018120239021957415
380.6,0.01813873255978734
380.7,0.018157487748185697
380.8,0.018176509049074637
380.90000000000003,0.018195801006206238
381.0,0.018215368246384582
381.1,0.01823521548060202
381.2,0.018255347505070654
381.3,0.018275769202127288
381.40000000000003,0.01829648554098691
381.5,0.01831750157831577
381.6,0.01833882245859097
381.7,0.01836045341420841
381.8,0.01838239976529506
381.90000000000003,0.018404666919175007
382.0,0.01842726036943082
382.1,0.018450185694493047
382.2,0.018473448555680085
382.3,0.018497054694598752
382.40000000000003,0.018521009929801886
382.5,0.018545320152582926
382.6,0.01856999132176853
382.7,0.018595029457347968
382.8,0.018620440632752082
382.90000000000003,0.018646230965564142
383.0,0.018672406606409033
383.1,0.018698973725725074
383.2,0.018725938498073053
383.3,0.018753307083578124
383.40000000000003,0.018781085606030642
383.5,0.01880928012708904
383.6,0.018837896615929408
383.7,0.01886694091356863
383.8,0.018896418690947044
383.90000000000003,0.018926335399687612
384.0,0.018956696214244922
384.1,0.018987505963911765
384.2,0.01901876905285356
384.3,0.019050489365979393
384.40000000000003,0.01908267015801825
384.5,0.019115313922630103
384.6,0.01914842223772084
384.7,0.01918199558231556
384.8,0.019216033119338023
384.90000000000003,0.0192505324373945
385.0,0.01928548924310239
385.1,0.01932089699355471
385.2,0.019356746456061214
385.3,0.01939302517921324
385.40000000000003,0.019429716855396878
385.5,0.019466800549881653
385.6,0.019504249765217467
385.7,0.01954203130145283
385.8,0.01958010386207499
385.90000000000003,0.019618416341814427
386.0,0.019656905714552274
386.1,0.019695494416198743
386.2,0.019734087086841934
386.3,0.01977256649646538
386.40000000000003,0.019810788426304893
386.5,0.019848575210160285
386.6,0.019885707553273357
386.7,0.01992191413836637
386.8,0.019956858400883536
386.90000000000003,0.019990121721820554
387.0,0.02002118218964668
387.1,0.02004938813701194
387.2,0.020073926148297325
387.3,0.020093784855339837
387.40000000000003,0.020107720279501064
387.5,0.020114239879857575
387.6,0.020111651126173545
387.7,0.020098292212411186
387.8,0.020073242084087298
387.90000000000003,0.020038245872858174
388.0,0.020002562447899254
388.1,0.019993848556913954
388.2,0.020075964814338328
388.3,0.0203526212005905
388.40000000000003,0.020903979079990698
388.5,0.021698027911805442
388.6,0.02262602448996545
388.7,0.023590450489343568
388.8,0.024520590003233863
388.90000000000003,0.025348920578880274
389.0,0.025995065345226682
389.1,0.02637112560235972
389.2,0.026399331468339667
389.3,0.026009070854333717
389.40000000000003,0.02508576050283602
389.5,0.023599203026768583
389.6,0.023893996404492357
389.7,0.025143906366014938
389.8,0.025541177147570853
389.90000000000003,0.02503953864892945
390.0,0.023717648251346937
390.1,0.021866224168978664
390.2,0.019871891549766863
390.3,0.018137306463875656
390.40000000000003,0.017004454941689937
390.5,0.01646640424010643
390.6,0.0162585344114914
390.7,0.016187582509172693
390.8,0.016169018335291278
390.90000000000003,0.016170361335379534
391.0,0.016179355792395208
391.1,0.016191368818018432
391.2,0.01620464381596668
391.3,0.01621851380802548
391.40000000000003,0.016232725985310607
391.5,0.01624718543037627
391.6,0.016261857593922322
391.7,0.016276731085570345
391.8,0.01629180344122658
391.90000000000003,0.016307075665698827
392.0,0.016322550135191443
392.1,0.0163382297894734
392.2,0.016354117820340405
392.3,0.016370217551554204
392.40000000000003,0.016386532392849772
392.5,0.016403065822669073
392.6,0.01641982138206459
392.7,0.016436802672954727
392.8,0.016454013358074674
392.90000000000003,0.016471457161582815
393.0,0.016489137869912098
393.1,0.01650705933270112
393.2,0.01652522546373524
393.3,0.016543640241864666
393.40000000000003,0.01656230771188048
393.5,0.016581231985333813
393.6,0.016600417241284356
393.7,0.016619867726963534
393.8,0.016639587758335884
393.90000000000003,0.016659581720540276
394.0,0.016679854068189833
394.1,0.0167004093255065
394.2,0.016721252086262888
394.3,0.01674238701349995
394.40000000000003,0.01676381883898458
394.5,0.016785552362366174
394.6,0.016807592449985004
394.7,0.01682994403327868
394.8,0.0168526121067249
394.90000000000003,0.016875601725249652
395.0,0.01689891800101959
395.1,0.016922566099524968
395.2,0.01694655123484569
395.3,0.016970878663976362
395.40000000000003,0.016995553680067527
395.5,0.017020581604417866
395.6,0.017045967777026466
395.7,0.017071717545484043
395.8,0.01709783625194652
395.90000000000003,0.01712432921789307
396.0,0.017151201726321733
396.1,0.017178459000978374
396.2,0.01720610618214673
396.3,0.01723414829844701
396.40000000000003,0.017262590233995005
396.5,0.017291436690160276
396.6,0.01732069214102667
396.7,0.01735036078149648
396.8,0.017380446466785594
396.90000000000003,0.017410952641823577
397.0,0.017441882258791088
397.1,0.01747323768068653
397.2,0.017505020568400448
397.3,0.017537231748272798
397.40000000000003,0.017569871056493318
397.5,0.017602937155951015
397.6,0.017636427320211034
397.7,0.01767033717815099
397.8,0.017704660411367975
397.90000000000003,0.017739388394699004
398.0,0.017774509767987758
398.1,0.017810009924457745
398.2,0.01784587039755955
398.3,0.017882068123741914
398.40000000000003,0.017918574552986538
398.5,0.01795535457179492
398.6,0.017992365194165603
398.7,0.018029553964356397
398.8,0.018066857000112922
398.90000000000003,0.01810419658556479
399.0,0.01814147819787702
399.1,0.018178586819436807
399.2,0.018215382346031664
399.3,0.01825169384923471
399.40000000000003,0.018287312386624777
399.5,0.018321981976928584
399.6,0.018355388274075433
399.7,0.018387144402096517
399.8,0.018416773397748498
399.90000000000003,0.018443686860486603
400.0,0.01846715998851983
400.1,0.018486304783157295
400.2,0.01850004721979762
400.3,0.018507123870818536
400.40000000000003,0.018506136568644995
400.5,0.018495758774888564
400.6,0.01847531834123018
400.7,0.018446285660922903
400.8,0.018415838601281213
400.90000000000003,0.018404609038071184
401.0,0.018459755526334307
401.1,0.01866237117605695
401.2,0.019092975248737487
401.3,0.01975668505377608
401.40000000000003,0.020576346090485333
401.5,0.02146266893075868
401.6,0.022349483321169955
401.7,0.023182215924867876
401.8,0.02389939698761798
401.90000000000003,0.024426291374663723
402.0,0.024684224753531842
402.1,0.02460254874043617
402.2,0.024104282961537472
402.3,0.023056608216028267
402.40000000000003,0.021762886284228972
402.5,0.02269258148805792
402.6,0.023696967143157652
402.7,0.023862514695938496
402.8,0.02318200771970635
402.90000000000003,0.021767403785689893
403.0,0.019903050301235112
403.1,0.01790787194730943
403.2,0.016096062885472093
403.3,0.014789595347985303
403.40000000000003,0.01409283967757827
403.5,0.01379674512947327
403.6,0.013681544340941217
403.7,0.013637834286524214
403.8,0.013621702735476969
403.90000000000003,0.013616235186551456
404.0,0.013614931451347088
404.1,0.013615287760816504
404.2,0.013616338283422924
404.3,0.013617710572439818
404.40000000000003,0.013619261579886884
404.5,0.013620937095505518
404.6,0.013622717376382102
404.7,0.013624596085376956
404.8,0.013626572121287744
404.90000000000003,0.013628646445613797
405.0,0.013630820848588816
405.1,0.013633097468921792
405.2,0.013635478606883817
405.3,0.013637966651731335
405.40000000000003,0.013640564053761833
405.5,0.013643273313821442
405.6,0.013646096979650526
405.7,0.013649037644916411
405.8,0.0136520979493075
405.90000000000003,0.013655280579051094
406.0,0.013658588267604278
406.1,0.013662023796419188
406.2,0.013665589995743672
406.3,0.013669289745441756
406.40000000000003,0.013673125975827656
406.5,0.013677101668510596
406.6,0.013681219857249164
406.7,0.013685483628814422
406.8,0.013689896123861156
406.90000000000003,0.01369446053780668
407.0,0.013699180121716581
407.1,0.013704058183196678
407.2,0.013709098087290473
407.3,0.013714303257381119
407.40000000000003,0.013719677176097008
407.5,0.01372522338621978
407.6,0.013730945491593483
407.7,0.01373684715803351
407.8,0.013742932114233606
407.90000000000003,0.01374920415266921
408.0,0.013755667130495038
408.1,0.013762324970434595
408.2,0.013769181661659104
408.3,0.013776241260652834
408.40000000000003,0.013783507892061684
408.5,0.013790985749521267
408.6,0.013798679096460393
408.7,0.013806592266875375
408.8,0.01381472966606987
408.90000000000003,0.013823095771354484
409.0,0.013831695132699514
409.1,0.013840532373333452
409.2,0.013849612190278953
409.3,0.013858939354816836
409.40000000000003,0.013868518712867648
409.5,0.013878355185278841
409.6,0.01388845376800418
409.7,0.013898819532160284
409.8,0.01390945762394319
409.90000000000003,0.013920373264385708
410.0,0.013931571748933702
410.1,0.013943058446816698
410.2,0.013954838800184867
410.3,0.013966918322980726
410.40000000000003,0.013979302599509674
410.5,0.013991997282668612
410.6,0.01400500809178629
410.7,0.014018340810022761
410.8,0.014032001281267843
410.90000000000003,0.014045995406470243
411.0,0.014060329139319191
411.1,0.014075008481189364
411.2,0.014090039475246948
411.3,0.014105428199599819
411.40000000000003,0.01412118075935759
411.5,0.014137303277447215
411.6,0.014153801884006684
411.7,0.01417068270415219
411.8,0.014187951843882638
411.90000000000003,0.01420561537384846
412.0,0.014223679310668516
412.1,0.014242149595428126
412.2,0.014261032068931772
412.3,0.014280332443213632
412.40000000000003,0.014300056268726252
412.5,0.01432020889652928
412.6,0.014340795434683657
412.7,0.014361820697917803
412.8,0.014383289149466707
412.90000000000003,0.014405204833786725
413.0,0.014427571298611153
413.1,0.014450391504525519
413.2,0.014473667719896405
413.3,0.014497401398569516
413.40000000000003,0.014521593037245236
413.5,0.014546242008821299
413.6,0.01457134636723611
413.7,0.014596902618418566
413.8,0.014622905450808141
413.90000000000003,0.014649347417497953
414.0,0.014676218560303548
414.1,0.014703505963882247
414.2,0.014731193225306943
414.3,0.014759259821086692
414.40000000000003,0.014787680349333872
414.5,0.014816423619357682
414.6,0.014845451554099581
414.7,0.014874717862109161
414.8,0.01490416642466657
414.90000000000003,0.014933729329528331
415.0,0.014963324464783542
415.1,0.014992852563465877
415.2,0.015022193560747861
415.3,0.015051202089624549
415.40000000000003,0.015079701897213612
415.5,0.015107478912608602
415.6,0.01513427264217784
415.7,0.015159765520090783
415.8,0.01518356982762374
415.90000000000003,0.015205211876910188
416.0,0.015224113473581805
416.1,0.015239571540279967
416.2,0.01525073889475142
416.3,0.015256614095849434
416.40000000000003,0.015256059556450973
416.5,0.015247892953246314
416.6,0.015231156133468043
416.7,0.015205800117662543
416.8,0.015174317401359515
416.90000000000003,0.015145402387266716
417.0,0.01514125599795958
417.1,0.015208170094653379
417.2,0.015418173243056364
417.3,0.015833867735822554
417.40000000000003,0.0164510841635466
417.5,0.0172026090999964
417.6,0.01801419499610562
417.7,0.018830713522304005
417.8,0.019607216807130595
417.90000000000003,0.020293740111726813
418.0,0.020827856441206116
418.1,0.02113900265312541
418.2,0.02115864055908117
418.3,0.020815980697422277
418.40000000000003,0.02000021422111673
418.5,0.01868721141148812
418.6,0.018914067506453417
418.7,0.020082666309958943
418.8,0.020513295787438872
418.90000000000003,0.020154658212218107
419.0,0.019054628214165602
419.1,0.017420888110056
419.2,0.015535801288433607
419.3,0.0136613200669639
419.40000000000003,0.012070855077256522
419.5,0.01100479944443404
419.6,0.010444241005472343
419.7,0.010173475529302096
419.8,0.010028136603698145
419.90000000000003,0.00993206475770726
420.0,0.00985436634071762
420.1,0.009782721422926778
420.2,0.009712169823184244
420.3,0.009640671060558
420.40000000000003,0.009567347521761756
420.5,0.009491786237793601
420.6,0.009413761247335927
420.7,0.009333124164214774
420.8,0.00924976264950205
420.90000000000003,0.00916358695463371
421.0,0.009074528892923614
421.1,0.008982547360830467
421.2,0.008887638553927449
421.3,0.008789850769713682
421.40000000000003,0.00868930453501538
421.5,0.008586219263186813
421.6,0.0084809478868095
421.7,0.008374020872307864
421.8,0.008266200482608588
421.90000000000003,0.008158544704929636
422.0,0.008052477298664033
422.1,0.007949855238274293
422.2,0.007853016999815284
422.3,0.007764785400858571
422.40000000000003,0.007688390390380086
422.5,0.007627277499896505
422.6,0.007584786495839925
422.7,0.007563727992390167
422.8,0.00756594367335895
422.90000000000003,0.007591977061476448
423.0,0.007640969210998312
423.1,0.007710818675039095
423.2,0.007798546417442424
423.3,0.00790074281726997
423.40000000000003,0.00801397503066567
423.5,0.008135081266227834
423.6,0.008261335364263302
423.7,0.008390503287844995
423.8,0.00852082724785993
423.90000000000003,0.008650970831502803
424.0,0.0087799493708406
424.1,0.008907060246097224
424.2,0.00903182052413725
424.3,0.009153914664968534
424.40000000000003,0.009273152441000214
424.5,0.009389435995900046
424.6,0.009502734547328329
424.7,0.009613065225656366
424.8,0.009720478709998082
424.90000000000003,0.009825048549724474
425.0,0.009926863283790492
425.1,0.010026020666594675
425.2,0.010122623470674524
425.3,0.010216776464654437
425.40000000000003,0.010308584264116571
425.5,0.010398149828823285
425.6,0.010485573436990844
425.7,0.010570952010344224
425.8,0.010654378695891234
425.90000000000003,0.010735942634411006
426.0,0.010815728863601078
426.1,0.01089381831721586
426.2,0.010970287891517142
426.3,0.011045210557811219
426.40000000000003,0.011118655505412918
426.5,0.011190688303533525
426.6,0.011261371073695148
426.7,0.0113307626665933
426.8,0.011398918839060404
426.90000000000003,0.01146589242807315
427.0,0.011531733519706001
427.1,0.011596489611644337
427.2,0.011660205768395425
427.3,0.011722924768719873
427.40000000000003,0.01178468724508564
427.5,0.011845531815146922
427.6,0.011905495205391478
427.7,0.011964612367196936
427.8,0.012022916585600623
427.90000000000003,0.01208043958112727
428.0,0.012137211605040603
428.1,0.012193261528393578
428.2,0.012248616925251395
428.3,0.012303304150454027
428.40000000000003,0.012357348412273272
428.5,0.012410773840304356
428.6,0.012463603548915595
428.7,0.012515859696561783
428.8,0.012567563541248947
428.90000000000003,0.012618735492420208
429.0,0.012669395159514709
429.1,0.012719561397434648
429.2,0.012769252349139183
429.3,0.012818485485568418
429.40000000000003,0.012867277643086221
429.5,0.012915645058616832
429.6,0.012963603402637386
429.7,0.013011167810176654
429.8,0.01305835290995895
429.90000000000003,0.013105172851822047
430.0,0.013151641332528169
430.1,0.013197771620078333
430.2,0.013243576576632091
430.3,0.013289068680127024
430.40000000000003,0.013334260044685388
430.5,0.013379162439888776
430.6,0.013423787308995556
430.7,0.013468145786170385
430.8,0.013512248712789842
430.90000000000003,0.013556106652883483
431.0,0.01359972990776515
431.1,0.01364312852990528
431.2,0.01368631233609111
431.3,0.013729290919918072
431.40000000000003,0.013772073663652394
431.5,0.013814669749501777
431.6,0.013857088170328054
431.7,0.013899337739833076
431.8,0.013941427102246329
431.90000000000003,0.013983364741540466
432.0,0.014025158990198428
432.1,0.014066818037553691
432.2,0.01410834993772292
432.3,0.01414976261714817
432.40000000000003,0.014191063881763796
432.5,0.014232261423801006
432.6,0.01427336282824113
432.7,0.014314375578926461
432.8,0.01435530706433552
432.90000000000003,0.014396164583027385
433.0,0.014436955348757554
433.1,0.014477686495265405
433.2,0.014518365080730936
433.3,0.014558998091895741
433.40000000000003,0.014599592447840459
433.5,0.014640155003407786
433.6,0.014680692552256819
433.7,0.01472121182953089
433.8,0.01476171951411688
433.90000000000003,0.014802222230469609
434.0,0.014842726549969756
434.1,0.0148832389917782
434.2,0.014923766023143253
434.3,0.01496431405911006
434.40000000000003,0.015004889461573365
434.5,0.01504549853760539
434.6,0.015086147536980196
434.7,0.015126842648803629
434.8,0.015167589997144088
434.90000000000003,0.015208395635543489
435.0,0.01524926554026927
435.1,0.015290205602147132
435.2,0.01533122161678965
435.3,0.015372319273007274
435.40000000000003,0.015413504139155296
435.5,0.015454781647131583
435.6,0.01549615707369495
435.7,0.015537635518721327
435.8,0.015579221879953016
435.90000000000003,0.015620920823723726
436.0,0.015662736751056498
436.1,0.01570467375843047
436.2,0.01574673559239289
436.3,0.01578892559705056
436.40000000000003,0.01583124665330601
436.5,0.015873701108501875
436.6,0.01591629069489567
436.7,0.01595901643509761
436.8,0.016001878532255615
436.90000000000003,0.016044876242351253
437.0,0.016088007725461345
437.1,0.01613126987222199
437.2,0.016174658100979216
437.3,0.016218166120190863
437.40000000000003,0.016261785649517423
437.5,0.01630550609165397
437.6,0.01634931414524642
437.7,0.01639319334712145
437.8,0.01643712352943641
437.90000000000003,0.016481080174092593
438.0,0.016525033642686097
438.1,0.01656894825518622
438.2,0.016612781184171338
438.3,0.016656481123493612
438.40000000000003,0.016699986680298696
438.5,0.016743224426940387
438.6,0.016786106534010463
438.7,0.016828527886986588
438.8,0.016870362566617454
438.90000000000003,0.01691145954740168
439.0,0.01695163744097086
439.1,0.016990678086312036
439.2,0.017028318777034954
439.3,0.017064242940264332
439.40000000000003,0.01709806919098097
439.5,0.017129338982036526
439.6,0.01715750376794708
439.7,0.017181914151563542
439.8,0.017201816847825097
439.90000000000003,0.017216372545102592
440.0,0.01722472335349334
440.1,0.017226172193049605
440.2,0.017220608558980628
440.3,0.017209464311546057
440.40000000000003,0.01719776008604536
440.5,0.01719815023294761
440.6,0.0172375192575666
440.7,0.017362665068941237
440.8,0.017631209541292405
440.90000000000003,0.01807580163856825
441.0,0.018674487491569195
441.1,0.019370668840312723
441.2,0.02010992923106155
441.3,0.02085113754436107
441.40000000000003,0.02155821992166049
441.5,0.022189319937783582
441.6,0.0226912236336449
441.7,0.02300214643913657
441.8,0.02305957073828439
441.90000000000003,0.022798682694081845
442.0,0.02212422298175947
442.1,0.020952655384132688
442.2,0.020748832200590338
442.3,0.021889195414059277
442.40000000000003,0.022423760831899425
442.5,0.022224921437960198
442.6,0.021314194549521225
442.7,0.01983387850600674
442.8,0.017988715712512628
442.90000000000003,0.01590760278419288
443.0,0.01360919298967791
443.1,0.01144943383200232
443.2,0.011139299415571631
443.3,0.011440217448164317
443.40000000000003,0.011587662069406658
443.5,0.011642638725793754
443.6,0.01165853164837003
443.7,0.011658535635264679
443.8,0.011652070525351223
443.90000000000003,0.011642908804651074
444.0,0.011632553805551756
444.1,0.011621602236799365
444.2,0.011610289338350434
444.3,0.01159870636209537
444.40000000000003,0.011586887209535837
444.5,0.011574842914156135
444.6,0.01156257535492358
444.7,0.011550082705267032
444.8,0.011537361595308958
444.90000000000003,0.011524407967646115
445.0,0.011511217414030711
445.1,0.011497785305817791
445.2,0.011484106842426779
445.3,0.011470177067126877
445.40000000000003,0.011455990869698963
445.5,0.011441542983716312
445.6,0.0114268279815014
445.7,0.011411840267957897
445.8,0.01139657407373991
445.90000000000003,0.011381023447927845
446.0,0.011365182250263397
446.1,0.011349044142948933
446.2,0.0113326025819968
446.3,0.011315850808104976
446.40000000000003,0.011298781837030699
446.5,0.011281388449430343
446.6,0.011263663180130952
446.7,0.011245598306796166
446.8,0.011227185837946282
446.90000000000003,0.01120841750028926
447.0,0.01118928472531606
447.1,0.01116977863511028
447.2,0.011149890027318124
447.3,0.011129609359220543
447.40000000000003,0.011108926730845023
447.5,0.01108783186704946
447.6,0.01106631409850533
447.7,0.01104436234150174
447.8,0.011021965076485587
447.90000000000003,0.010999110325246537
448.0,0.010975785626648176
448.1,0.010951978010798993
448.2,0.010927673971548403
448.3,0.010902859437183918
448.40000000000003,0.010877519739195972
448.5,0.010851639578966333
448.6,0.010825202992225011
448.7,0.010798193311108598
448.8,0.010770593123640412
448.90000000000003,0.010742384230439527
449.0,0.01071354759845181
449.1,0.010684063311481584
449.2,0.010653910517287778
449.3,0.010623067370993215
449.40000000000003,0.010591510974540986
449.5,0.010559217311917413
449.6,0.010526161179848106
449.7,0.01049231611366245
449.8,0.010457654308013941
449.90000000000003,0.01042214653214035
450.0,0.010385762039350873
450.1,0.010348468470439732
450.2,0.010310231750750541
450.3,0.010271015980657737
450.40000000000003,0.010230783319296508
450.5,0.010189493861468635
450.6,0.010147105507789187
450.7,0.010103573828331585
450.8,0.010058851920294359
450.90000000000003,0.01001289026057605
451.0,0.009965636554636776
451.1,0.009917035583688078
451.2,0.009867029053142943
451.3,0.009815555446449237
451.40000000000003,0.009762549890021975
451.5,0.009707944037114488
451.6,0.009651665981303273
451.7,0.009593640214042264
451.8,0.00953378764578736
451.90000000000003,0.009472025716926305
452.0,0.009408268633742545
452.1,0.009342427776656951
452.2,0.009274412344045736
452.3,0.009204130316375764
452.40000000000003,0.009131489854006697
452.5,0.009056401280090288
452.6,0.008978779850488937
452.7,0.00889854957916078
452.8,0.008815648474248561
452.90000000000003,0.008730035651631995
453.0,0.008641700932672431
453.1,0.008550677702070042
453.2,0.008457059993619051
453.3,0.00836102496409814
453.40000000000003,0.008262862056500012
453.5,0.008163010137641726
453.6,0.008062103528070307
453.7,0.007961026800281634
453.8,0.007860976022746055
453.90000000000003,0.007763520176463746
454.0,0.007670650297382406
454.1,0.007584795772645193
454.2,0.007508779254847721
454.3,0.007445679027673901
454.40000000000003,0.007398578429118628
454.5,0.007370213003537248
454.6,0.007362574167606305
454.7,0.007376572107982832
454.8,0.007411867583010424
454.90000000000003,0.007466933809499177
455.0,0.0075393256747041115
455.1,0.007626063015339761
455.2,0.007724015324654175
455.3,0.007830205497854372
455.40000000000003,0.007942000201358655
455.5,0.008057195184088064
455.6,0.008174023879568896
455.7,0.008291120321476225
455.8,0.008407461083930352
455.90000000000003,0.008522302441797122
456.0,0.008635121694736528
456.1,0.008745566602332411
456.2,0.008853413910329608
456.3,0.00895853642184373
456.40000000000003,0.009060877429421004
456.5,0.00916043117385859
456.6,0.009257228081997877
456.7,0.009351323715040442
456.8,0.009442790557132963
456.90000000000003,0.009531711956931067
457.0,0.009618177690031258
457.1,0.009702280735653214
457.2,0.009784114959527666
457.3,0.009863773470945999
457.40000000000003,0.009941347479823209
457.5,0.010016925523385473
457.6,0.010090592965006017
457.7,0.010162431692393337
457.8,0.01023251996081316
457.90000000000003,0.010300932340849157
458.0,0.010367739740548436
458.1,0.010433009479535533
458.2,0.010496805398470943
458.3,0.010559187991568039
458.40000000000003,0.01062021455313188
458.5,0.01067993933151793
458.6,0.010738413685731849
458.7,0.010795686241255834
458.8,0.010851803042706104
458.90000000000003,0.010906807701685763
459.0,0.010960741538761313
459.1,0.011013643718907869
459.2,0.011065551380073983
459.3,0.011116499754739191
459.40000000000003,0.011166522284496813
459.5,0.011215650727806673
459.6,0.011263915261139299
459.7,0.01131134457378352
459.8,0.011357965956620367
459.90000000000003,0.011403805385182578
460.0,0.011448887597324982
460.1,0.011493236165829495
460.2,0.011536873566261477
460.3,0.011579821240383642
460.40000000000003,0.011622099655420718
460.5,0.011663728359453576
460.6,0.011704726033206344
460.7,0.011745110538474475
460.8,0.011784898963426275
460.90000000000003,0.011824107664995415
461.0,0.01186275230856722
461.1,0.011900847905147723
461.2,0.011938408846191247
461.3,0.011975448936249616
461.40000000000003,0.01201198142359465
461.5,0.012048019028954358
461.6,0.012083573972493131
461.7,0.012118657999156747
461.8,0.012153282402493951
461.90000000000003,0.012187458047058394
462.0,0.012221195389486895
462.1,0.012254504498343073
462.2,0.012287395072808826
462.3,0.012319876460300092
462.40000000000003,0.012351957673077816
462.5,0.012383647403919852
462.6,0.012414954040914793
462.7,0.01244588568143438
462.8,0.012476450145337001
462.90000000000003,0.012506654987451153
463.0,0.012536507509384232
463.1,0.012566014770698781
463.2,0.012595183599495541
463.3,0.012624020602439645
463.40000000000003,0.012652532174264135
463.5,0.012680724506782304
463.6,0.012708603597438436
463.7,0.012736175257424466
463.8,0.012763445119388152
463.90000000000003,0.012790418644756798
464.0,0.012817101130698795
464.1,0.012843497716743934
464.2,0.012869613391082016
464.3,0.01289545299655798
464.40000000000003,0.012921021236380677
464.5,0.01294632267956127
464.6,0.012971361766096222
464.7,0.012996142811908966
464.8,0.013020670013563326
464.90000000000003,0.01304494745276115
465.0,0.013068979100635624
465.1,0.013092768821851229
465.2,0.013116320378520506
465.3,0.01313963743394725
465.40000000000003,0.01316272355620518
465.5,0.01318558222156053
465.6,0.013208216817746572
465.7,0.013230630647097629
465.8,0.013252826929549603
465.90000000000003,0.013274808805513752
466.0,0.01329657933862997
466.1,0.013318141518405525
466.2,0.013339498262744881
466.3,0.013360652420375839
466.40000000000003,0.013381606773177051
466.5,0.013402364038411593
466.6,0.013422926870871044
466.7,0.013443297864934348
466.8,0.013463479556545373
466.90000000000003,0.013483474425113008
467.0,0.013503284895337333
467.1,0.013522913338965247
467.2,0.013542362076478803
467.3,0.013561633378719237
467.40000000000003,0.013580729468449602
467.5,0.01359965252185875
467.6,0.013618404670009208
467.7,0.0136369880002315
467.8,0.013655404557467134
467.90000000000003,0.013673656345562593
468.0,0.013691745328516356
468.1,0.013709673431680988
468.2,0.01372744254292222
468.3,0.013745054513736801
468.40000000000003,0.013762511160330875
468.5,0.013779814264660519
468.6,0.013796965575435983
468.7,0.013813966809091183
468.8,0.013830819650719788
468.90000000000003,0.013847525754979322
469.0,0.013864086746964535
469.1,0.01388050422305128
469.2,0.013896779751712076
469.3,0.013912914874304471
469.40000000000003,0.013928911105833284
469.5,0.013944769935687733
469.6,0.013960492828354437
469.7,0.013976081224107217
469.8,0.013991536539674578
469.90000000000003,0.014006860168885759
470.0,0.014022053483296108
470.1,0.01403711783279261
470.2,0.014052054546180297
470.3,0.01406686493175024
470.40000000000003,0.014081550277829816
470.5,0.014096111853315928
470.6,0.014110550908191726
470.7,0.014124868674027555
470.8,0.014139066364466555
470.90000000000003,0.014153145175695613
471.0,0.014167106286902065
471.1,0.014180950860716742
471.2,0.014194680043643812
471.3,0.014208294966477882
471.40000000000003,0.01422179674470882
471.5,0.014235186478914726
471.6,0.014248465255143427
471.7,0.014261634145282982
471.8,0.014274694207421454
471.90000000000003,0.014287646486196435
472.0,0.014300492013134589
472.1,0.014313231806981587
472.2,0.014325866874022774
472.3,0.014338398208394833
472.40000000000003,0.014350826792388801
472.5,0.014363153596744683
472.6,0.014375379580937965
472.7,0.014387505693458296
472.8,0.01439953287208058
472.90000000000003,0.01441146204412874
473.0,0.014423294126732409
473.1,0.014435030027076709
473.2,0.014446670642645458
473.3,0.014458216861457906
473.40000000000003,0.014469669562299272
473.5,0.01448102961494526
473.6,0.014492297880380745
473.7,0.014503475211012829
473.8,0.01451456245087842
473.90000000000003,0.014525560435846548
474.0,0.014536469993815533
474.1,0.014547291944905198
474.2,0.014558027101644293
474.3,0.014568676269153254
474.40000000000003,0.01457924024532244
474.5,0.014589719820986027
474.6,0.01460011578009164
474.7,0.01461042889986591
474.8,0.014620659950976025
474.90000000000003,0.014630809697687456
475.0,0.014640878898017934
475.1,0.014650868303887798
475.2,0.014660778661266862
475.3,0.014670610710317836
475.40000000000003,0.014680365185536505
475.5,0.014690042815888664
475.6,0.014699644324943964
475.7,0.014709170431006781
475.8,0.014718621847244132
475.90000000000003,0.014727999281810787
476.0,0.014737303437971649
476.1,0.014746535014221455
476.2,0.014755694704401924
476.3,0.014764783197816395
476.40000000000003,0.014773801179342055
476.5,0.014782749329539812
476.6,0.01479162832476189
476.7,0.01480043883725724
476.8,0.014809181535274775
476.90000000000003,0.014817857083164571
477.0,0.014826466141477038
477.1,0.014835009367060139
477.2,0.014843487413154737
477.3,0.014851900929488111
477.40000000000003,0.014860250562365682
477.5,0.014868536954761044
477.6,0.014876760746404318
477.7,0.014884922573868893
477.8,0.014893023070656623
477.90000000000003,0.014901062867281486
478.0,0.014909042591351809
478.1,0.01491696286765105
478.2,0.01492482431821723
478.3,0.014932627562421013
478.40000000000003,0.014940373217042542
478.5,0.01494806189634699
478.6,0.014955694212158931
478.7,0.01496327077393557
478.8,0.014970792188838802
478.90000000000003,0.014978259061806245
479.0,0.014985671995621182
479.1,0.014993031590981514
479.2,0.015000338446567741
479.3,0.015007593159109989
479.40000000000003,0.015014796323454139
479.5,0.015021948532627095
479.6,0.01502905037790118
479.7,0.015036102448857754
479.8,0.015043105333450034
479.90000000000003,0.01505005961806518
480.0,0.015056965887585644
480.1,0.015063824725449844
480.2,0.015070636713712175
480.3,0.015077402433102368
480.40000000000003,0.015084122463084276
480.5,0.015090797381914045
480.6,0.015097427766697744
480.7,0.01510401419344848
480.8,0.015110557237142982
480.90000000000003,0.015117057471777735
481.0,0.015123515470424632
481.1,0.015129931805286217
481.2,0.015136307047750508
481.3,0.015142641768445434
481.40000000000003,0.015148936537292924
481.5,0.015155191923562641
481.6,0.0151614084959254
481.7,0.015167586822506301
481.8,0.015173727470937572
481.90000000000003,0.015179831008411167
482.0,0.015185898001731134
482.1,0.01519192901736575
482.2,0.01519792462149949
482.3,0.015203885380084797
482.40000000000003,0.01520981185889372
482.5,0.01521570462356941
482.6,0.01522156423967748
482.7,0.015227391272757311
482.8,0.015233186288373243
482.90000000000003,0.015238949852165727
483.0,0.015244682529902428
483.1,0.015250384887529308
483.2,0.015256057491221713
483.3,0.015261700907435454
483.40000000000003,0.01526731570295795
483.5,0.015272902444959397
483.6,0.015278461701043997
483.7,0.015283994039301314
483.8,0.015289500028357678
483.90000000000003,0.015294980237427756
484.0,0.015300435236366228
484.1,0.015305865595719639
484.2,0.015311271886778407
484.3,0.01531665468162903
484.40000000000003,0.015322014553206502
484.5,0.015327352075346938
484.6,0.015332667822840458
484.7,0.015337962371484323
484.8,0.015343236298136331
484.90000000000003,0.015348490180768538
485.0,0.015353724598521263
485.1,0.015358940131757422
485.2,0.01536413736211723
485.3,0.01536931687257323
485.40000000000003,0.01537447924748574
485.5,0.01537962507265867
485.6,0.015384754935395768
485.7,0.015389869424557298
485.8,0.01539496913061716
485.90000000000003,0.015400054645720506
486.0,0.01540512656374181
486.1,0.01541018548034347
486.2,0.015415231993034928
486.3,0.015420266701232328
486.40000000000003,0.015425290206318755
486.5,0.015430303111705035
486.6,0.015435306022891145
486.7,0.015440299547528265
486.8,0.015445284295481428
486.90000000000003,0.01545026087889288
487.0,0.015455229912246092
487.1,0.015460192012430478
487.2,0.015465147798806853
487.3,0.01547009789327361
487.40000000000003,0.0154750429203337
487.5,0.015479983507162369
487.6,0.01548492028367571
487.7,0.01548985388260008
487.8,0.01549478493954232
487.90000000000003,0.015499714093060914
488.0,0.01550464198473801
488.1,0.015509569259252379
488.2,0.015514496564453346
488.3,0.01551942455143567
488.40000000000003,0.015524353874615456
488.5,0.015529285191807072
488.6,0.015534219164301135
488.7,0.015539156456943594
488.8,0.015544097738215893
488.90000000000003,0.015549043680316295
489.0,0.01555399495924238
489.1,0.015558952254874718
489.2,0.015563916251061793
489.3,0.015568887635706172
489.40000000000003,0.01557386710085197
489.5,0.015578855342773638
489.6,0.015583853062066095
489.7,0.015588860963736276
489.8,0.015593879757296059
489.90000000000003,0.015598910156856709
490.0,0.015603952881224759
490.1,0.015609008653999461
490.2,0.015614078203671788
490.3,0.015619162263725048
490.40000000000003,0.015624261572737155
490.5,0.015629376874484575
490.6,0.015634508918048
490.7,0.01563965845791982
490.8,0.015644826254113377
490.90000000000003,0.015650013072274097
491.0,0.015655219683792552
491.1,0.01566044686591942
491.2,0.015665695401882517
491.3,0.015670966081005825
491.40000000000003,0.015676259698830665
491.5,0.015681577057239004
491.6,0.015686918964578977
491.7,0.01569228623579269
491.8,0.01569767969254633
491.90000000000003,0.015703100163362665
492.0,0.01570854848375599
492.1,0.01571402549636957
492.2,0.015719532051115658
492.3,0.01572506900531815
492.40000000000003,0.015730637223857924
492.5,0.01573623757932098
492.6,0.015741870952149385
492.7,0.015747538230795173
492.8,0.015753240311877196
492.90000000000003,0.015758978100341083
493.0,0.015764752509622313
493.1,0.01577056446181254
493.2,0.015776414887829233
493.3,0.015782304727588695
493.40000000000003,0.015788234930182627
493.5,0.015794206454058202
493.6,0.0158002202672019
493.7,0.015806277347327057
493.8,0.01581237868206533
493.90000000000003,0.01581852526916214
494.0,0.0158247181166762
494.1,0.015830958243183237
494.2,0.015837246677984057
494.3,0.01584358446131702
494.40000000000003,0.015849972644575074
494.5,0.015856412290527477
494.6,0.015862904473546314
494.7,0.01586945027983796
494.8,0.015876050807679624
494.90000000000003,0.0158827071676611
495.0,0.015889420482931894
495.1,0.015896191889453834
495.2,0.01590302253625939
495.3,0.015909913585715772
495.40000000000003,0.015916866213795035
495.5,0.015923881610350358
495.6,0.015930960979398598
495.7,0.015938105539409428
495.8,0.01594531652360108
495.90000000000003,0.01595259518024304
496.0,0.01595994277296578
496.1,0.01596736058107777
496.2,0.01597484989988998
496.3,0.015982412041048083
496.40000000000003,0.015990048332872545
496.5,0.01599776012070689
496.6,0.01600554876727428
496.7,0.016013415653042783
496.8,0.016021362176599396
496.90000000000003,0.016029389755033242
497.0,0.016037499824328085
497.1,0.01604569383976448
497.2,0.016053973276331804
497.3,0.016062339629150452
497.40000000000003,0.016070794413904507
497.5,0.0160793391672851
497.6,0.01608797544744484
497.7,0.016096704834463568
497.8,0.016105528930825744
497.90000000000003,0.016114449361909797
498.0,0.016123467776489733
498.1,0.016132585847249328
498.2,0.016141805271309272
498.3,0.016151127770767517
498.40000000000003,0.01616055509325322
498.5,0.01617008901249462
498.6,0.01617973132890109
498.7,0.01618948387015986
498.8,0.01619934849184756
498.90000000000003,0.016209327078057074
499.0,0.01621942154203988
499.1,0.016229633826864313
499.2,0.016239965906089983
499.3,0.016250419784458653
499.40000000000003,0.01626099749860185
499.5,0.0162717011177655
499.6,0.016282532744551728
499.7,0.016293494515678148
499.8,0.016304588602754664
499.90000000000003,0.01631581721307805
500.0,0.01632718259044427
500.1,0.016338687015978622
500.2,0.016350332808983667
500.3,0.016362122327804752
500.40000000000003,0.016374057970713046
500.5,0.016386142176805618
500.6,0.016398377426922302
500.7,0.016410766244578677
500.8,0.01642331119691449
500.90000000000003,0.016436014895656686
501.0,0.016448879998095862
501.1,0.016461909208074964
501.2,0.016475105276988564
501.3,0.016488471004790888
501.40000000000003,0.016502009241010397
501.5,0.01651572288576834
501.6,0.01652961489079821
501.7,0.016543688260462628
501.8,0.01655794605276349
501.90000000000003,0.016572391380340702
502.0,0.016587027411453917
502.1,0.016601857370940942
502.2,0.01661688454114555
502.3,0.016632112262806177
502.40000000000003,0.016647543935895855
502.5,0.01666318302040222
502.6,0.016679033037034753
502.7,0.0166950975678446
502.8,0.016711380256740016
502.90000000000003,0.01672788480987811
503.0,0.016744614995910602
503.1,0.016761574646058024
503.2,0.01677876765398312
503.3,0.016796197975429625
503.40000000000003,0.0168138696275878
503.5,0.016831786688142114
503.6,0.016849953293949862
503.7,0.016868373639291688
503.8,0.01688705197362599
503.90000000000003,0.01690599259876871
504.0,0.01692519986540791
504.1,0.016944678168848346
504.2,0.0169644319438647
504.3,0.01698446565852294
504.40000000000003,0.017004783806806655
504.5,0.01702539089985861
504.6,0.017046291455616844
504.7,0.017067489986587855
504.8,0.01708899098545603
504.90000000000003,0.017110798908177606
505.0,0.017132918154146436
505.1,0.017155353042946936
505.2,0.017178107787123604
505.3,0.017201186460293786
505.40000000000003,0.017224592959807616
505.5,0.017248330963011215
505.6,0.017272403875991486
505.7,0.01729681477346594
505.8,0.017321566328220538
505.90000000000003,0.017346660728181855
506.0,0.017372099578823682
506.1,0.017397883788135053
506.2,0.017424013430795974
506.3,0.017450487587490463
506.40000000000003,0.01747730415439993
506.5,0.017504459616817677
506.6,0.017531948779450603
506.7,0.017559764444251235
506.8,0.01758789702445585
506.90000000000003,0.01761633408076555
507.0,0.017645059762131165
507.1,0.01767405412917228
507.2,0.017703292332589264
507.3,0.017732743611636594
507.40000000000003,0.01776237006831836
507.5,0.017792125160784877
507.6,0.01782195184359169
507.7,0.017851780261908538
507.8,0.0178815248800065
507.90000000000003,0.017911080889637943
508.0,0.017940319699204406
508.1,0.017969083247811598
508.2,0.017997176818132083
508.3,0.018024359939863274
508.40000000000003,0.018050334890341208
508.5,0.018074732237756998
508.6,0.0180970929062213
508.7,0.01811684654372717
508.8,0.018133286957591702
508.90000000000003,0.018145548033286035
509.0,0.018152590241216
509.1,0.018153224331596506
509.2,0.01814623933150183
509.3,0.018130801419686964
509.40000000000003,0.018107530717639538
509.5,0.01808120401913342
509.6,0.01806695189919425
509.7,0.01810162625497576
509.8,0.018252626614871762
509.90000000000003,0.018591687087035094
510.0,0.01912707591531303
510.1,0.019792731678883357
510.2,0.020511337443775004
510.3,0.021226107631585833
510.40000000000003,0.02188977212487618
510.5,0.02244868983781942
510.6,0.02283931683765437
510.7,0.022998395763989096
510.8,0.02287150777214742
510.90000000000003,0.022393996668047613
511.0,0.02145416027874812
511.1,0.020652607924620724
511.2,0.021617171586695728
511.3,0.022269307929812684
511.40000000000003,0.0222448357343567
511.5,0.02155142265395349
511.6,0.020320989862006325
511.7,0.018812586063812826
511.8,0.017305824037320186
511.90000000000003,0.016089908915942124
512.0,0.01536303746443786
512.1,0.015038683898872099
512.2,0.014915944349690909
512.3,0.01487438960392047
512.4,0.014863909926469042
512.5,0.014865316577735226
512.6,0.014871327547829568
512.7,0.014879172558610402
512.8,0.014887795171136283
512.9,0.014896792237876549
513.0,0.014906010333097169
513.1,0.014915391720320161
513.2,0.014924915419793402
513.3,0.014934574612314988
513.4,0.014944367957469049
513.5,0.014954296251303078
513.6,0.014964361137153733
513.7,0.01497456460759128
513.8,0.014984908811836027
513.9,0.01499539598137796
514.0,0.015006028401436815
514.1,0.015016808400241482
514.2,0.015027738345254735
514.3,0.015038820642114002
514.4,0.015050057734639197
514.5,0.015061452105263001
514.6,0.015073006275630322
514.7,0.015084722807266818
514.8,0.015096604302276028
514.9,0.015108653404048001
515.0,0.015120872797971353
515.1,0.01513326521214391
515.2,0.015145833418078342
515.3,0.015158580231399179
515.4,0.015171508512527515
515.5,0.015184621167349203
515.6,0.015197921147861745
515.7,0.015211411452794518
515.8,0.01522509512819615
515.9,0.015238975267981958
516.0,0.0152530550144335
516.1,0.015267337558641004
516.2,0.015281826140878309
516.3,0.015296524050898378
516.4,0.015311434628135858
516.5,0.015326561261801274
516.6,0.015341907390849228
516.7,0.015357476503800581
516.8,0.015373272138395731
516.9,0.0153892978810529
517.0,0.015405557366101715
517.1,0.015422054274757964
517.2,0.015438792333800766
517.3,0.01545577531390767
517.4,0.015473007027596774
517.5,0.015490491326717655
517.6,0.015508232099424148
517.7,0.015526233266552362
517.8,0.015544498777315622
517.9,0.015563032604214926
518.0,0.01558183873704798
518.1,0.015600921175881913
518.2,0.015620283922833834
518.3,0.015639930972478983
518.4,0.015659866300677477
518.5,0.015680093851577225
518.6,0.015700617522510948
518.7,0.015721441146458945
518.8,0.015742568471694286
518.9,0.01576400313816219
519.0,0.015785748650068532
519.1,0.015807808344060755
519.2,0.015830185352275462
519.3,0.015852882559396646
519.4,0.015875902552712245
519.5,0.015899247563969026
519.6,0.0159229194015993
519.7,0.015946919371619555
519.8,0.015971248185168943
519.9,0.01599590585025173
520.0,0.016020891544754657
520.1,0.016046203467205748
520.2,0.016071838660998355
520.3,0.016097792806887144
520.4,0.01612405997742722
520.5,0.01615063234561552
520.6,0.016177499838231132
520.7,0.016204649722162966
520.8,0.016232066109235378
520.9,0.016259729361534882
521.0,0.016287615374795925
521.1,0.016315694711749814
521.2,0.01634393155012801
521.3,0.016372282400783922
521.4,0.016400694539573164
521.5,0.01642910408147191
521.6,0.016457433606000972
521.7,0.016485589218277263
521.8,0.016513456898756003
521.9,0.016540897955925095
522.0,0.016567743349581224
522.1,0.016593786599720207
522.2,0.016618774944672454
522.3,0.016642398381327046
522.4,0.016664276257164094
522.5,0.016683941297231355
522.6,0.01670082158688348
522.7,0.016714222655965002
522.8,0.01672331571111655
522.9,0.01672714722733171
523.0,0.016724706541181106
523.1,0.016715138246048516
523.2,0.016698302805693614
523.3,0.01667614969875551
523.4,0.016655875118783338
523.5,0.016656370411037937
523.6,0.01671768571860376
523.7,0.016902006665626013
523.8,0.01726053786313344
523.9,0.017783823985807756
524.0,0.01841124561334532
524.1,0.019080651507994394
524.2,0.019746440958231134
524.3,0.020369368111999332
524.4,0.02090394956666327
524.5,0.021294642455941686
524.6,0.02148272079325332
524.7,0.021414320747135
524.8,0.021029000542826946
524.9,0.020223983979828955
525.0,0.01925851657153397
525.1,0.019991474368867272
525.2,0.020751781324246234
525.3,0.02087567121301394
525.4,0.020358199836711104
525.5,0.019282085885856514
525.6,0.017855817732661393
525.7,0.016307720974573243
525.8,0.014851681028512146
525.9,0.013722581933824566
526.0,0.013060889120884085
526.1,0.012757745719587732
526.2,0.012631173545588846
526.3,0.012576581345083746
526.4,0.012550031534067432
526.5,0.012534332184176633
526.6,0.01252280899029708
526.7,0.01251286542696378
526.8,0.012503488839232918
526.9,0.01249428331919113
527.0,0.012485093532389845
527.1,0.012475858098679127
527.2,0.012466552362792054
527.3,0.012457166029942311
527.4,0.012447694416618622
527.5,0.012438135023974204
527.6,0.012428486194096408
527.7,0.012418746582177327
527.8,0.012408914948598365
527.9,0.0123989900765672
528.0,0.012388970739064665
528.1,0.012378855685161953
528.2,0.012368643633938366
528.3,0.012358333271366598
528.4,0.012347923248339231
528.5,0.012337412179114635
528.6,0.01232679863989573
528.7,0.012316081167426676
528.8,0.012305258257560285
528.9,0.012294328363775487
529.0,0.012283289895634803
529.1,0.012272141217175585
529.2,0.012260880645230447
529.3,0.012249506447672644
529.4,0.012238016841582192
529.5,0.012226409991328504
529.6,0.012214684006564893
529.7,0.012202836940130234
529.8,0.012190866785852664
529.9,0.012178771476249888
530.0,0.012166548880120419
530.1,0.012154196800019551
530.2,0.012141712969613624
530.3,0.012129095050905635
530.4,0.012116340631324789
530.5,0.0121034472206722
530.6,0.012090412247914281
530.7,0.012077233057814918
530.8,0.012063906907396891
530.9,0.012050430962222346
531.0,0.012036802292481419
531.1,0.012023017868877413
531.2,0.01200907455829606
531.3,0.011994969119245582
531.4,0.011980698197053295
531.5,0.01196625831880356
531.6,0.011951645888000649
531.7,0.011936857178939123
531.8,0.011921888330762881
531.9,0.011906735341192739
532.0,0.011891394059900971
532.1,0.011875860181509514
532.2,0.011860129238186926
532.3,0.01184419659181728
532.4,0.011828057425712113
532.5,0.011811706735834433
532.6,0.011795139321501322
532.7,0.011778349775529169
532.8,0.011761332473782764
532.9,0.011744081564086427
533.0,0.011726590954452132
533.1,0.011708854300575965
533.2,0.011690864992550475
533.3,0.011672616140736235
533.4,0.011654100560731469
533.5,0.01163531075737366
533.6,0.011616238907701752
533.7,0.011596876842801801
533.8,0.011577216028452728
533.9,0.011557247544482062
534.0,0.011536962062734362
534.1,0.011516349823547054
534.2,0.011495400610620096
534.3,0.011474103724156758
534.4,0.011452447952143046
534.5,0.011430421539623021
534.6,0.011408012155816067
534.7,0.011385206858910583
534.8,0.01136199205835619
534.9,0.01133835347446364
535.0,0.011314276095108466
535.1,0.011289744129320635
535.2,0.011264740957529072
535.3,0.011239249078216579
535.4,0.01121325005072822
535.5,0.011186724433965288
535.6,0.01115965172068822
535.7,0.011132010267146752
535.8,0.011103777217755418
535.9,0.011074928424539667
536.0,0.01104543836109479
536.1,0.011015280030830467
536.2,0.010984424869322633
536.3,0.010952842640668162
536.4,0.010920501327844579
536.5,0.010887367017228023
536.6,0.010853403777632354
536.7,0.010818573534519978
536.8,0.010782835940426033
536.9,0.010746148243165693
537.0,0.01070846515410429
537.1,0.010669738719720667
537.2,0.010629918200964738
537.3,0.010588949966605293
537.4,0.010546777409023168
537.5,0.010503340893914902
537.6,0.010458577759380795
537.7,0.010412422385211697
537.8,0.01036480636030272
537.9,0.010315658785598841
538.0,0.010264906762597469
538.1,0.010212476134225592
538.2,0.010158292567217082
538.3,0.010102283094667429
538.4,0.01004437827641307
538.5,0.009984515185910902
538.6,0.009922641498397045
538.7,0.009858721039349027
538.8,0.009792741256974059
538.9,0.009724723207446344
539.0,0.009654734780967742
539.1,0.009582908032566468
539.2,0.009509461573574853
539.3,0.009434728948350728
539.4,0.009359193622987722
539.5,0.00928353041375359
539.6,0.009208651539098644
539.7,0.00913575257201446
539.8,0.009066349074951609
539.9,0.009002288809929485
540.0,0.008945718590029492
540.1,0.008898982634249403
540.2,0.008864436332093504
540.3,0.00884418073239129
540.4,0.008839757526985334
540.5,0.008851878281763816
540.6,0.008880272389464268
540.7,0.008923710160583468
540.8,0.008980200699776088
540.9,0.00904731241485252
541.0,0.009122549163997146
541.1,0.009203744948157596
541.2,0.009289501038355581
541.3,0.0093797650337644
541.4,0.009476728881806746
541.5,0.009586260445328917
541.6,0.00971990416615902
541.7,0.009896628608269753
541.8,0.01014156813434456
541.9,0.0104779769074005
542.0,0.01091427179382731
542.1,0.011437757922559548
542.2,0.012021527484642318
542.3,0.012634680753112743
542.4,0.013245500556870222
542.5,0.01381807242473336
542.6,0.014308201693613862
542.7,0.014664327842571606
542.8,0.014834965530046455
542.9,0.014774574469393559
543.0,0.014433057002185907
543.1,0.013729873844453089
543.2,0.012816302248683242
543.3,0.013235117306508776
543.4,0.013916283198780887
543.5,0.013981581872568396
543.6,0.013385185830681073
543.7,0.012184347726310595
543.8,0.01066912842947037
543.9,0.010024465628227574
544.0,0.010184715900960761
544.1,0.01029004640195888
544.2,0.010306896518519163
544.3,0.010280894473316985
544.4,0.010235681131786854
544.5,0.010181380873498493
544.6,0.010122139682298035
544.7,0.010059611624087458
544.8,0.009994433000806848
544.9,0.009926832663101598
545.0,0.009856885328557923
545.1,0.009784620073064925
545.2,0.009710071593068062
545.3,0.009633310541531196
545.4,0.00955446837221571
545.5,0.009473763699836608
545.6,0.009391533735758224
545.7,0.00930827272483591
545.8,0.009224678002212057
545.9,0.009141702409475958
546.0,0.009060608627024428
546.1,0.008983015916581096
546.2,0.008910922796817681
546.3000000000001,0.008846681706457823
546.4,0.008792897757170993
546.5,0.008752230175114693
546.6,0.008727099010426273
546.7,0.008719340773090795
546.8000000000001,0.008729898732100658
546.9,0.008758647456804491
547.0,0.008804415748429164
547.1,0.008865199419661312
547.2,0.008938487813185202
547.3000000000001,0.00902160354594759
547.4,0.009111977493709593
547.5,0.009207325199031717
547.6,0.009305729064966831
547.7,0.009405650534752527
547.8000000000001,0.009505899996873403
547.9,0.009605586910736633
548.0,0.009704065030881287
548.1,0.009800880996625261
548.2,0.009895729966596682
548.3000000000001,0.009988419246733202
548.4,0.010078839455213389
548.5,0.010166942179935674
548.6,0.010252722944333034
548.7,0.010336208373508099
548.8000000000001,0.010417446613402062
548.9,0.010496500233259534
549.0,0.010573441005148074
549.1,0.010648346092534747
549.2,0.01072129529135539
549.3000000000001,0.010792369054253684
549.4,0.010861647095712789
549.5,0.010929207426713224
549.6,0.010995125705912257
549.7,0.011059474823105467
549.8000000000001,0.011122324652238882
549.9,0.011183741927296246
550.0,0.01124379020636485
550.1,0.011302529898119988
550.2,0.011360018331636782
550.3000000000001,0.011416309855417143
550.4,0.011471455955238196
550.5,0.011525505383206833
550.6,0.01157850429248072
550.7,0.011630496373666204
550.8000000000001,0.011681522990059905
550.9,0.011731623309762166
551.0,0.011780834433330034
551.1,0.011829191516110938
551.2,0.011876727884746197
551.3000000000001,0.011923475147587974
551.4,0.011969463298956913
551.5,0.012014720817298446
551.6,0.012059274757387113
551.7,0.01210315083678968
551.8000000000001,0.012146373516837698
551.9,0.01218896607838354
552.0,0.012230950692625576
552.1,0.012272348487291128
552.2,0.012313179608462748
552.3000000000001,0.012353463278325875
552.4,0.012393217849105695
552.5,0.012432460853448818
552.6,0.012471209051492122
552.7,0.012509478474847376
552.8000000000001,0.012547284467716328
552.9,0.012584641725337232
553.0,0.012621564329950461
553.1,0.01265806578445803
553.2,0.012694159043939597
553.3000000000001,0.012729856545176034
553.4,0.012765170234320666
553.5,0.012800111592848162
553.6,0.012834691661901527
553.7,0.012868921065148694
553.8000000000001,0.012902810030252067
553.9,0.012936368409046658
554.0,0.012969605696515374
554.1,0.013002531048643476
554.2,0.01303515329922816
554.3000000000001,0.013067480975713575
554.4,0.013099522314116483
554.5,0.013131285273102923
554.6,0.013162777547271902
554.7,0.013194006579698011
554.8000000000001,0.013224979573781137
554.9,0.013255703504447986
555.0,0.013286185128746922
555.1,0.013316430995874718
555.2,0.013346447456670995
555.3000000000001,0.013376240672613745
555.4,0.013405816624346905
555.5,0.013435181119768843
555.6,0.013464339801708651
555.7,0.013493298155215275
555.8000000000001,0.013522061514482807
555.9,0.013550635069433764
556.0,0.013579023871980622
556.1,0.01360723284198462
556.2,0.013635266772929538
556.3000000000001,0.013663130337327025
556.4,0.013690828091868988
556.5,0.013718364482341521
556.6,0.013745743848313976
556.7,0.013772970427615876
556.8000000000001,0.013800048360613605
556.9,0.013826981694298055
557.0,0.01385377438619369
557.1,0.013880430308098952
557.2,0.013906953249667153
557.3000000000001,0.013933346921836646
557.4,0.013959614960118381
557.5,0.013985760927748562
557.6,0.014011788318713672
557.7,0.014037700560654637
557.8000000000001,0.014063501017656577
557.9,0.014089192992930218
558.0,0.01411477973139063
558.1,0.014140264422138778
558.2,0.014165650200850857
558.3000000000001,0.014190940152080335
558.4,0.014216137311477197
558.5,0.014241244667928681
558.6,0.014266265165625654
558.7,0.014291201706058394
558.8000000000001,0.014316057149945488
558.9,0.014340834319099296
559.0,0.01436553599823126
559.1,0.014390164936700195
559.2,0.01441472385020648
559.3000000000001,0.014439215422435018
559.4,0.014463642306649578
559.5,0.014488007127241088
559.6,0.01451231248123231
559.7,0.014536560939741145
559.8000000000001,0.014560755049404826
559.9,0.01458489733376701
560.0,0.0146089902946298
560.1,0.0146330364133726
560.2,0.014657038152239555
560.3000000000001,0.014680997955597344
560.4,0.014704918251164953
560.5,0.014728801451216968
560.6,0.014752649953761932
560.7,0.01477646614369713
560.8000000000001,0.014800252393941199
560.9,0.014824011066545828
561.0,0.014847744513787803
561.1,0.01487145507924255
561.2,0.014895145098840285
561.3000000000001,0.014918816901905833
561.4,0.01494247281218312
561.5,0.01496611514884524
561.6,0.014989746227491085
561.7,0.015013368361129218
561.8000000000001,0.015036983861149907
561.9,0.015060595038285964
562.0,0.015084204203563059
562.1,0.015107813669240144
562.2,0.015131425749740496
562.3000000000001,0.01515504276257387
562.4,0.015178667029250185
562.5,0.015202300876185045
562.6,0.015225946635597436
562.7,0.015249606646399697
562.8000000000001,0.015273283255079921
562.9,0.015296978816576786
563.0,0.015320695695146698
563.1,0.015344436265223084
563.2,0.015368202912267474
563.3000000000001,0.015391998033611931
563.4,0.015415824039292262
563.5,0.015439683352871186
563.6,0.015463578412250626
563.7,0.015487511670471917
563.8000000000001,0.015511485596502613
563.9,0.015535502676008379
564.0,0.015559565412108014
564.1,0.0155836763261096
564.2,0.015607837958225207
564.3000000000001,0.015632052868261366
564.4,0.015656323636282107
564.5,0.01568065286324077
564.6,0.015705043171576494
564.7,0.015729497205770465
564.8000000000001,0.015754017632856596
564.9,0.015778607142880416
565.0,0.015803268449299197
565.1,0.015828004289315415
565.2,0.015852817424134618
565.3000000000001,0.01587771063913757
565.4,0.015902686743955258
565.5,0.015927748572433825
565.6,0.01595289898247483
565.7,0.0159781408557343
565.8000000000001,0.016003477097161878
565.9,0.016028910634358903
566.0,0.016054444416731515
566.1,0.0160800814144116
566.2,0.016105824616914812
566.3000000000001,0.01613167703150086
566.4,0.01615764168119634
566.5,0.016183721602435162
566.6,0.016209919842265427
566.7,0.016236239455064368
566.8000000000001,0.016262683498695044
566.9,0.01628925503002898
567.0,0.01631595709974816
567.1,0.016342792746327515
567.2,0.016369764989084393
567.3000000000001,0.016396876820165107
567.4,0.016424131195319273
567.5,0.01645153102329018
567.6,0.016479079153623455
567.7,0.016506778362665703
567.8000000000001,0.016534631337489433
567.9,0.01656264065743872
568.0,0.016590808772941328
568.1,0.01661913798117547
568.2,0.016647630398111624
568.3000000000001,0.016676287926369687
568.4,0.01670511221823699
568.5,0.016734104633079942
568.6,0.01676326618824811
568.7,0.01679259750240927
568.8000000000001,0.016822098730062563
568.9,0.01685176948574686
569.0,0.01688160875618454
569.1,0.016911614798266937
569.2,0.016941785020382825
569.3000000000001,0.01697211584410011
569.4,0.01700260254261208
569.5,0.01703323905162785
569.6,0.01706401774748967
569.7,0.01709492918619645
569.8000000000001,0.017125961795651838
569.9,0.017157101511771217
570.0,0.017188331346991832
570.1,0.01721963087713018
570.2,0.017250975629287492
570.3000000000001,0.01728233634945276
570.4,0.017313678123384912
570.5,0.017344959318017886
570.6,0.01737613030271777
570.7,0.017407131899876967
570.8000000000001,0.017437893502179422
570.9,0.017468330779073837
571.0,0.017498342877393058
571.1,0.017527809000998394
571.2,0.017556584233294967
571.3000000000001,0.017584494448427836
571.4,0.017611330151098566
571.5,0.01763683911117105
571.6,0.01766071775972286
571.7,0.01768260157621905
571.8000000000001,0.017702055306922735
571.9,0.017718565202275896
572.0,0.017731538375794047
572.1,0.0177403206553814
572.2,0.017744257790687633
572.3000000000001,0.01774285394056617
572.4,0.017736143339931017
572.5,0.017725517873637534
572.6,0.017715480973821505
572.7,0.017717044122064294
572.8000000000001,0.01775298162789128
572.9,0.01786135109991987
573.0,0.018085554506565175
573.1,0.018444994813750656
573.2,0.01891706553087253
573.3000000000001,0.019457230058346167
573.4,0.020025368075793606
573.5,0.020591226835199185
573.6,0.021127243780411746
573.7,0.02160059009625573
573.8000000000001,0.02196963906567922
573.9,0.022186768296621563
574.0,0.022204086728702735
574.1,0.02197027573363435
574.2,0.021406820983686528
574.3000000000001,0.020483725733452834
574.4,0.020545575296508446
574.5,0.02139872966295341
574.6,0.021745957044682292
574.7,0.02153085739554198
574.8000000000001,0.020777378773101002
574.9,0.01960558579632242
575.0,0.01817251993112499
575.1,0.016572144063446734
575.2,0.014812689071764142
575.3000000000001,0.013092136768000511
575.4,0.012747276054223398
575.5,0.013001152668402497
575.6,0.013139233342838721
575.7,0.013201638921864456
575.8000000000001,0.013232179673523732
575.9,0.013249944495870634
576.0,0.013262635011445034
576.1,0.01327331181992806
576.2,0.013283185574545466
576.3000000000001,0.013292734109653077
576.4,0.013302145684824457
576.5,0.01331149428644153
576.6,0.013320808848423448
576.7,0.01333010055683423
576.8000000000001,0.013339373611427148
576.9,0.013348629463890106
577.0,0.013357868485798178
577.1,0.013367090624568319
577.2,0.013376295661247829
577.3000000000001,0.01338548331175804
577.4,0.013394653266634133
577.5,0.01340380520661839
577.6,0.013412938808780306
577.7,0.013422053748922809
577.8000000000001,0.013431149702533536
577.9,0.013440226345166522
578.0,0.013449283352601003
578.1,0.01345832040091311
578.2,0.01346733716651343
578.3000000000001,0.013476333326171267
578.4,0.01348530855703364
578.5,0.013494262536642185
578.6,0.01350319494294926
578.7,0.013512105454333609
578.8000000000001,0.013520993749615904
578.9,0.01352985950807415
579.0,0.013538702409459006
579.1,0.013547522134009067
579.2,0.013556318362466046
579.3000000000001,0.013565090776089922
579.4,0.013573839056674015
579.5,0.013582562886559993
579.6,0.013591261948652848
579.7,0.01359993592643578
579.8000000000001,0.013608584503985034
579.9,0.013617207365984697
580.0,0.013625804197741386
580.1,0.013634374685198947
580.2,0.013642918514953037
580.3000000000001,0.013651435374265665
580.4,0.013659924951079696
580.5,0.01366838693403325
580.6,0.013676821012474095
580.7,0.013685226876473945
580.8000000000001,0.013693604216842709
580.9,0.013701952725142682
581.0,0.01371027209370267
581.1,0.013718562015632065
581.2,0.013726822184834855
581.3000000000001,0.013735052296023571
581.4,0.013743252044733166
581.5,0.013751421127334847
581.6,0.01375955924104984
581.7,0.013767666083963076
581.8000000000001,0.01377574135503684
581.9,0.013783784754124338
582.0,0.013791795981983185
582.1,0.013799774740288866
582.2,0.013807720731648099
582.3000000000001,0.013815633659612137
582.4,0.013823513228689998
582.5,0.013831359144361632
582.6,0.013839171113091018
582.7,0.013846948842339179
582.8000000000001,0.013854692040577129
582.9,0.013862400417298746
583.0,0.013870073683033559
583.1,0.013877711549359477
583.2,0.013885313728915421
583.3000000000001,0.013892879935413882
583.4,0.013900409883653401
583.5,0.013907903289530945
583.6,0.013915359870054237
583.7,0.013922779343353953
583.8000000000001,0.013930161428695865
583.9,0.013937505846492884
584.0,0.01394481231831698
584.1,0.013952080566911069
584.2,0.013959310316200754
584.3000000000001,0.013966501291305973
584.4,0.01397365321855257
584.5,0.013980765825483734
584.6,0.013987838840871368
584.7,0.013994871994727317
584.8000000000001,0.014001865018314495
584.9,0.014008817644157925
585.0,0.01401572960605562
585.1,0.014022600639089396
585.2,0.014029430479635537
585.3000000000001,0.014036218865375337
585.4,0.014042965535305535
585.5,0.014049670229748599
585.6,0.014056332690362919
585.7,0.014062952660152827
585.8000000000001,0.014069529883478505
585.9,0.014076064106065756
586.0,0.014082555075015614
586.1,0.014089002538813851
586.2,0.014095406247340292
586.3000000000001,0.01410176595187802
586.4,0.014108081405122402
586.5,0.014114352361189967
586.6,0.01412057857562715
586.7,0.01412675980541883
586.8000000000001,0.014132895808996751
586.9,0.014138986346247743
587.0,0.014145031178521788
587.1,0.01415103006863991
587.2,0.014156982780901899
587.3000000000001,0.014162889081093828
587.4,0.014168748736495422
587.5,0.014174561515887207
587.6,0.014180327189557503
587.7,0.014186045529309204
587.8000000000001,0.01419171630846636
587.9,0.014197339301880583
588.0,0.014202914285937217
588.1,0.014208441038561335
588.2,0.014213919339223504
588.3000000000001,0.014219348968945358
588.4,0.014224729710304931
588.5,0.01423006134744179
588.6,0.014235343666061944
588.7,0.014240576453442523
588.8000000000001,0.014245759498436213
588.9,0.014250892591475502
589.0,0.01425597552457663
589.1,0.014261008091343359
589.2,0.014265990086970456
589.3000000000001,0.014270921308246956
589.4,0.014275801553559165
589.5,0.014280630622893399
589.6,0.014285408317838505
589.7,0.014290134441588071
589.8000000000001,0.014294808798942417
589.9,0.014299431196310296
590.0,0.014304001441710318
590.1,0.014308519344772135
590.2,0.014312984716737316
590.3000000000001,0.014317397370459953
590.4,0.014321757120406996
590.5,0.014326063782658265
590.6,0.01433031717490623
590.7,0.014334517116455451
590.8000000000001,0.014338663428221727
590.9,0.014342755932730968
591.0,0.014346794454117738
591.1,0.014350778818123518
591.2,0.01435470885209464
591.3000000000001,0.014358584384979908
591.4,0.014362405247327915
591.5,0.014366171271284027
591.6,0.014369882290587065
591.7,0.014373538140565637
591.8000000000001,0.014377138658134158
591.9,0.014380683681788539
592.0,0.014384173051601515
592.1,0.01438760660921768
592.2,0.014390984197848141
592.3000000000001,0.014394305662264848
592.4,0.01439757084879457
592.5,0.014400779605312507
592.6,0.014403931781235595
592.7,0.014407027227515396
592.8000000000001,0.014410065796630666
592.9,0.014413047342579545
593.0,0.014415971720871385
593.1,0.014418838788518218
593.2,0.014421648404025834
593.3000000000001,0.014424400427384501
593.4,0.01442709472005931
593.5,0.014429731144980104
593.6,0.014432309566531078
593.7,0.014434829850539954
593.8000000000001,0.014437291864266774
593.9,0.01443969547639231
594.0,0.014442040557006057
594.1,0.01444432697759387
594.2,0.01444655461102515
594.3000000000001,0.014448723331539657
594.4,0.014450833014733905
594.5,0.014452883537547138
594.6,0.014454874778246926
594.7,0.014456806616414302
594.8000000000001,0.014458678932928503
594.9,0.014460491609951293
595.0,0.014462244530910832
595.1,0.01446393758048516
595.2,0.014465570644585205
595.3000000000001,0.014467143610337387
595.4,0.014468656366065766
595.5,0.014470108801273753
595.6,0.014471500806625386
595.7,0.014472832273926145
595.8000000000001,0.014474103096103311
595.9,0.014475313167185899
596.0,0.01447646238228408
596.1,0.014477550637568205
596.2,0.014478577830247318
596.3000000000001,0.014479543858547208
596.4,0.014480448621688003
596.5,0.014481292019861258
596.6,0.014482073954206611
596.7,0.014482794326787896
596.8000000000001,0.01448345304056881
596.9,0.014484049999388071
597.0,0.014484585107934073
597.1,0.014485058271719059
597.2,0.014485469397052766
597.3000000000001,0.014485818391015577
597.4,0.014486105161431145
597.5,0.014486329616838496
597.6,0.014486491666463637
597.7,0.014486591220190585
597.8000000000001,0.014486628188531903
597.9,0.01448660248259868
598.0,0.01448651401406994
598.1,0.014486362695161566
598.2,0.014486148438594592
598.3000000000001,0.014485871157562983
598.4,0.014485530765700813
598.5,0.014485127177048892
598.6,0.014484660306020797
598.7,0.014484130067368328
598.8000000000001,0.014483536376146338
598.9,0.014482879147677
599.0,0.014482158297513424
599.1,0.014481373741402697
599.2,0.014480525395248259
599.3000000000001,0.014479613175071666
599.4,0.014478636996973718
599.5,0.014477596777094896
599.6,0.014476492431575196
599.7,0.014475323876513258
599.8000000000001,0.01447409102792481
599.9,0.014472793801700455
600.0,0.014471432113562723
600.1,0.014470005879022448
600.2,0.014468515013334399
600.3000000000001,0.014466959431452195
600.4,0.014465339047982466
600.5,0.014463653777138265
600.6,0.014461903532691722
600.7,0.014460088227925891
600.8000000000001,0.014458207775585838
600.9,0.014456262087828891
601.0,0.014454251076174087
601.1,0.014452174651450784
601.2,0.014450032723746403
601.3000000000001,0.014447825202353336
601.4,0.014445551995714935
601.5,0.014443213011370618
601.6,0.014440808155900072
601.7,0.014438337334866498
601.8000000000001,0.014435800452758918
601.9,0.014433197412933493
602.0,0.01443052811755387
602.1,0.014427792467530502
602.2,0.014424990362458945
602.3000000000001,0.014422121700557082
602.4,0.014419186378601293
602.5,0.014416184291861488
602.6,0.014413115334035066
602.7,0.014409979397179671
602.8000000000001,0.014406776371644803
602.9,0.014403506146002219
603.0,0.014400168606975088
603.1,0.014396763639365914
603.2,0.014393291125983147
603.3000000000001,0.01438975094756648
603.4,0.014386142982710803
603.5,0.014382467107788748
603.6,0.014378723196871867
603.7,0.01437491112165029
603.8000000000001,0.014371030751350943
603.9,0.014367081952654223
604.0,0.0143630645896091
604.1,0.014358978523546626
604.2,0.014354823612991788
604.3000000000001,0.014350599713573678
604.4,0.014346306677933919
604.5,0.014341944355633298
604.6,0.014337512593056621
604.7,0.01433301123331563
604.8000000000001,0.01432844011615002
604.9,0.014323799077826473
605.0,0.014319087951035646
605.1,0.014314306564787082
605.2,0.014309454744301956
605.3000000000001,0.014304532310903605
605.4,0.014299539081905795
605.5,0.014294474870498631
605.6,0.01428933948563209
605.7,0.014284132731897024
605.8000000000001,0.014278854409403671
605.9,0.014273504313657493
606.0,0.014268082235432338
606.1,0.014262587960640812
606.2,0.014257021270201774
606.3000000000001,0.014251381939904894
606.4,0.014245669740272155
606.5,0.014239884436416208
606.6,0.014234025787895536
606.7,0.014228093548566233
606.8000000000001,0.014222087466430382
606.9,0.014216007283480868
607.0,0.014209852735542554
607.1,0.01420362355210967
607.2,0.014197319456179316
607.3000000000001,0.014190940164080951
607.4,0.014184485385301732
607.5,0.01417795482230757
607.6,0.014171348170359779
607.7,0.014164665117327144
607.8000000000001,0.01415790534349329
607.9,0.014151068521359162
608.0,0.014144154315440484
608.1,0.014137162382060014
608.2,0.01413009236913442
608.3000000000001,0.014122943915955593
608.4,0.014115716652966211
608.5,0.014108410201529344
608.6,0.014101024173691948
608.7,0.014093558171941937
608.8000000000001,0.014086011788958715
608.9,0.014078384607356864
609.0,0.014070676199422765
609.1,0.014062886126843959
609.2,0.014055013940430875
609.3000000000001,0.014047059179830762
609.4,0.014039021373233486
609.5,0.014030900037068885
609.6,0.014022694675695453
609.7,0.014014404781079924
609.8000000000001,0.014006029832467506
609.9,0.0139975692960424
610.0,0.01398902262457818
610.1,0.01398038925707778
610.2,0.013971668618402554
610.3000000000001,0.013962860118890105
610.4,0.013953963153960367
610.5,0.01394497710370958
610.6,0.013935901332491608
610.7,0.013926735188486158
610.8000000000001,0.013917478003253367
610.9,0.013908129091274228
611.0,0.01389868774947628
611.1,0.013889153256744028
611.2,0.013879524873413396
611.3000000000001,0.013869801840749648
611.4,0.013859983380408057
611.5,0.01385006869387664
611.6,0.013840056961900247
611.7,0.013829947343885155
611.8000000000001,0.013819738977283455
611.9,0.013809430976956322
612.0,0.01379902243451529
612.1,0.013788512417640628
612.2,0.013777899969375808
612.3000000000001,0.013767184107397055
612.4,0.013756363823256899
612.5,0.013745438081600598
612.6,0.013734405819354268
612.7,0.013723265944883418
612.8000000000001,0.013712017337120633
612.9,0.013700658844661009
613.0,0.013689189284823872
613.1,0.013677607442679296
613.2,0.013665912070037754
613.3000000000001,0.013654101884401297
613.4,0.01364217556787438
613.5,0.01363013176603254
613.6,0.013617969086746931
613.7,0.013605686098962597
613.8000000000001,0.013593281331428328
613.9,0.013580753271375756
614.0,0.013568100363145246
614.1,0.013555321006756023
614.2,0.013542413556417759
614.3000000000001,0.013529376318980778
614.4,0.013516207552321817
614.5,0.013502905463662085
614.6,0.013489468207814295
614.7,0.013475893885354947
614.8000000000001,0.013462180540718136
614.9,0.01344832616020678
615.0,0.013434328669916996
615.1,0.013420185933571081
615.2,0.013405895750254282
615.3000000000001,0.013391455852050186
615.4,0.013376863901569395
615.5,0.013362117489365614
615.6,0.013347214131233099
615.7,0.01333215126537892
615.8000000000001,0.013316926249463124
615.9,0.013301536357499408
616.0,0.013285978776608507
616.1,0.013270250603615917
616.2,0.013254348841485056
616.3000000000001,0.013238270395576405
616.4,0.01322201206972252
616.5,0.013205570562108117
616.6,0.013188942460943764
616.7,0.013172124239920851
616.8000000000001,0.01315511225343475
616.9,0.013137902731562148
617.0,0.013120491774777495
617.1,0.013102875348392657
617.2,0.013085049276702452
617.3000000000001,0.013067009236817816
617.4,0.013048750752166853
617.5,0.01303026918564267
617.6,0.013011559732375423
617.7,0.01299261741210425
617.8000000000001,0.012973437061123111
617.9,0.012954013323772544
618.0,0.012934340643447353
618.1,0.012914413253087993
618.2,0.012894225165120947
618.3000000000001,0.0128737701608109
618.4,0.012853041778984633
618.5,0.012832033304083496
618.6,0.012810737753498192
618.7,0.012789147864135889
618.8000000000001,0.012767256078166003
618.9,0.012745054527886865
619.0,0.01272253501965104
619.1,0.012699689016782376
619.2,0.01267650762141272
619.3000000000001,0.01265298155516081
619.4,0.012629101138570041
619.5,0.012604856269215488
619.6,0.012580236398384109
619.7,0.012555230506224905
619.8000000000001,0.012529827075258524
619.9,0.012504014062128074
620.0,0.012477778867464899
620.1,0.012451108303734857
620.2,0.012423988560922326
620.3000000000001,0.012396405169900896
620.4,0.012368342963331674
620.5,0.012339786033922794
620.6,0.01231071768987712
620.7,0.01228112040735028
620.8000000000001,0.01225097577973828
620.9,0.012220264463614353
621.0,0.012188966121139316
621.1,0.012157059358780318
621.2,0.01212452166219144
621.3000000000001,0.012091329327139015
621.4,0.01205745738639809
621.5,0.012022879532609127
621.6,0.011987568037171731
621.7,0.011951493665372745
621.8000000000001,0.011914625588110263
621.9,0.011876931290796224
622.0,0.011838376480316387
622.1,0.011798924991321229
622.2,0.01175853869364539
622.3000000000001,0.011717177403347842
622.4,0.011674798800783637
622.5,0.011631358360332269
622.6,0.011586809298011804
622.7,0.011541102545326913
622.8000000000001,0.011494186760499028
622.9,0.011446008391928308
623.0,0.011396511813632023
623.1,0.011345639558880242
623.2,0.011293332686818541
623.3000000000001,0.011239531328202587
623.4,0.011184175471349702
623.5,0.011127206069173059
623.6,0.011068566574146002
623.7,0.01100820504202692
623.8000000000001,0.010946076989266487
623.9,0.01088214924552678
624.0,0.01081640511382378
624.1,0.010748851237669789
624.2,0.010679526675888066
624.3000000000001,0.010608514794546867
624.4,0.01053595868376585
624.5,0.010462080857032858
624.6,0.010387207920299242
624.7,0.010311800582914738
624.8000000000001,0.010236488625302494
624.9,0.01016210896341857
625.0,0.01008974244635326
625.1,0.010020741303375104
625.2,0.009956734516610449
625.3000000000001,0.009899594198920995
625.4,0.009851345287216779
625.5,0.009814007847216253
625.6,0.009789379387391545
625.7,0.009778791614216723
625.8000000000001,0.009782900581153825
625.9,0.009801573900984507
626.0,0.009833913362083556
626.1,0.009878405130312663
626.2,0.009933147922433555
626.3000000000001,0.00999609384046887
626.4,0.010065249382007688
626.5,0.010138811286637838
626.6,0.010215236877114122
626.7,0.010293262993747252
626.8000000000001,0.010371891641780267
626.9,0.010450358164305817
627.0,0.010528093157656862
627.1,0.010604684902251254
627.2,0.01067984574243396
627.3000000000001,0.010753383700891002
627.4,0.010825179400254457
627.5,0.010895167775321886
627.6,0.010963323840998546
627.7,0.011029651760941048
627.8000000000001,0.011094176534211981
627.9,0.011156937722776233
628.0,0.011217984751062756
628.1,0.011277373406448127
628.2,0.011335163251713673
628.3000000000001,0.011391415727033814
628.4,0.01144619277153743
628.5,0.01149955583523523
628.6,0.011551565183410351
628.7,0.011602279419448053
628.8000000000001,0.011651755170213251
628.9,0.011700046891816177
629.0,0.011747206763989252
629.1,0.011793284649143526
629.2,0.01183832809810006
629.3000000000001,0.011882382388970604
629.4,0.011925490589047827
629.5,0.011967693632125975
629.6,0.012009030405610173
629.7,0.012049537843238235
629.8000000000001,0.012089251020347816
629.9,0.012128203249459957
630.0,0.012166426174583099
630.1,0.012203949863118825
630.2,0.012240802894609035
630.3000000000001,0.012277012445832802
630.4,0.012312604371960965
630.5,0.012347603283624144
630.6,0.012382032619857972
630.7,0.012415914716967137
630.8000000000001,0.012449270873405017
630.9,0.012482121410803479
631.0,0.0125144857313123
631.1,0.012546382371422903
631.2,0.01257782905245892
631.3000000000001,0.012608842727918883
631.4,0.012639439627855046
631.5,0.01266963530046841
631.6,0.012699444651094193
631.7,0.012728881978744807
631.8000000000001,0.012757961010369565
631.9,0.012786694932981922
632.0,0.012815096423796605
632.1,0.012843177678510474
632.2,0.012870950437852606
632.3000000000001,0.01289842601252109
632.4,0.01292561530661627
632.5,0.012952528839672735
632.6,0.012979176767385503
632.7,0.013005568901119119
632.8000000000001,0.013031714726282367
632.9,0.013057623419645356
633.0,0.013083303865670451
633.1,0.013108764671923435
633.2,0.013134014183626593
633.3000000000001,0.013159060497411086
633.4,0.013183911474321904
633.5,0.013208574752124945
633.6,0.013233057756962313
633.7,0.01325736771439867
633.8000000000001,0.013281511659898479
633.9,0.013305496448771284
634.0,0.013329328765619472
634.1,0.013353015133320803
634.2,0.013376561921575509
634.3000000000001,0.013399975355046003
634.4,0.013423261521115165
634.5,0.013446426377287494
634.6,0.013469475758255797
634.7,0.013492415382654522
634.8000000000001,0.013515250859519502
634.9,0.013537987694472524
635.0,0.01356063129564794
635.1,0.013583186979377443
635.2,0.01360565997564796
635.3000000000001,0.013628055433346763
635.4,0.013650378425306869
635.5,0.013672633953164955
635.6,0.013694826952043245
635.7,0.013716962295065919
635.8000000000001,0.01373904479772
635.9,0.013761079222069872
636.0,0.013783070280833924
636.1,0.013805022641331209
636.2,0.013826940929305276
636.3000000000001,0.013848829732631828
636.4,0.013870693604916152
636.5,0.013892537068985668
636.6,0.013914364620282442
636.7,0.01393618073015968
636.8000000000001,0.013957989849085787
636.9,0.013979796409758766
637.0,0.014001604830133142
637.1,0.014023419516360791
637.2,0.0140452448656463
637.3000000000001,0.014067085269016648
637.4,0.01408894511400408
637.5,0.014110828787240043
637.6,0.014132740676956945
637.7,0.01415468517539327
637.8000000000001,0.014176666681096243
637.9,0.014198689601114688
638.0,0.014220758353072975
638.1,0.014242877367115084
638.2,0.014265051087705495
638.3000000000001,0.01428728397527116
638.4,0.014309580507665981
638.5,0.014331945181435785
638.6,0.014354382512858222
638.7,0.014376897038727434
638.8000000000001,0.014399493316848562
638.9,0.014422175926201245
639.0,0.014444949466724574
639.1,0.014467818558668367
639.2,0.014490787841446395
639.3000000000001,0.014513861971916895
639.4,0.014537045622003395
639.5,0.014560343475554604
639.6,0.014583760224325396
639.7,0.01460730056294128
639.8000000000001,0.01463096918268571
639.9,0.014654770763922305
640.0,0.014678709966932083
640.1,0.014702791420907683
640.2,0.014727019710801516
640.3000000000001,0.014751399361671169
640.4,0.01477593482010147
640.5,0.014800630432206162
640.6,0.014825490417620605
640.7,0.014850518838786731
640.8000000000001,0.01487571956469889
640.9,0.01490109622811862
641.0,0.01492665217507183
641.1,0.014952390405204982
641.2,0.014978313501287688
641.3000000000001,0.015004423545794865
641.4,0.0150307220220659
641.5,0.015057209697000567
641.6,0.015083886481585335
641.7,0.015110751264714863
641.8000000000001,0.01513780171473853
641.9,0.015165034041863494
642.0,0.015192442712910224
642.1,0.01522002010784696
642.2,0.01524775610489913
642.3000000000001,0.015275637577671395
642.4,0.015303647783412382
642.5,0.015331765616003096
642.6,0.015359964690070338
642.7,0.015388212213300632
642.8000000000001,0.015416467591875042
642.9,0.015444680698060492
643.0,0.015472789708208317
643.1,0.015500718392234335
643.2,0.015528372700266569
643.3000000000001,0.015555636446506092
643.4,0.015582365832605657
643.5,0.01560838248252658
643.6,0.015633464581601485
643.7,0.01565733563922067
643.8000000000001,0.015679650369298682
643.9,0.015699977313146672
644.0,0.01571777837991251
644.1,0.01573238709192465
644.2,0.015742991559595708
644.3000000000001,0.01574863892967365
644.4,0.015748304894662155
644.5,0.015741139051701606
644.6,0.01572716377900392
644.7,0.015709098923962925
644.8000000000001,0.01569675357186769
644.9,0.015715864389631233
645.0,0.01581783290312713
645.1,0.016065982454612042
645.2,0.016479506277109663
645.3000000000001,0.017009619505349273
645.4,0.01758982049985784
645.5,0.018170058616999375
645.6,0.018709830787799184
645.7,0.019164198701613087
645.8000000000001,0.01948049489731349
645.9,0.019607376147392733
646.0,0.019502388496802327
646.1,0.019115581872565967
646.2,0.018358533067083405
646.3000000000001,0.017736061881708384
646.4,0.01851092799938599
646.5,0.01901240410714971
646.6,0.018970126685062587
646.7,0.01839193354332485
646.8000000000001,0.01739192806275399
646.9,0.01618502579037282
647.0,0.015003874632834206
647.1,0.014091378779562125
647.2,0.013586754735533845
647.3000000000001,0.013384798672022755
647.4,0.013323119293718077
647.5,0.013315565791823662
647.6,0.013328141004364793
647.7,0.013348167120757003
647.8000000000001,0.013370925877972128
647.9,0.013394654946177946
648.0,0.01341869545615673
648.1,0.01344280231401385
648.2,0.013466886103721702
648.3000000000001,0.013490916132429831
648.4,0.013514883895621353
648.5,0.013538789271521702
648.6,0.0135626352912166
648.7,0.013586426153486887
648.8000000000001,0.013610166470708925
648.9,0.013633860983088678
649.0,0.01365751445151517
649.1,0.013681131618680807
649.2,0.013704717196316865
649.3000000000001,0.013728275862398559
649.4,0.01375181226211809
649.5,0.013775331010237419
649.6,0.013798836693898439
649.7,0.013822333875533176
649.8000000000001,0.013845827095734526
649.9,0.013869320876031857
650.0,0.013892819721547706
650.1,0.013916328123523228
650.2,0.013939850561703758
650.3000000000001,0.01396339150657605
650.4,0.01398695542144786
650.5,0.014010546764358584
650.6,0.014034169989807716
650.7,0.014057829550285098
650.8000000000001,0.014081529897584181
650.9,0.01410527548387609
651.0,0.014129070762518448
651.1,0.014152920188568643
651.2,0.014176828218966113
651.3000000000001,0.01420079931234255
651.4,0.014224837928412292
651.5,0.01424894852688754
651.6,0.014273135565854224
651.7,0.014297403499534124
651.8000000000001,0.014321756775346955
651.9,0.014346199830172386
652.0,0.014370737085695785
652.1,0.014395372942702782
652.2,0.014420111774165583
652.3000000000001,0.014444957916938275
652.4,0.014469915661847906
652.5,0.014494989241932314
652.6,0.014520182818533432
652.7,0.014545500464904645
652.8000000000001,0.014570946146931331
652.9,0.014596523700492973
653.0,0.014622236804910711
653.1,0.014648088951823254
653.2,0.014674083408712691
653.3000000000001,0.014700223176155944
653.4,0.014726510937701484
653.5,0.014752949001057654
653.6,0.014779539229020085
653.7,0.014806282958249989
653.8000000000001,0.014833180903629388
653.9,0.014860233045445696
654.0,0.01488743849607511
654.1,0.014914795342113344
654.2,0.01494230045700803
654.3000000000001,0.014969949278132947
654.4,0.0149977355408511
654.5,0.0150256509603642
654.6,0.015053684849940711
654.7,0.01508182366132283
654.8000000000001,0.015110050429565135
654.9,0.015138344100032288
655.0,0.01516667870949003
655.1,0.015195022385785585
655.2,0.015223336121039854
655.3000000000001,0.015251572260935984
655.4,0.015279672636793522
655.5,0.01530756624669771
655.6,0.015335166365903348
655.7,0.015362366933952733
655.8000000000001,0.015389038025752597
655.9,0.015415020166964243
656.0,0.015440117204883676
656.1,0.015464087407781319
656.2,0.01548663247210713
656.3000000000001,0.015507384248201512
656.4,0.015525889437222698
656.5,0.01554159369436989
656.6,0.015553829493322265
656.7,0.015561819106799822
656.8000000000001,0.015564720711397594
656.9,0.01556178526186762
657.0,0.01555278570256077
657.1,0.015539095524025092
657.2,0.015526230530013492
657.3000000000001,0.015529193130385272
657.4,0.015580674830398756
657.5,0.015732673893762126
657.6,0.01602872724843811
657.7,0.016460662257678796
657.8000000000001,0.016976903511030088
657.9,0.017525252540349326
658.0,0.01806729058156457
658.1,0.018568950362601897
658.2,0.01899020722570005
658.3000000000001,0.01928343706059286
658.4,0.0194009498394155
658.5,0.01930068391243199
658.6,0.018931606728664365
658.7,0.018208086044149766
658.8000000000001,0.017602590142326218
658.9,0.018343799976875
659.0,0.01884550380136378
659.1,0.018826243499701648
659.2,0.018290668438182316
659.3000000000001,0.01733396255986392
659.4,0.016138710918834374
659.5,0.014885830900275454
659.6,0.013755621091670138
659.7,0.012951018997340745
659.8000000000001,0.012544118957858296
659.9,0.0123947539661948
660.0,0.012357647222155634
660.1,0.012363263327365119
660.2,0.012384695811839047
660.3000000000001,0.01241187807660613
660.4,0.012441039414708052
660.5,0.01247076507410597
660.6,0.012500526611809138
660.7,0.012530130132002954
660.8000000000001,0.01255950820702969
660.9,0.012588641186964285
661.0,0.01261752738306197
661.1,0.012646171755138947
661.2,0.012674581617922285
661.3000000000001,0.012702765014312816
661.4,0.012730730103420738
661.5,0.012758484935100477
661.6,0.012786037371669164
661.7,0.012813395065510158
661.8000000000001,0.01284056545768755
661.9,0.012867555784242904
662.0,0.012894373085085946
662.1,0.012921024213547164
662.2,0.012947515845870212
662.3000000000001,0.01297385449038605
662.4,0.013000046496287884
662.5,0.013026098061993157
662.6,0.0130520152431035
662.7,0.01307780395998197
662.8000000000001,0.013103470004969168
662.9,0.013129019049259573
663.0,0.013154456649458522
663.1,0.013179788253839054
663.2,0.013205019208316428
663.3000000000001,0.013230154762156946
663.4,0.013255200073436491
663.5,0.013280160214263018
663.6,0.013305040175776203
663.7,0.013329844872936324
663.8000000000001,0.013354579149113602
663.9,0.013379247780488168
664.0,0.01340385548026996
664.1,0.013428406902747016
664.2,0.013452906647169664
664.3000000000001,0.013477359261477358
664.4,0.013501769245874031
664.5,0.013526141056256958
664.6,0.01355047910750335
664.7,0.013574787776617935
664.8000000000001,0.013599071405743946
664.9,0.013623334305038993
665.0,0.013647580755416252
665.1,0.013671815011150498
665.2,0.013696041302347198
665.3000000000001,0.013720263837271877
665.4,0.013744486804535497
665.5,0.013768714375130284
665.6,0.013792950704308771
665.7,0.013817199933297154
665.8000000000001,0.013841466190832045
665.9,0.013865753594507606
666.0,0.01389006625191756
666.1,0.01391440826157387
666.2,0.013938783713580736
666.3000000000001,0.013963196690039075
666.4,0.013987651265152628
666.5,0.014012151505002271
666.6,0.014036701466949929
666.7,0.014061305198627435
666.8000000000001,0.014085966736458915
666.9,0.014110690103657297
667.0,0.01413547930762648
667.1,0.014160338336690169
667.2,0.014185271156056205
667.3000000000001,0.01421028170291102
667.4,0.014235373880522526
667.5,0.014260551551210494
667.6,0.014285818528021178
667.7,0.01431117856491677
667.8000000000001,0.0143366353452596
667.9,0.014362192468335
668.0,0.014387853433614225
668.1,0.014413621622408859
668.2,0.014439500276508652
668.3000000000001,0.014465492473324593
668.4,0.014491601096975186
668.5,0.01451782880465422
668.6,0.014544177987499008
668.7,0.014570650725034932
668.8000000000001,0.014597248732100157
668.9,0.014623973296946787
669.0,0.014650825208963705
669.1,0.014677804674161531
669.2,0.014704911216189132
669.3000000000001,0.014732143560197739
669.4,0.014759499496313128
669.5,0.014786975718792696
669.6,0.014814567636100588
669.7,0.01484226914608871
669.8000000000001,0.014870072369171936
669.9,0.014897967330764374
670.0,0.014925941582213272
670.1,0.014953979746916387
670.2,0.014982062975093625
670.3000000000001,0.015010168286619767
670.4,0.015038267776175812
670.5,0.01506632764844081
670.6,0.015094307042746434
670.7,0.015122156596087961
670.8000000000001,0.015149816680077253
670.9,0.015177215230728984
671.0,0.015204265069322275
671.1,0.015230860587684013
671.2,0.015256873642622695
671.3000000000001,0.015282148474434293
671.4,0.015306495440490443
671.5,0.015329683354005553
671.6,0.015351430278999626
671.7,0.015371392841221385
671.8000000000001,0.015389154660419674
671.9,0.015404215808837442
672.0,0.015415988182661504
672.1,0.015423808429643552
672.2,0.015426995366927461
672.3000000000001,0.015425013460639554
672.4,0.015417881710965869
672.5,0.015407134588877573
672.6,0.01539795247513014
672.7,0.015403382796272938
672.8000000000001,0.015450508859941519
672.9,0.015581925900759129
673.0,0.015836542346330015
673.1,0.016215432948589317
673.2,0.016680386098658642
673.3000000000001,0.01718614761838096
673.4,0.017698073450427693
673.5,0.018187938234601974
673.6,0.01862469083886249
673.7,0.018969501278283563
673.8000000000001,0.0191782110225359
673.9,0.01920812961355715
674.0,0.019016839265397
674.1,0.01854009181542392
674.2,0.01773509378879543
674.3000000000001,0.01772369911363436
674.4,0.018467017149447904
674.5,0.018768222455335062
674.6,0.018572077951655237
674.7,0.017901839078911887
674.8000000000001,0.016875124262783262
674.9,0.015648812996102657
675.0,0.014339636471388183
675.1,0.013026299180414256
675.2,0.011801200793707679
675.3000000000001,0.010837417767193002
675.4,0.010308081351859188
675.5,0.010129675080586167
675.6,0.010109785979001935
675.7,0.010146696143162043
675.8000000000001,0.010202983444870984
675.9,0.010265305616946574
676.0,0.01032879300345275
676.1,0.010391660983152742
676.2,0.010453276486282142
676.3000000000001,0.01051344090738612
676.4,0.0105721199477307
676.5,0.01062934100046783
676.6,0.010685153894912406
676.7,0.010739615734830019
676.8000000000001,0.010792784961752452
676.9,0.010844718991109394
677.0,0.010895473260356961
677.1,0.010945100854513643
677.2,0.010993652380616883
677.3000000000001,0.01104117595740688
677.4,0.011087717262723201
677.5,0.011133319611766498
677.6,0.011178024052350495
677.7,0.011221869469196668
677.8000000000001,0.011264892692324809
677.9,0.011307128606292672
678.0,0.011348610258101003
678.1,0.011389368962294281
678.2,0.011429434402288292
678.3000000000001,0.011468834727314725
678.4,0.011507596644632884
678.5,0.01154574550684624
678.6,0.0115833053942964
678.7,0.011620299192602266
678.8000000000001,0.011656748665478238
678.9,0.0116926745230094
679.0,0.011728096485589602
679.1,0.011763033343744431
679.2,0.011797503014068296
679.3000000000001,0.011831522591505923
679.4,0.011865108398205123
679.5,0.011898276029161057
679.6,0.011931040394863646
679.7,0.01196341576114983
679.8000000000001,0.01199541578645163
679.9,0.01202705355662003
680.0,0.01205834161749356
680.1,0.01208929200536966
680.2,0.012119916275526306
680.3000000000001,0.012150225528931325
680.4,0.012180230437267165
680.5,0.012209941266389803
680.6,0.012239367898331991
680.7,0.012268519851952892
680.8000000000001,0.012297406302328815
680.9,0.012326036098972771
681.0,0.01235441778296402
681.1,0.012382559603062915
681.2,0.012410469530880654
681.3000000000001,0.012438155275168524
681.4,0.01246562429528641
681.5,0.012492883813905929
681.6,0.012519940828999588
681.7,0.012546802125163476
681.8000000000001,0.012573474284317685
681.9,0.012599963695825367
682.0,0.012626276566068437
682.1,0.012652418927515206
682.2,0.012678396647312688
682.3000000000001,0.012704215435434056
682.4,0.01272988085240954
682.5,0.012755398316667102
682.6,0.012780773111507406
682.7,0.01280601039173586
682.8000000000001,0.012831115189973007
682.9,0.012856092422663036
683.0,0.012880946895798894
683.1,0.012905683310381187
683.2,0.012930306267626928
683.3000000000001,0.012954820273943134
683.4,0.012979229745679213
683.5,0.013003539013671267
683.6,0.013027752327590464
683.7,0.01305187386010686
683.8000000000001,0.01307590771087935
683.9,0.013099857910381684
684.0,0.013123728423573771
684.1,0.013147523153427014
684.2,0.013171245944311696
684.3000000000001,0.013194900585253983
684.4,0.013218490813069523
684.5,0.013242020315380198
684.6,0.013265492733520078
684.7,0.013288911665336132
684.8000000000001,0.013312280667888941
684.9,0.013335603260058114
685.0,0.013358882925056765
685.1,0.013382123112859055
685.2,0.013405327242544297
685.3000000000001,0.013428498704560848
685.4,0.01345164086291259
685.5,0.013474757057270368
685.6,0.013497850605010454
685.7,0.013520924803181601
685.8000000000001,0.013543982930401913
685.9,0.013567028248686271
686.0,0.013590064005204633
686.1,0.013613093433971046
686.2,0.013636119757462654
686.3000000000001,0.013659146188167468
686.4,0.013682175930059102
686.5,0.013705212179995912
686.6,0.013728258129041467
686.7,0.013751316963702255
686.8000000000001,0.013774391867077922
686.9,0.013797486019918204
687.0,0.013820602601579735
687.1,0.0138437447908748
687.2,0.013866915766802606
687.3000000000001,0.013890118709152412
687.4,0.013913356798965965
687.5,0.013936633218844982
687.6,0.01395995115308727
687.7,0.013983313787632599
687.8000000000001,0.014006724309796851
687.9,0.014030185907769836
688.0,0.014053701769848605
688.1,0.014077275083374228
688.2,0.014100909033335276
688.3000000000001,0.014124606800596117
688.4,0.014148371559702168
688.5,0.014172206476207242
688.6,0.014196114703460399
688.7,0.014220099378780405
688.8000000000001,0.01424416361893556
688.9,0.014268310514834376
689.0,0.014292543125318575
689.1,0.014316864469933518
689.2,0.01434127752053218
689.3000000000001,0.01436578519154665
689.4,0.01439039032873537
689.5,0.014415095696183993
689.6,0.014439903961302548
689.7,0.014464817677519769
689.8000000000001,0.014489839264326669
689.9,0.014514970984263603
690.0,0.014540214916376673
690.1,0.014565572925588407
690.2,0.014591046627331128
690.3000000000001,0.014616637346676809
690.4,0.014642346071059749
690.5,0.014668173395524117
690.6,0.014694119459230645
690.7,0.014720183871718523
690.8000000000001,0.014746365627130527
690.9,0.014772663004260146
691.0,0.014799073449854634
691.1,0.014825593442089557
691.2,0.014852218330495786
691.3000000000001,0.014878942147840638
691.4,0.014905757388504814
691.5,0.014932654746710163
691.6,0.014959622806482374
691.7,0.014986647673403481
691.8000000000001,0.015013712535928701
691.9,0.015040797141192013
692.0,0.015067877166656219
692.1,0.015094923464489806
692.2,0.015121901149944857
692.3000000000001,0.015148768497991025
692.4,0.01517547560370943
692.5,0.015201962751124372
692.6,0.015228158421941137
692.7,0.015253976859925461
692.8000000000001,0.015279315088726677
692.9,0.015304049262208004
693.0,0.015328030210538253
693.1,0.015351078041087256
693.2,0.015372975679503392
693.3000000000001,0.015393461333577867
693.4,0.015412220115698162
693.5,0.015428875648450625
693.6,0.01544298378402359
693.7,0.015454033411590186
693.8000000000001,0.015461465488262677
693.9,0.015464734796659826
694.0,0.015463467926528019
694.1,0.015457833038696038
694.2,0.015449363153309126
694.3000000000001,0.01544269230268504
694.4,0.0154488413798155
694.5,0.015489897500058535
694.6,0.015600578003779501
694.7,0.015815442892050273
694.8000000000001,0.01614237938236852
694.9,0.01655493415767952
695.0,0.017014752114210285
695.1,0.017490241669712997
695.2,0.01795705391622184
695.3000000000001,0.01839099375659079
695.4,0.01876203713087666
695.5,0.019033016794089825
695.6,0.019163599758963874
695.7,0.019114219658958678
695.8000000000001,0.018838201954365315
695.9,0.01825992144908376
696.0,0.017548515956212273
696.1,0.018046616558377773
696.2,0.018632448964514735
696.3000000000001,0.0187587611333623
696.4,0.018418092797964702
696.5,0.017655488989579565
696.6,0.016593881512343516
696.7,0.015353583999505434
696.8000000000001,0.013988042127869978
696.9,0.012494049396022125
697.0,0.011257870174410402
697.1,0.011244468545291101
697.2,0.011422766594057013
697.3000000000001,0.011503517543813837
697.4,0.011533946569737734
697.5,0.011543518305063949
697.6,0.011544677203563048
697.7,0.011542437101421662
697.8000000000001,0.011538797023447398
697.9,0.011534550957863718
698.0,0.011530013362888501
698.1,0.011525308205111008
698.2,0.011520483840790272
698.3000000000001,0.011515558623853586
698.4,0.011510538998861423
698.5,0.011505426674200094
698.6,0.011500221464208907
698.7,0.011494922414373972
698.8000000000001,0.011489528246207147
698.9,0.011484037532670681
699.0,0.011478448766912652
699.1,0.011472760388762685
699.2,0.011466970794494989
699.3000000000001,0.011461078339948128
699.4,0.011455081340989711
699.5,0.011448978072900712
699.6,0.011442766769300047
699.7,0.011436445620852748
699.8000000000001,0.011430012773856024
699.9,0.011423466328738618
700.0,0.011416804338485345
700.1,0.01141002480698954
700.2,0.011403125687332188
700.3000000000001,0.01139610487998492
700.4,0.011388960230933375
700.5,0.01138168952971678
700.6,0.01137429050737944
700.7,0.011366760834329397
700.8000000000001,0.011359098118099278
700.9,0.011351299901003996
701.0,0.01134336365768966
701.1,0.011335286792567671
701.2,0.011327066637127597
701.3000000000001,0.011318700447122007
701.4,0.011310185399616007
701.5,0.011301518589893738
701.6,0.011292697028213596
701.7,0.011283717636403357
701.8000000000001,0.011274577244285844
701.9,0.011265272585925086
702.0,0.011255800295682277
702.1,0.011246156904070116
702.2,0.01123633883339323
702.3000000000001,0.01122634239316167
702.4,0.011216163775263419
702.5,0.011205799048880919
702.6,0.011195244155135592
702.7,0.011184494901443064
702.8000000000001,0.011173546955560661
702.9,0.011162395839307351
703.0,0.01115103692193484
703.1,0.011139465413126992
703.2,0.011127676355602988
703.3000000000001,0.01111566461729786
703.4,0.011103424883091968
703.5,0.011090951646058911
703.6,0.011078239198198964
703.7,0.011065281620622624
703.8000000000001,0.01105207277314613
703.9,0.01103860628325782
704.0,0.011024875534411003
704.1,0.011010873653595573
704.2,0.010996593498136741
704.3000000000001,0.010982027641665334
704.4,0.010967168359199555
704.5,0.010952007611273504
704.6,0.010936537027042509
704.7,0.01092074788628986
704.8000000000001,0.010904631100253592
704.9,0.010888177191185516
705.0,0.01087137627054797
705.1,0.010854218015746321
705.2,0.010836691645287588
705.3000000000001,0.010818785892247208
705.4,0.010800488975917382
705.5,0.010781788571501305
705.6,0.010762671777708186
705.7,0.010743125082094365
705.8000000000001,0.010723134323986167
705.9,0.010702684654810588
706.0,0.01068176049565094
706.1,0.010660345491836424
706.2,0.01063842246436793
706.3000000000001,0.010615973357978063
706.4,0.010592979185622194
706.5,0.010569419969200904
706.6,0.010545274676324266
706.7,0.010520521152947186
706.8000000000001,0.010495136051736029
706.9,0.01046909475607384
707.0,0.010442371299680347
707.1,0.010414938281920826
707.2,0.010386766779014288
707.3000000000001,0.010357826251539326
707.4,0.01032808444889166
707.5,0.010297507311693634
707.6,0.010266058873621817
707.7,0.010233701164743708
707.8000000000001,0.010200394119290765
707.9,0.010166095491911676
708.0,0.01013076078794049
708.1,0.010094343215202783
708.2,0.010056793667536265
708.3000000000001,0.010018060753743282
708.4,0.009978090890420668
708.5,0.009936828483428334
708.6,0.009894216231197569
708.7,0.009850195594357384
708.8000000000001,0.009804707491217597
708.9,0.00975769329873065
709.0,0.009709096265262456
709.1,0.009658863476858463
709.2,0.009606948565153232
709.3000000000001,0.009553315405442157
709.4,0.009497943130519179
709.5,0.009440832881670051
709.6,0.009382016832093287
709.7,0.009321570143348149
709.8000000000001,0.009259626633144497
709.9,0.00919639900049552
710.0,0.009132204388867228
710.1,0.009067495721446155
710.2,0.009002898375783169
710.3000000000001,0.00893925003861107
710.4,0.008877638614031085
710.5,0.008819428643160302
710.6,0.008766261294396881
710.7,0.008720008516036274
710.8000000000001,0.008682662415548938
710.9,0.008656151716128713
711.0,0.008642101282382113
711.1,0.008641582695780619
711.2,0.008654926593849852
711.3000000000001,0.008681660733129086
711.4,0.00872059667884186
711.5,0.0087700334430342
711.6,0.00882801032164507
711.7,0.00889254040775926
711.8000000000001,0.008961782128540794
711.9,0.009034137767559097
712.0,0.009108289919956419
712.1,0.009183195526090473
712.2,0.009258056387526756
712.3000000000001,0.00933228020539541
712.4,0.009405440849834327
712.5,0.009477242383743594
712.6,0.00954748862536933
712.7,0.009616058478892546
712.8000000000001,0.009682886504929166
712.9,0.009747947918969132
713.0,0.009811247172414245
713.1,0.009872809352614809
713.2,0.009932673760385022
713.3000000000001,0.009990889148462261
713.4,0.010047510215954472
713.5,0.01010259504675084
713.6,0.010156203254209418
713.7,0.01020839465242626
713.8000000000001,0.01025922831890448
713.9,0.010308761947253551
714.0,0.010357051414059338
714.1,0.010404150503230836
714.2,0.010450110745492767
714.3000000000001,0.010494981341443714
714.4,0.010538809144642043
714.5,0.010581638687198927
714.6,0.010623512234861071
714.7,0.01066446986193733
714.8000000000001,0.010704549538949133
714.9,0.010743787227776792
715.0,0.010782216980491467
715.1,0.010819871039124119
715.2,0.010856779934416888
715.3000000000001,0.010892972582195237
715.4,0.010928476376440805
715.5,0.010963317278472245
715.6,0.010997519901883034
715.7,0.011031107593061836
715.8000000000001,0.011064102507249188
715.9,0.011096525680175584
716.0,0.011128397095389852
716.1,0.011159735747430101
716.2,0.01119055970101732
716.3000000000001,0.011220886146468403
716.4,0.011250731451533555
716.5,0.011280111209865187
716.6,0.011309040286323346
716.7,0.011337532859317379
716.8000000000001,0.011365602460376389
716.9,0.011393262011132381
717.0,0.011420523857890618
717.1,0.011447399803951945
717.2,0.01147390113984193
717.3000000000001,0.011500038671591942
717.4,0.011525822747207762
717.5,0.011551263281452121
717.6,0.01157636977905893
717.7,0.011601151356488556
717.8000000000001,0.011625616762325831
717.9,0.011649774396415027
718.0,0.011673632327819322
718.1,0.011697198311685794
718.2,0.011720479805091083
718.3000000000001,0.011743483981937353
718.4,0.011766217746963072
718.5,0.011788687748928352
718.6,0.011810900393030297
718.7,0.011832861852599632
718.8000000000001,0.011854578080126256
718.9,0.01187605481765784
719.0,0.01189729760661237
719.1,0.011918311797042702
719.2,0.01193910255638829
719.3000000000001,0.0119596748777469
719.4,0.011980033587696696
719.5,0.012000183353696977
719.6,0.012020128691093849
719.7,0.012039873969755272
719.8000000000001,0.012059423420358272
719.9,0.012078781140349461
720.0,0.012097951099598651
720.1,0.012116937145763937
720.2,0.012135743009385414
720.3000000000001,0.012154372308723524
720.4,0.01217282855435701
720.5,0.012191115153554383
720.6,0.012209235414431986
720.7,0.012227192549910832
720.8000000000001,0.012244989681483598
720.9,0.012262629842802485
721.0,0.01228011598309789
721.1,0.012297450970437303
721.2,0.01231463759483314
721.3000000000001,0.012331678571207778
721.4,0.012348576542223507
721.5,0.012365334080984607
721.6,0.012381953693618384
721.7,0.012398437821741555
721.8000000000001,0.01241478884481794
721.9,0.012431009082413184
722.0,0.012447100796351725
722.1,0.012463066192781126
722.2,0.012478907424148358
722.3000000000001,0.012494626591092559
722.4,0.012510225744258401
722.5,0.012525706886034035
722.6,0.012541071972217306
722.7,0.012556322913613787
722.8000000000001,0.012571461577569887
722.9,0.012586489789444214
723.0,0.012601409334020137
723.1,0.012616221956862328
723.2,0.01263092936561993
723.3000000000001,0.012645533231278878
723.4,0.012660035189365712
723.5,0.012674436841105119
723.6,0.012688739754533369
723.7,0.012702945465569606
723.8000000000001,0.012717055479046942
723.9,0.012731071269705126
724.0,0.012744994283146535
724.1,0.012758825936757107
724.2,0.012772567620593755
724.3000000000001,0.012786220698239715
724.4,0.012799786507629276
724.5,0.012813266361843142
724.6,0.01282666154987577
724.7,0.012839973337375805
724.8000000000001,0.012853202967360807
724.9,0.01286635166090732
725.0,0.012879420617817348
725.1,0.012892411017262198
725.2,0.012905324018404636
725.3000000000001,0.012918160761000245
725.4,0.012930922365978849
725.5,0.012943609936006796
725.6,0.012956224556030904
725.7,0.012968767293804763
725.8000000000001,0.012981239200398153
725.9,0.012993641310690224
726.0,0.013005974643847047
726.1,0.01301824020378424
726.2,0.013030438979615174
726.3000000000001,0.013042571946085343
726.4,0.013054640063993478
726.5,0.01306664428059983
726.6,0.013078585530022233
726.7,0.013090464733620301
726.8000000000001,0.013102282800368285
726.9,0.01311404062721699
727.0,0.013125739099445182
727.1,0.013137379091000862
727.2,0.013148961464832814
727.3000000000001,0.013160487073212759
727.4,0.013171956758048494
727.5,0.013183371351188317
727.6,0.013194731674717124
727.7,0.013206038541244386
727.8000000000001,0.013217292754184417
727.9,0.013228495108029122
728.0,0.01323964638861355
728.1,0.013250747373374516
728.2,0.01326179883160251
728.3000000000001,0.013272801524687192
728.4,0.013283756206356627
728.5,0.013294663622910574
728.6,0.013305524513447993
728.7,0.01331633961008898
728.8000000000001,0.013327109638191349
728.9,0.013337835316562048
729.0,0.013348517357663587
729.1,0.01335915646781568
729.2,0.013369753347392254
729.3000000000001,0.013380308691013986
729.4,0.013390823187736572
729.5,0.013401297521234826
729.6,0.013411732369982807
729.7,0.0134221284074301
729.8000000000001,0.013432486302174385
729.9,0.01344280671813045
730.0,0.013453090314695756
730.1,0.013463337746912702
730.2,0.013473549665627714
730.3000000000001,0.013483726717647249
730.4,0.013493869545890859
730.5,0.013503978789541416
730.6,0.013514055084192622
730.7,0.013524099061993866
730.8000000000001,0.013534111351792591
730.9,0.013544092579274213
731.0,0.013554043367099729
731.1,0.013563964335041099
731.2,0.01357385610011447
731.3000000000001,0.013583719276711358
731.4,0.01359355447672787
731.5,0.013603362309692021
731.6,0.013613143382889286
731.7,0.013622898301486401
731.8000000000001,0.013632627668653533
731.9,0.013642332085684895
732.0,0.013652012152117837
732.1,0.013661668465850558
732.2,0.013671301623258431
732.3000000000001,0.01368091221930908
732.4,0.01369050084767621
732.5,0.013700068100852326
732.6,0.01370961457026035
732.7,0.013719140846364223
732.8000000000001,0.013728647518778564
732.9,0.013738135176377418
733.0,0.013747604407402192
733.1,0.013757055799568804
733.2,0.013766489940174126
733.3000000000001,0.013775907416201761
733.4,0.013785308814427239
733.5,0.013794694721522642
733.6,0.01380406572416078
733.7,0.013813422409118897
733.8000000000001,0.01382276536338202
733.9,0.013832095174245983
734.0,0.013841412429420169
734.1,0.013850717717130052
734.2,0.013860011626219552
734.3000000000001,0.013869294746253303
734.4,0.013878567667618837
734.5,0.013887830981628754
734.6,0.013897085280622983
734.7,0.013906331158071073
734.8000000000001,0.013915569208674669
734.9,0.013924800028470172
735.0,0.013934024214931647
735.1,0.013943242367074038
735.2,0.01395245508555672
735.3000000000001,0.013961662972787475
735.4,0.013970866633026892
735.5,0.013980066672493288
735.6,0.013989263699468209
735.7,0.013998458324402512
735.8000000000001,0.014007651160023109
735.9,0.014016842821440459
736.0,0.0140260339262568
736.1,0.014035225094675233
736.2,0.01404441694960966
736.3000000000001,0.014053610116795685
736.4,0.014062805224902481
736.5,0.014072002905645727
736.6,0.014081203793901646
736.7,0.014090408527822208
736.8000000000001,0.01409961774895155
736.9,0.014108832102343693
737.0,0.014118052236681592
737.1,0.014127278804397615
737.2,0.014136512461795463
737.3000000000001,0.014145753869173652
737.4,0.014155003690950584
737.5,0.014164262595791274
737.6,0.01417353125673584
737.7,0.014182810351329775
737.8000000000001,0.014192100561756094
737.9,0.014201402574969445
738.0,0.014210717082832213
738.1,0.014220044782252753
738.2,0.014229386375325762
738.3000000000001,0.014238742569474916
738.4,0.014248114077597842
738.5,0.014257501618213493
738.6,0.014266905915612018
738.7,0.01427632770000722
738.8000000000001,0.014285767707691672
738.9,0.014295226681194602
739.0,0.014304705369442608
739.1,0.014314204527923346
739.2,0.014323724918852232
739.3000000000001,0.014333267311342289
739.4,0.01434283248157724
739.5,0.014352421212987918
739.6,0.014362034296432152
739.7,0.01437167253037819
739.8000000000001,0.014381336721091782
739.9,0.014391027682827065
740.0,0.0144007462380213
740.1,0.014410493217493672
740.2,0.014420269460648174
740.3000000000001,0.014430075815680789
740.4,0.014439913139791016
740.5,0.01444978229939794
740.6,0.014459684170360941
740.7,0.01446961963820517
740.8000000000001,0.014479589598351958
740.9,0.01448959495635427
741.0,0.014499636628137372
741.1,0.014509715540244843
741.2,0.014519832630090093
741.3000000000001,0.014529988846213501
741.4,0.014540185148545392
741.5,0.014550422508674938
741.6,0.014560701910125196
741.7,0.014571024348634418
741.8000000000001,0.01458139083244378
741.9,0.014591802382591737
742.0,0.0146022600332151
742.1,0.014612764831857097
742.2,0.014623317839782466
742.3000000000001,0.014633920132299834
742.4,0.014644572799091503
742.5,0.014655276944550806
742.6,0.014666033688127219
742.7,0.014676844164679341
742.8000000000001,0.014687709524835921
742.9,0.014698630935365069
743.0,0.014709609579551789
743.1,0.014720646657583969
743.2,0.014731743386946923
743.3000000000001,0.01474290100282663
743.4,0.014754120758521729
743.5,0.014765403925864342
743.6,0.014776751795649839
743.7,0.014788165678075496
743.8000000000001,0.014799646903188109
743.9,0.014811196821340522
744.0,0.014822816803657006
744.1,0.014834508242507422
744.2,0.014846272551989979
744.3000000000001,0.014858111168422424
744.4,0.014870025550841407
744.5,0.014882017181509692
744.6,0.01489408756643082
744.7,0.014906238235870757
744.8000000000001,0.014918470744885915
744.9,0.014930786673856873
745.0,0.01494318762902699
745.1,0.014955675243044917
745.2,0.014968251175509928
745.3000000000001,0.014980917113518708
745.4,0.014993674772212149
745.5,0.015006525895320335
745.6,0.015019472255703784
745.7,0.015032515655888548
745.8000000000001,0.015045657928592573
745.9,0.015058900937240258
746.0,0.015072246576461713
746.1,0.015085696772572795
746.2,0.015099253484031313
746.3000000000001,0.015112918701864276
746.4,0.015126694450060253
746.5,0.01514058278592012
746.6,0.015154585800358557
746.7,0.015168705618147508
746.8000000000001,0.015182944398091706
746.9,0.01519730433312489
747.0,0.015211787650313835
747.1,0.01522639661075546
747.2,0.015241133509350205
747.3000000000001,0.01525600067443259
747.4,0.015271000467237058
747.5,0.015286135281174156
747.6,0.015301407540888575
747.7,0.015316819701066376
747.8000000000001,0.015332374244954107
747.9,0.015348073682547023
748.0,0.01536392054839734
748.1,0.015379917398986195
748.2,0.01539606680959459
748.3000000000001,0.015412371370598742
748.4,0.01542883368310404
748.5,0.015445456353818464
748.6,0.015462241989051015
748.7,0.015479193187702588
748.8000000000001,0.015496312533095703
748.9,0.015513602583464728
749.0,0.015531065860899104
749.1,0.015548704838497863
749.2,0.015566521925453138
749.3000000000001,0.015584519449732487
749.4,0.015602699637972955
749.5,0.015621064592132089
749.6,0.015639616262360448
749.7,0.015658356415463537
749.8000000000001,0.01567728659820536
749.9,0.015696408094566506
750.0,0.015715721875901718
750.1,0.015735228542738525
750.2,0.015754928256711834
750.3000000000001,0.015774820660828876
750.4,0.01579490478589152
750.5,0.015815178940452857
750.6,0.015835640581130746
750.7,0.01585628615941666
750.8000000000001,0.015877110940269827
750.9,0.015898108786731174
751.0,0.015919271903472986
751.1,0.015940590530547194
751.2,0.015962052576514566
751.3000000000001,0.015983643177508992
751.4,0.016005344165459283
751.5,0.01602713342445368
751.6,0.016048984108828275
751.7,0.01607086368965388
751.8000000000001,0.016092732787459228
751.9,0.016114543737728082
752.0,0.016136238821298676
752.1,0.01615774807354486
752.2,0.016178986563405384
752.3000000000001,0.016199851005490283
752.4,0.016220215536038616
752.5,0.016239926449068295
752.6,0.016258795660531518
752.7,0.01627659266539719
752.8000000000001,0.016293034821421932
752.9,0.01630777603866526
753.0,0.016320394611617987
753.1,0.016330382535262623
753.2,0.01633714241837223
753.3000000000001,0.01634000687247341
753.4,0.016338315609907356
753.5,0.016331632736016954
753.6,0.016320294707533586
753.7,0.016306710463066983
753.8000000000001,0.01629822578902431
753.9,0.016312450930314575
754.0,0.016383035297726816
754.1,0.01655357713465343
754.2,0.016846640473245775
754.3000000000001,0.017240064946209017
754.4,0.017689102116996515
754.5,0.01815540954502604
754.6,0.01861041680455034
754.7,0.019026447243989705
754.8000000000001,0.019369716199143575
754.9,0.019600293240965676
755.0,0.019678317171301425
755.1,0.01956689166884892
755.2,0.0192173873032804
755.3000000000001,0.018557456488985203
755.4,0.01816871717521443
755.5,0.018847406894248082
755.6,0.01923805712054709
755.7,0.01918194385411401
755.8000000000001,0.01868692659252878
755.9,0.017840368791194237
756.0,0.016795004803622463
756.1,0.015693404913143354
756.2,0.014668599239707402
756.3000000000001,0.013878118343008233
756.4,0.01342140753385549
756.5,0.013221058401514923
756.6,0.013146170513081493
756.7,0.013121973897590938
756.8000000000001,0.013117388491888343
756.9,0.013120376753417208
757.0,0.013126310293412654
757.1,0.013133405878606135
757.2,0.013140975215580775
757.3000000000001,0.013148752470612054
757.4,0.013156635084466739
757.5,0.013164583679036553
757.6,0.01317258335188209
757.7,0.013180628693764655
757.8000000000001,0.013188717983828807
757.9,0.013196850938649161
758.0,0.013205027838658396
758.1,0.01321324918887725
758.2,0.013221515587089063
758.3000000000001,0.013229827672628074
758.4,0.013238186106524023
758.5,0.013246591563855917
758.6,0.013255044730865497
758.7,0.013263546303929433
758.8000000000001,0.013272096989259546
758.9,0.01328069750288998
759.0,0.013289348570779083
759.1,0.013298050928958813
759.2,0.013306805323705345
759.3000000000001,0.01331561251172069
759.4,0.013324473260321384
759.5,0.013333388347632763
759.6,0.013342358562788289
759.7,0.013351384706133822
759.8000000000001,0.013360467589436821
759.9,0.01336960803610055
760.0,0.01337880688138339
760.1,0.01338806497262338
760.2,0.013397383169468037
760.3000000000001,0.013406762344109625
760.4,0.013416203381525934
760.5,0.01342570717972668
760.6,0.013435274650005666
760.7,0.013444906717198744
760.8000000000001,0.013454604319947716
760.9,0.01346436841097023
761.0,0.013474199957335778
761.1,0.013484099940747889
761.2,0.01349406935783252
761.3000000000001,0.013504109220432768
761.4,0.013514220555909928
761.5,0.013524404407450905
761.6,0.01353466183438206
761.7,0.01354499391248942
761.8000000000001,0.013555401734345288
761.9,0.013565886409641178
762.0,0.013576449065527045
762.1,0.013587090846956683
762.2,0.013597812917039171
762.3000000000001,0.013608616457396222
762.4,0.013619502668525213
762.5,0.013630472770167629
762.6,0.013641528001682649
762.7,0.013652669622425484
762.8000000000001,0.013663898912130027
762.9,0.013675217171295327
763.0,0.013686625721575257
763.1,0.01369812590617073
763.2,0.013709719090223603
763.3000000000001,0.013721406661211388
763.4,0.013733190029341693
763.5,0.013745070627945149
763.6,0.0137570499138655
763.7,0.013769129367845176
763.8000000000001,0.013781310494904612
763.9,0.013793594824713231
764.0,0.013805983911949734
764.1,0.013818479336649085
764.2,0.013831082704533149
764.3000000000001,0.0138437956473216
764.4,0.013856619823019221
764.5,0.013869556916175238
764.6,0.013882608638109766
764.7,0.013895776727101728
764.8000000000001,0.013909062948531982
764.9,0.013922469094974434
765.0,0.013935996986227089
765.1,0.01394964846927387
765.2,0.013963425418166808
765.3000000000001,0.013977329733816867
765.4,0.013991363343680115
765.5,0.014005528201324117
765.6,0.014019826285857516
765.7,0.014034259601203287
765.8000000000001,0.014048830175193741
765.9,0.01406354005846213
766.0,0.01407839132310242
766.1,0.014093386061064798
766.2,0.014108526382249943
766.3000000000001,0.014123814412259916
766.4,0.014139252289757556
766.5,0.014154842163379361
766.6,0.014170586188138911
766.7,0.01418648652124867
766.8000000000001,0.014202545317277389
766.9,0.014218764722548023
767.0,0.014235146868666676
767.1,0.01425169386505648
767.2,0.014268407790350811
767.3000000000001,0.014285290682477502
767.4,0.014302344527239151
767.5,0.01431957124516333
767.6,0.014336972676359753
767.7,0.014354550563078236
767.8000000000001,0.01437230652961005
767.9,0.01439024205911475
768.0,0.0144083584668826
768.1,0.014426656869457197
768.2,0.014445138148940651
768.3000000000001,0.014463802911681558
768.4,0.014482651440399242
768.5,0.0145016836386213
768.6,0.014520898966098388
768.7,0.014540296363602215
768.8000000000001,0.014559874165199474
768.9,0.014579629995712632
769.0,0.014599560650611892
769.1,0.014619661955010336
769.2,0.014639928597729845
769.3000000000001,0.014660353935535672
769.4,0.014680929761559904
769.5,0.014701646030594245
769.6,0.014722490532261571
769.7,0.01474344850098484
769.8000000000001,0.014764502149048484
769.9,0.014785630105747277
770.0,0.014806806741458288
770.1,0.014828001350223729
770.2,0.014849177157812055
770.3000000000001,0.014870290113890024
770.4,0.014891287416496415
770.5,0.014912105704048696
770.6,0.014932668834300491
770.7,0.014952885150948
770.8000000000001,0.014972644117655731
770.9,0.014991812178568814
771.0,0.01501022769014484
771.1,0.015027694775776524
771.2,0.015043976013930534
771.3000000000001,0.015058784051044861
771.4,0.015071772680038675
771.5,0.015082528963811811
771.6,0.015090570309148262
771.7,0.015095355553527985
771.8000000000001,0.015096330555642573
771.9,0.015093054130108884
772.0,0.015085505922414099
772.1,0.015074795669338694
772.2,0.015064711519815773
772.3000000000001,0.015064782163442696
772.4,0.015094970932571516
772.5,0.015188085394433424
772.6,0.015378424035110598
772.7,0.015675063022656
772.8000000000001,0.016052689684830077
772.9,0.01647400211478978
773.0,0.016908626344455623
773.1,0.01733332917177054
773.2,0.017724873184959786
773.3000000000001,0.018054400977069066
773.4,0.018286761433389417
773.5,0.01838484910137391
773.6,0.018312706094870436
773.7,0.018025713151586166
773.8000000000001,0.017452665368490165
773.9,0.016901873507200176
774.0,0.017479319473919414
774.1,0.017945468145563935
774.2,0.017990399013267336
774.3000000000001,0.017613966544750073
774.4,0.016872709071560334
774.5,0.01589197292329439
774.6,0.014789619006346266
774.7,0.013638445563403481
774.8000000000001,0.012480415345373787
774.9,0.011354262934385989
775.0,0.010334650570880451
775.1,0.009571144780294699
775.2,0.009164818546991147
775.3000000000001,0.009000274065959438
775.4,0.008935255789505579
775.5,0.008909456091588285
775.6,0.008904448875989852
775.7,0.008914792844935161
775.8000000000001,0.008938425911652528
775.9,0.00897384533113147
776.0,0.009019396444322357
776.1,0.009073236671583974
776.2,0.009133486399592473
776.3000000000001,0.00919838478651371
776.4,0.009266391558016574
776.5,0.009336229933827853
776.6,0.009406885961992184
776.7,0.00947758259442467
776.8000000000001,0.00954774296880957
776.9,0.009616952103899389
777.0,0.0096849218813418
777.1,0.00975146130229159
777.2,0.009816452355081693
777.3000000000001,0.00987983101926335
777.4,0.009941572620834999
777.5,0.01000168070807686
777.6,0.010060178694095815
777.7,0.010117103632192417
777.8000000000001,0.01017250161416984
777.9,0.010226424392616461
778.0,0.010278926920496808
778.1,0.01033006557507744
778.2,0.01037989689055605
778.3000000000001,0.010428476667654039
778.4,0.010475859361674623
778.5,0.010522097675533512
778.6,0.010567242302999139
778.7,0.010611341781374415
778.8000000000001,0.01065444242329618
778.9,0.010696588305119362
779.0,0.01073782129516474
779.1,0.010778181109446639
779.2,0.010817705385735144
779.3000000000001,0.010856429769226215
779.4,0.010894388004900174
779.5,0.010931612032998859
779.6,0.010968132085059566
779.7,0.011003976778695374
779.8000000000001,0.011039173209870808
779.9,0.011073747041836677
780.0,0.011107722590194637
780.1,0.011141122903787104
780.2,0.011173969841272164
780.3000000000001,0.011206284143361086
780.4,0.01123808550077977
780.5,0.0112693926180732
780.6,0.011300223273410749
780.7,0.011330594374574522
780.8000000000001,0.01136052201132694
780.9,0.011390021504360017
781.0,0.011419107451029507
781.1,0.011447793768073996
781.2,0.011476093731513046
781.3000000000001,0.011504020013910852
781.4,0.011531584719183023
781.5,0.01155879941511459
781.6,0.011585675163747637
781.7,0.011612222549787103
781.8000000000001,0.011638451707163757
781.9,0.011664372343884
782.0,0.011689993765287225
782.1,0.01171532489582303
782.2,0.011740374299452468
782.3000000000001,0.011765150198770086
782.4,0.011789660492936352
782.5,0.011813912774503568
782.6,0.011837914345212176
782.7,0.011861672230828704
782.8000000000001,0.011885193195091294
782.9,0.011908483752823903
783.0,0.011931550182275695
783.1,0.011954398536738013
783.2,0.011977034655487414
783.3000000000001,0.011999464174099705
783.4,0.012021692534176648
783.5,0.012043724992523904
783.6,0.012065566629816065
783.7,0.01208722235878197
783.8000000000001,0.012108696931941117
783.9,0.012129994948919877
784.0,0.012151120863374014
784.1,0.012172078989542326
784.2,0.012192873508454324
784.3000000000001,0.012213508473813375
784.4,0.012233987817575228
784.5,0.012254315355240427
784.6,0.01227449479087792
784.7,0.012294529721895969
784.8000000000001,0.012314423643575345
784.9,0.012334179953378903
785.0,0.012353801955050519
785.1,0.01237329286251576
785.2,0.012392655803595571
785.3000000000001,0.012411893823543779
785.4,0.012431009888418354
785.5,0.012450006888295825
785.6,0.012468887640337607
785.7,0.012487654891716451
785.8000000000001,0.012506311322410743
785.9,0.01252485954787387
786.0,0.012543302121585425
786.1,0.012561641537490668
786.2,0.012579880232334166
786.3000000000001,0.012598020587893301
786.4,0.012616064933116889
786.5,0.012634015546173922
786.6,0.012651874656417114
786.7,0.012669644446265657
786.8000000000001,0.012687327053011357
786.9,0.012704924570552075
787.0,0.012722439051056158
787.1,0.012739872506561379
787.2,0.012757226910511659
787.3000000000001,0.01277450419923471
787.4,0.012791706273363502
787.5,0.012808834999204393
787.6,0.012825892210054512
787.7,0.01284287970747091
787.8000000000001,0.012859799262493825
787.9,0.012876652616826322
788.0,0.012893441483972376
788.1,0.012910167550335501
788.2,0.01292683247627971
788.3000000000001,0.01294343789715473
788.4,0.012959985424287123
788.5,0.012976476645938961
788.6,0.012992913128235643
788.7,0.013009296416064268
788.8000000000001,0.013025628033944038
788.9,0.013041909486869986
789.0,0.01305814226113131
789.1,0.013074327825105557
789.2,0.013090467630029785
789.3000000000001,0.013106563110749824
789.4,0.013122615686448697
789.5,0.013138626761355198
789.6,0.013154597725433608
789.7,0.013170529955055462
789.8000000000001,0.013186424813654247
789.9,0.013202283652363892
790.0,0.013218107810641847
790.1,0.01323389861687753
790.2,0.013249657388986901
790.3000000000001,0.013265385434993858
790.4,0.01328108405359915
790.5,0.013296754534737481
790.6,0.013312398160123437
790.7,0.013328016203786822
790.8000000000001,0.013343609932598017
790.9,0.013359180606783943
791.0,0.01337472948043512
791.1,0.013390257802004433
791.2,0.01340576681479803
791.3000000000001,0.013421257757458902
791.4,0.013436731864443602
791.5,0.01345219036649256
791.6,0.013467634491094452
791.7,0.013483065462945042
791.8000000000001,0.013498484504400913
791.9,0.013513892835928527
792.0,0.013529291676548937
792.1,0.01354468224427861
792.2,0.013560065756566687
792.3000000000001,0.013575443430729032
792.4,0.013590816484379434
792.5,0.013606186135858315
792.6,0.013621553604659225
792.7,0.013636920111853485
792.8000000000001,0.01365228688051325
792.9,0.013667655136133322
793.0,0.013683026107051948
793.1,0.013698401024870955
793.2,0.013713781124875393
793.3000000000001,0.013729167646453022
793.4,0.01374456183351385
793.5,0.01375996493490992
793.6,0.013775378204855646
793.7,0.013790802903348833
793.8000000000001,0.013806240296592588
793.9,0.013821691657418339
794.0,0.013837158265710036
794.1,0.013852641408829799
794.2,0.01386814238204502
794.3000000000001,0.013883662488957088
794.4,0.013899203041931811
794.5,0.013914765362531563
794.6,0.013930350781949236
794.7,0.013945960641443938
794.8000000000001,0.013961596292778442
794.9,0.013977259098658297
795.0,0.013992950433172504
795.1,0.014008671682235584
795.2,0.014024424244030843
795.3000000000001,0.01404020952945455
795.4,0.014056028962560734
795.5,0.01407188398100617
795.6,0.014087776036495116
795.7,0.014103706595223203
795.8000000000001,0.014119677138319844
795.9,0.014135689162288415
796.0,0.01415174417944327
796.1,0.014167843718342633
796.2,0.014183989324216151
796.3000000000001,0.014200182559385792
796.4,0.01421642500367856
796.5,0.014232718254829265
796.6,0.014249063928871425
796.7,0.014265463660513986
796.8000000000001,0.014281919103501387
796.9,0.014298431930954054
797.0,0.014315003835686098
797.1,0.014331636530496515
797.2,0.014348331748429775
797.3000000000001,0.014365091243001088
797.4,0.014381916788381062
797.5,0.014398810179533794
797.6,0.014415773232301678
797.7,0.014432807783429254
797.8000000000001,0.014449915690517618
797.9,0.014467098831899611
798.0,0.014484359106424902
798.1,0.014501698433142552
798.2,0.014519118750867104
798.3000000000001,0.014536622017612364
798.4,0.014554210209874961
798.5,0.014571885321747401
798.6,0.014589649363837666
798.7,0.014607504361969196
798.8000000000001,0.01462545235563171
798.9,0.014643495396149179
799.0,0.014661635544526633
799.1,0.01467987486893228
799.2,0.01469821544176511
799.3000000000001,0.014716659336251332
799.4,0.014735208622504742
799.5,0.014753865362976815
799.6,0.01477263160721153
799.7,0.014791509385807285
799.8000000000001,0.014810500703473818
799.9,0.014829607531055075
800.0,0.014848831796369193
800.1,0.014868175373693894
800.2,0.01488764007169845
800.3000000000001,0.014907227619592019
800.4,0.014926939651220906
800.5,0.014946777686803749
800.6,0.014966743111942071
800.7,0.014986837153482663
800.8000000000001,0.015007060851736014
800.9,0.01502741502846912
801.0,0.015047900249988483
801.1,0.015068516784506856
801.2,0.015089264552840464
801.3000000000001,0.015110143071307256
801.4,0.015131151385484225
801.5,0.015152287993224961
801.6,0.015173550755027231
801.7,0.0151949367894615
801.8000000000001,0.015216442350909232
801.9,0.01523806268629409
802.0,0.015259791866794685
802.1,0.015281622589672144
802.2,0.015303545944288715
802.3000000000001,0.015325551135084166
802.4,0.015347625152648878
802.5,0.015369752382004758
802.6,0.015391914134672875
802.7,0.01541408808793984
802.8000000000001,0.015436247610771154
802.9,0.015458360950860726
803.0,0.015480390251115748
803.1,0.015502290356188048
803.2,0.01552400736020306
803.3000000000001,0.01554547683538631
803.4,0.015566621667818773
803.5,0.015587349411529245
803.6,0.015607549057117085
803.7,0.01562708710000706
803.8000000000001,0.015645802795096354
803.9,0.015663502517953495
804.0,0.015679953257916338
804.1,0.015694875529358773
804.2,0.015707936580534876
804.3000000000001,0.015718746078817427
804.4,0.015726859258146323
804.5,0.015731798562756836
804.6,0.015733117875073685
804.7,0.015730561537096524
804.8000000000001,0.015724429852333237
804.9,0.015716380648033938
805.0,0.015711086047926103
805.1,0.01571925132100918
805.2,0.015761505946044453
805.3000000000001,0.015868385173397444
805.4,0.01606698026959358
805.5,0.016359077681862576
805.6,0.016719361284382266
805.7,0.017115707524609843
805.8000000000001,0.017522559632098974
805.9,0.01791983427527918
806.0,0.01828683373462833
806.1,0.01859755809841578
806.2,0.018820025011734798
806.3000000000001,0.018919793114482476
806.4,0.018862723153779012
806.5,0.018606967621758733
806.6,0.01808578037657932
806.7,0.017516574928531047
806.8000000000001,0.01801247538126234
806.9,0.018488802489164565
807.0,0.018568832853085804
807.1,0.018249450667619887
807.2,0.017574134860776695
807.3000000000001,0.016650332849310508
807.4,0.01557832199975051
807.5,0.014400039616921462
807.6,0.013111931269156782
807.7,0.012086802432814686
807.8000000000001,0.012115945141804448
807.9,0.012277995369003909
808.0,0.0123570821162431
808.1,0.012394748995288434
808.2,0.012415450742209774
808.3000000000001,0.012429393316730692
808.4,0.012440654041585045
808.5,0.012450845684571946
808.6,0.01246060398874497
808.7,0.012470179106973433
808.8000000000001,0.01247966931171167
808.9,0.01248911311901958
809.0,0.012498525554158446
809.1,0.012507912414881217
809.2,0.012517275876922907
809.3000000000001,0.012526616695412439
809.4,0.01253593506882901
809.5,0.01254523097783703
809.6,0.012554504318084124
809.7,0.01256375495221312
809.8000000000001,0.012572982730219723
809.9,0.012582187497415612
810.0,0.012591369097541629
810.1,0.012600527373984574
810.2,0.012609662170253017
810.3000000000001,0.012618773330163828
810.4,0.012627860697915862
810.5,0.012636924118119711
810.6,0.012645963435810394
810.7,0.012654978496453442
810.8000000000001,0.012663969145948473
810.9,0.012672935230631868
811.0,0.012681876597279111
811.1,0.012690793093107102
811.2,0.012699684565776472
811.3000000000001,0.01270855086339398
811.4,0.012717391834514995
811.5,0.012726207328146043
811.6,0.012734997193747474
811.7,0.01274376128123619
811.8000000000001,0.012752499440988472
811.9,0.0127612115238429
812.0,0.012769897381103349
812.1,0.012778556864542087
812.2,0.012787189826402954
812.3000000000001,0.012795796119404615
812.4,0.012804375596743927
812.5,0.012812928112099357
812.6,0.012821453519634523
812.7,0.012829951674001784
812.8000000000001,0.012838422430345935
812.9,0.012846865644307974
813.0,0.012855281172028957
813.1,0.012863668870153938
813.2,0.012872028595835977
813.3000000000001,0.012880360206740235
813.4,0.012888663561048149
813.5,0.012896938517461676
813.6,0.012905184935207634
813.7,0.012913402674042082
813.8000000000001,0.01292159159425482
813.9,0.012929751556673925
814.0,0.01293788242267037
814.1,0.012945984054162732
814.2,0.012954056313621941
814.3000000000001,0.01296209906407612
814.4,0.012970112169115484
814.5,0.0129780954928973
814.6,0.012986048900150917
814.7,0.012993972256182871
814.8000000000001,0.013001865426882028
814.9,0.013009728278724802
815.0,0.013017560678780439
815.1,0.013025362494716338
815.2,0.01303313359480345
815.3000000000001,0.013040873847921715
815.4,0.013048583123565565
815.5,0.013056261291849459
815.6,0.013063908223513502
815.7,0.013071523789929072
815.8000000000001,0.013079107863104523
815.9,0.013086660315690925
816.0,0.01309418102098782
816.1,0.01310166985294908
816.2,0.01310912668618874
816.3000000000001,0.01311655139598691
816.4,0.013123943858295703
816.5,0.013131303949745203
816.6,0.013138631547649467
816.7,0.01314592653001256
816.8000000000001,0.013153188775534602
816.9,0.013160418163617864
817.0,0.013167614574372863
817.1,0.013174777888624504
817.2,0.013181907987918231
817.3000000000001,0.013189004754526187
817.4,0.013196068071453406
817.5,0.013203097822444007
817.6,0.013210093891987412
817.7,0.013217056165324561
817.8000000000001,0.01322398452845414
817.9,0.013230878868138818
818.0,0.013237739071911477
818.1,0.013244565028081464
818.2,0.013251356625740816
818.3000000000001,0.013258113754770493
818.4,0.01326483630584662
818.5,0.013271524170446688
818.6,0.013278177240855787
818.7,0.013284795410172787
818.8000000000001,0.013291378572316532
818.9,0.013297926622032007
819.0,0.013304439454896481
819.1,0.013310916967325644
819.2,0.013317359056579704
819.3000000000001,0.013323765620769472
819.4,0.013330136558862407
819.5,0.013336471770688646
819.6,0.013342771156946978
819.7,0.01334903461921081
819.8000000000001,0.01335526205993408
819.9,0.013361453382457133
820.0,0.013367608491012548
820.1,0.01337372729073095
820.2,0.013379809687646738
820.3000000000001,0.013385855588703787
820.4,0.013391864901761096
820.5,0.013397837535598374
820.6,0.01340377339992159
820.7,0.013409672405368445
820.8000000000001,0.013415534463513797
820.9,0.013421359486875013
821.0,0.013427147388917274
821.1,0.013432898084058797
821.2,0.013438611487675995
821.3000000000001,0.01344428751610857
821.4,0.013449926086664529
821.5,0.013455527117625118
821.6,0.013461090528249696
821.7,0.013466616238780515
821.8000000000001,0.01347210417044743
821.9,0.013477554245472515
822.0,0.013482966387074585
822.1,0.013488340519473669
822.2,0.01349367656789535
822.3000000000001,0.013498974458575036
822.4,0.013504234118762138
822.5,0.013509455476724129
822.6,0.01351463846175055
822.7,0.013519783004156875
822.8000000000001,0.013524889035288286
822.9,0.013529956487523366
823.0,0.013534985294277649
823.1,0.013539975390007102
823.2,0.013544926710211477
823.3000000000001,0.013549839191437549
823.4,0.013554712771282262
823.5,0.013559547388395736
823.6,0.013564342982484183
823.7,0.01356909949431269
823.8000000000001,0.013573816865707883
823.9,0.01357849503956049
824.0,0.013583133959827754
824.1,0.01358773357153575
824.2,0.01359229382078155
824.3000000000001,0.013596814654735292
824.4,0.013601296021642095
824.5,0.013605737870823854
824.6,0.013610140152680923
824.7,0.013614502818693633
824.8000000000001,0.013618825821423703
824.9,0.013623109114515504
825.0,0.013627352652697197
825.1,0.013631556391781726
825.2,0.01363572028866768
825.3000000000001,0.013639844301340008
825.4,0.013643928388870614
825.5,0.013647972511418773
825.6,0.013651976630231454
825.7,0.013655940707643461
825.8000000000001,0.013659864707077458
825.9,0.013663748593043822
826.0,0.013667592331140375
826.1,0.013671395888051961
826.2,0.013675159231549876
826.3000000000001,0.013678882330491146
826.4,0.013682565154817677
826.5,0.01368620767555521
826.6,0.013689809864812193
826.7,0.013693371695778452
826.8000000000001,0.013696893142723718
826.9,0.013700374180996032
827.0,0.013703814787019965
827.1,0.013707214938294703
827.2,0.013710574613391988
827.3000000000001,0.013713893791953882
827.4,0.013717172454690398
827.5,0.013720410583376967
827.6,0.013723608160851776
827.7,0.013726765171012909
827.8000000000001,0.01372988159881537
827.9,0.013732957430267952
828.0,0.013735992652429918
828.1,0.013738987253407576
828.2,0.013741941222350663
828.3000000000001,0.01374485454944859
828.4,0.013747727225926536
828.5,0.013750559244041375
828.6,0.013753350597077477
828.7,0.013756101279342315
828.8000000000001,0.01375881128616196
828.9,0.013761480613876395
829.0,0.013764109259834685
829.1,0.013766697222389998
829.2,0.013769244500894479
829.3000000000001,0.013771751095693948
829.4,0.013774217008122484
829.5,0.013776642240496816
829.6,0.013779026796110597
829.7,0.013781370679228524
829.8000000000001,0.01378367389508028
829.9,0.013785936449854368
830.0,0.013788158350691757
830.1,0.013790339605679412
830.2,0.013792480223843658
830.3000000000001,0.013794580215143409
830.4,0.013796639590463232
830.5,0.013798658361606283
830.6,0.013800636541287105
830.7,0.01380257414312425
830.8000000000001,0.013804471181632789
830.9,0.013806327672216668
831.0,0.013808143631160908
831.1,0.013809919075623695
831.2,0.013811654023628299
831.3000000000001,0.013813348494054866
831.4,0.013815002506632078
831.5,0.013816616081928657
831.6,0.01381818924134475
831.7,0.01381972200710316
831.8000000000001,0.013821214402240461
831.9,0.01382266645059796
832.0,0.013824078176812526
832.1,0.013825449606307308
832.2,0.013826780765282291
832.3000000000001,0.013828071680704742
832.4,0.013829322380299507
832.5,0.013830532892539195
832.6,0.013831703246634233
832.7,0.01383283347252277
832.8000000000001,0.013833923600860481
832.9,0.013834973663010232
833.0,0.01383598369103162
833.1,0.013836953717670387
833.2,0.013837883776347714
833.3000000000001,0.013838773901149399
833.4,0.013839624126814887
833.5,0.013840434488726206
833.6,0.013841205022896777
833.7,0.013841935765960094
833.8000000000001,0.013842626755158292
833.9,0.013843278028330597
834.0,0.013843889623901652
834.1,0.013844461580869738
834.2,0.01384499393879488
834.3000000000001,0.013845486737786815
834.4,0.013845940018492878
834.5,0.013846353822085742
834.6,0.013846728190251074
834.7,0.013847063165175063
834.8000000000001,0.013847358789531838
834.9,0.013847615106470772
835.0,0.013847832159603685
835.1,0.013848009992991928
835.2,0.013848148651133369
835.3000000000001,0.013848248178949245
835.4,0.013848308621770942
835.5,0.01384833002532663
835.6,0.013848312435727818
835.7,0.01384825589945579
835.8000000000001,0.013848160463347933
835.9,0.013848026174583961
836.0,0.013847853080672034
836.1,0.01384764122943476
836.2,0.013847390668995116
836.3000000000001,0.013847101447762238
836.4,0.013846773614417105
836.5,0.013846407217898146
836.6,0.013846002307386704
836.7,0.013845558932292423
836.8000000000001,0.013845077142238513
836.9,0.01384455698704692
837.0,0.01384399851672337
837.1,0.01384340178144234
837.2,0.013842766831531886
837.3000000000001,0.013842093717458398
837.4,0.013841382489811213
837.5,0.013840633199287144
837.6,0.013839845896674903
837.7,0.013839020632839394
837.8000000000001,0.013838157458705917
837.9,0.013837256425244254
838.0,0.01383631758345263
838.1,0.0138353409843416
838.2,0.013834326678917772
838.3000000000001,0.01383327471816747
838.4,0.013832185153040234
838.5,0.01383105803443223
838.6,0.01382989341316955
838.7,0.01382869133999137
838.8000000000001,0.013827451865533013
838.9,0.013826175040308858
839.0,0.013824860914695166
839.1,0.013823509538912758
839.2,0.013822120963009566
839.3000000000001,0.01382069523684307
839.4,0.013819232410062592
839.5,0.013817732532091462
839.6,0.013816195652109065
839.7,0.013814621819032724
839.8000000000001,0.013813011081499476
839.9,0.01381136348784768
840.0,0.013809679086098503
840.1,0.013807957923937257
840.2,0.013806200048694572
840.3000000000001,0.013804405507327441
840.4,0.013802574346400098
840.5,0.013800706612064737
840.6,0.013798802350042084
840.7,0.013796861605601802
840.8000000000001,0.013794884423542712
840.9,0.013792870848172873
841.0,0.013790820923289464
841.1,0.013788734692158506
841.2,0.013786612197494394
841.3000000000001,0.01378445348143924
841.4,0.013782258585542039
841.5,0.013780027550737628
841.6,0.013777760417325459
841.7,0.013775457224948159
841.8000000000001,0.013773118012569885
841.9,0.013770742818454473
842.0,0.01376833168014335
842.1,0.013765884634433253
842.2,0.013763401717353692
842.3000000000001,0.013760882964144188
842.4,0.013758328409231276
842.5,0.01375573808620525
842.6,0.013753112027796666
842.7,0.013750450265852582
842.8000000000001,0.01374775283131253
842.9,0.013745019754184217
843.0,0.013742251063518939
843.1,0.013739446787386726
843.2,0.01373660695285117
843.3000000000001,0.013733731585943963
843.4,0.013730820711639122
843.5,0.013727874353826889
843.6,0.013724892535287317
843.7,0.0137218752776635
843.8000000000001,0.013718822601434472
843.9,0.013715734525887743
844.0,0.013712611069091473
844.1,0.013709452247866271
844.2,0.01370625807775661
844.3000000000001,0.013703028573001834
844.4,0.013699763746506778
844.5,0.01369646360981195
844.6,0.013693128173063292
844.7,0.013689757444981505
844.8000000000001,0.013686351432830904
844.9,0.013682910142387816
845.0,0.013679433577908488
845.1,0.01367592174209652
845.2,0.013672374636069767
845.3000000000001,0.013668792259326728
845.4,0.013665174609712392
845.5,0.013661521683383547
845.6,0.01365783347477349
845.7,0.013654109976556191
845.8000000000001,0.01365035117960981
845.9,0.013646557072979624
846.0,0.013642727643840315
846.1,0.013638862877457582
846.2,0.0136349627571491
846.3000000000001,0.01363102726424477
846.4,0.013627056378046253
846.5,0.013623050075785766
846.6,0.013619008332584143
846.7,0.013614931121408075
846.8000000000001,0.013610818413026578
846.9,0.013606670175966624
847.0,0.013602486376467906
847.1,0.01359826697843675
847.2,0.013594011943399105
847.3000000000001,0.013589721230452611
847.4,0.013585394796217698
847.5,0.013581032594787703
847.6,0.013576634577677976
847.7,0.013572200693773927
847.8000000000001,0.013567730889278002
847.9,0.013563225107655532
848.0,0.013558683289579453
848.1,0.013554105372873828
848.2,0.013549491292456166
848.3000000000001,0.01354484098027846
848.4,0.013540154365266968
848.5,0.013535431373260623
848.6,0.013530671926948085
848.7,0.013525875945803383
848.8000000000001,0.01352104334602006
848.9,0.013516174040443847
849.0,0.013511267938503761
849.1,0.0135063249461416
849.2,0.013501344965739777
849.3000000000001,0.013496327896047456
849.4,0.013491273632104922
849.5,0.013486182065166113
849.6,0.013481053082619304
849.7,0.013475886567905826
849.8000000000001,0.013470682400436803
849.9,0.013465440455507807
850.0,0.013460160604211388
850.1,0.013454842713347405
850.2,0.013449486645331072
850.3000000000001,0.013444092258098655
850.4,0.013438659405010751
850.5,0.013433187934753045
850.6,0.013427677691234487
850.7,0.013422128513482783
850.8000000000001,0.013416540235537117
850.9,0.013410912686338025
851.0,0.013405245689614272
851.1,0.013399539063766733
851.2,0.013393792621749043
851.3000000000001,0.013388006170945025
851.4,0.013382179513042701
851.5,0.013376312443904817
851.6,0.013370404753435745
851.7,0.013364456225444622
851.8000000000001,0.013358466637504625
851.9,0.013352435760808214
852.0,0.013346363360018208
852.1,0.013340249193114578
852.2,0.01333409301123676
852.3000000000001,0.013327894558521337
852.4,0.013321653571934959
852.5,0.01331536978110226
852.6,0.013309042908128675
852.7,0.013302672667417897
852.8000000000001,0.013296258765483812
852.9,0.0132898009007567
853.0,0.013283298763383494
853.1,0.013276752035021875
853.2,0.013270160388627958
853.3000000000001,0.013263523488237334
853.4,0.013256840988739239
853.5,0.01325011253564354
853.6,0.013243337764840313
853.7,0.013236516302351693
853.8000000000001,0.013229647764075703
853.9,0.013222731755521763
854.0,0.013215767871537538
854.1,0.01320875569602679
854.2,0.013201694801657877
854.3000000000001,0.013194584749562517
854.4,0.013187425089024447
854.5,0.013180215357157538
854.6,0.013172955078572985
854.7,0.01316564376503506
854.8000000000001,0.013158280915105024
854.9,0.013150866013772673
855.0,0.013143398532075
855.1,0.01313587792670146
855.2,0.013128303639585252
855.3000000000001,0.013120675097480031
855.4,0.013112991711521436
855.5,0.013105252876772777
855.6,0.013097457971754193
855.7,0.013089606357954583
855.8000000000001,0.01308169737932553
855.9,0.013073730361756448
856.0,0.01306570461253009
856.1,0.01305761941975761
856.2,0.013049474051792166
856.3000000000001,0.013041267756620178
856.4,0.013032999761229172
856.5,0.013024669270951165
856.6,0.013016275468780472
856.7,0.013007817514664706
856.8000000000001,0.012999294544767774
856.9,0.012990705670703503
857.0,0.012982049978738537
857.1,0.012973326528963032
857.2,0.012964534354427591
857.3000000000001,0.012955672460244818
857.4,0.012946739822653758
857.5,0.012937735388045412
857.6,0.012928658071947399
857.7,0.012919506757965714
857.8000000000001,0.01291028029668146
857.9,0.012900977504500259
858.0,0.01289159716245192
858.1,0.012882138014937856
858.2,0.012872598768423504
858.3000000000001,0.012862978090072903
858.4,0.012853274606322388
858.5,0.012843486901390203
858.6,0.01283361351571858
858.7,0.012823652944344684
858.8000000000001,0.012813603635196572
858.9,0.01280346398731006
859.0,0.012793232348962147
859.1,0.012782907015716417
859.2,0.012772486228375412
859.3000000000001,0.012761968170834841
859.4,0.012751350967833952
859.5,0.012740632682596198
859.6,0.012729811314353823
859.7,0.01271888479574963
859.8000000000001,0.01270785099010872
859.9,0.012696707688572503
860.0,0.01268545260708678
860.1,0.012674083383235122
860.2,0.012662597572908125
860.3000000000001,0.01265099264679856
860.4,0.01263926598671164
860.5,0.012627414881678884
860.6,0.012615436523863363
860.7,0.012603328004242987
860.8000000000001,0.012591086308057782
860.9,0.012578708310005954
861.0,0.012566190769172404
861.1,0.012553530323672246
861.2,0.012540723484990496
861.3000000000001,0.012527766631997735
861.4,0.012514656004620013
861.5,0.012501387697139618
861.6,0.012487957651101556
861.7,0.012474361647798611
861.8000000000001,0.012460595300305851
861.9,0.01244665404503307
862.0,0.012432533132761282
862.1,0.012418227619126703
862.2,0.012403732354512757
862.3000000000001,0.01238904197330752
862.4,0.012374150882480705
862.5,0.01235905324943056
862.6,0.012343742989047155
862.7,0.01232821374993426
862.8000000000001,0.012312458899727452
862.9,0.012296471509441078
863.0,0.012280244336771474
863.1,0.012263769808278075
863.2,0.012247040000357982
863.3000000000001,0.012230046618923057
863.4,0.012212780977681746
863.5,0.01219523397492055
863.6,0.012177396068672483
863.7,0.012159257250151944
863.8000000000001,0.012140807015327364
863.9,0.012122034334494854
864.0,0.012102927619707968
864.1,0.012083474689911108
864.2,0.012063662733617071
864.3000000000001,0.012043478268963455
864.4,0.012022907100978713
864.5,0.012001934275887274
864.6,0.011980544032285725
864.7,0.011958719749029643
864.8000000000001,0.011936443889685856
864.9,0.011913697943429667
865.0,0.011890462362304817
865.1,0.011866716494820077
865.2,0.011842438515936195
865.3000000000001,0.011817605353608911
865.4,0.011792192612207765
865.5,0.011766174493340921
865.6,0.011739523714901416
865.7,0.011712211429534597
865.8000000000001,0.01168420714424287
865.9,0.011655478643535338
866.0,0.011625991919454882
866.1,0.011595711113050864
866.2,0.011564598473515998
866.3000000000001,0.011532614343410201
866.4,0.011499717181339027
866.5,0.011465863637390421
866.6,0.011431008701897007
866.7,0.011395105955131764
866.8000000000001,0.011358107954963123
866.9,0.01131996681208628
867.0,0.011280635019256077
867.1,0.01124006662332452
867.2,0.011198218858541598
867.3000000000001,0.011155054398591754
867.4,0.011110544435583366
867.5,0.011064672859065722
867.6,0.011017441888801894
867.7,0.010968879610957286
867.8000000000001,0.010919049972891375
867.9,0.010868065890575342
868.0,0.010816106178525403
868.1,0.010763436953895391
868.2,0.010710437867218854
868.3000000000001,0.010657632767499687
868.4,0.010605722929526589
868.5,0.01055561843425312
868.6,0.010508459535450322
868.7,0.01046561529453011
868.8000000000001,0.010428643109288338
868.9,0.010399193474423519
869.0,0.010378853938629369
869.1,0.010368947093041361
869.2,0.01037032433778854
869.3000000000001,0.01038321519072186
869.4,0.010407184246422283
869.5,0.01044121183727406
869.6,0.010483868832816788
869.7,0.010533527701408465
869.8000000000001,0.01058855355046004
869.9,0.010647441663793849
870.0,0.010708894302573137
870.1,0.010771847027523544
870.2,0.010835461205247764
870.3000000000001,0.010899098231635238
870.4,0.010962286773525013
870.5,0.01102468990830795
870.6,0.011086075650573806
870.7,0.011146292174747555
870.8000000000001,0.011205247825765926
870.9,0.0112628954312777
871.0,0.011319220223299948
871.1,0.011374230665869177
871.2,0.01142795156083428
871.3000000000001,0.011480418908164678
871.4,0.011531676101243324
871.5,0.011581771129401097
871.6,0.011630754535819415
871.7,0.01167867793930489
871.8000000000001,0.011725592975358027
871.9,0.011771550547860634
872.0,0.011816600309903846
872.1,0.011860790312744602
872.2,0.011904166777210292
872.3000000000001,0.011946773953321756
872.4,0.011988654042434868
872.5,0.012029847162538828
872.6,0.012070391342041645
872.7,0.012110322530826964
872.8000000000001,0.012149674619883486
872.9,0.012188479462609777
873.0,0.01222676689214551
873.1,0.012264564729890005
873.2,0.012301898780820672
873.3000000000001,0.012338792811369518
873.4,0.012375268505483867
873.5,0.012411345394096402
873.6,0.01244704075254902
873.7,0.01248236945952477
873.8000000000001,0.012517343809691222
873.9,0.01255197327047053
874.0,0.012586264171019605
874.1,0.012620219308482129
874.2,0.01265383745266758
874.3000000000001,0.012687112725260697
874.4,0.012720033823124982
874.5,0.012752583046786984
874.6,0.012784735084194676
874.7,0.012816455485600188
874.8000000000001,0.012847698747034236
874.9,0.012878405896312206
875.0,0.012908501445893127
875.1,0.012937889540777002
875.2,0.012966449088201385
875.3000000000001,0.012994027614707682
875.4,0.013020433571046961
875.5,0.013045426836349766
875.6,0.013068707355730931
875.7,0.013089902405285177
875.8000000000001,0.01310855444481881
875.9,0.013124115147824756
876.0,0.013135960009474977
876.1,0.013143459265658778
876.2,0.013146192505796383
876.3000000000001,0.013144517637407623
876.4,0.013140979909628097
876.5,0.01314352192410997
876.6,0.013171464101884174
876.7,0.013260933455969143
876.8000000000001,0.01345351430185485
876.9,0.013759932184178978
877.0,0.01414722235901489
877.1,0.014570855077699308
877.2,0.014996280295651497
877.3000000000001,0.015394759387650513
877.4,0.01573410151835248
877.5,0.01597618145167493
877.6,0.01608319548441877
877.7,0.01602386525506535
877.8000000000001,0.015763608490024738
877.9,0.0152399642050453
878.0,0.014701898288474824
878.1,0.015213170623231655
878.2,0.015617259236952999
878.3000000000001,0.01562014089159062
878.4,0.015222109450426381
878.5,0.014493272784377273
878.6,0.013573137630616947
878.7,0.012601079439449525
878.8000000000001,0.011732947901763536
878.9,0.011174169959454526
879.0,0.01096251170735374
879.1,0.010927757271283377
879.2,0.010954435507024357
879.3000000000001,0.01100133465352188
879.4,0.011054660544534264
879.5,0.011109507014134677
879.6,0.011164061294589899
879.7,0.01121765032613439
879.8000000000001,0.011270034637943299
879.9,0.011321144239131496
880.0,0.011370977688195408
880.1,0.011419562514773707
880.2,0.011466939043963007
880.3000000000001,0.011513153342601922
880.4,0.011558253858495427
880.5,0.011602289651659218
880.6,0.011645309377711731
880.7,0.011687360668408418
880.8000000000001,0.01172848974591237
880.9,0.011768741186827317
881.0,0.01180815778755354
881.1,0.011846780500167119
881.2,0.01188464841786575
881.3000000000001,0.011921798795129094
881.4,0.011958267091836656
881.5,0.011994087033474004
881.6,0.012029290681653985
881.7,0.01206390851072481
881.8000000000001,0.012097969487385027
881.9,0.012131501151081806
882.0,0.012164529693608218
882.1,0.012197080036792015
882.2,0.012229175907523222
882.3000000000001,0.012260839909630722
882.4,0.012292093592311697
882.5,0.012322957514959078
882.6,0.012353451308334203
882.7,0.012383593732103949
882.8000000000001,0.012413402728811486
882.9,0.01244289547438262
883.0,0.01247208842528987
883.1,0.012500997362506995
883.2,0.01252963743239012
883.3000000000001,0.012558023184619503
883.4,0.0125861686073298
883.5,0.012614087159547305
883.6,0.012641791801040749
883.7,0.012669295019678083
883.8000000000001,0.012696608856366061
883.9,0.012723744927631678
884.0,0.012750714445885396
884.1,0.01277752823738499
884.2,0.012804196757895603
884.3000000000001,0.012830730106016104
884.4,0.012857138034113407
884.5,0.012883429956774429
884.6,0.012909614956649421
884.7,0.012935701787519169
884.8000000000001,0.012961698874371277
884.9,0.01298761431021594
885.0,0.013013455849307494
885.1,0.01303923089636293
885.2,0.01306494649127948
885.3000000000001,0.013090609288747706
885.4,0.013116225532030193
885.5,0.01314180102002408
885.6,0.013167341066542777
885.7,0.013192850450530327
885.8000000000001,0.013218333355652041
885.9,0.013243793297375473
886.0,0.013269233035251205
886.1,0.01329465446760496
886.2,0.013320058505236423
886.3000000000001,0.013345444919955289
886.4,0.013370812162831536
886.5,0.013396157145843237
886.6,0.013421474979105322
886.7,0.013446758653970076
886.8000000000001,0.013471998659893392
886.9,0.013497182519914075
887.0,0.013522294225708047
887.1,0.013547313548210076
887.2,0.013572215193426917
887.3000000000001,0.013596967764895428
887.4,0.013621532483764864
887.5,0.013645861604099092
887.6,0.01366989644402162
887.7,0.013693564932110283
887.8000000000001,0.01371677854263174
887.9,0.013739428463366078
888.0,0.01376138080887112
888.1,0.013782470668635593
888.2,0.0138024947849332
888.3000000000001,0.013821202739049169
888.4,0.013838286800503006
888.5,0.013853371320081534
888.6,0.01386600431379728
888.7,0.013875658054475491
888.8000000000001,0.013881755250200242
888.9,0.013883760257659241
889.0,0.013881428219424475
889.1,0.013875426878042524
889.2,0.013868798597944092
889.3000000000001,0.01387009542907923
889.4,0.013898694929336325
889.5,0.013988337554677861
889.6,0.014174764021689221
889.7,0.014464792395434696
889.8000000000001,0.014828511183991363
889.9,0.015226921699883392
890.0,0.015629854260175127
890.1,0.016012835553396804
890.2,0.016348955395784806
890.3000000000001,0.016605190561411236
890.4,0.016745807740571723
890.5,0.016738485162830573
890.6,0.016550779756743395
890.7,0.01612875293544524
890.8000000000001,0.015501307984887493
890.9,0.015739759381373366
891.0,0.01624992898902027
891.1,0.01638762136829579
891.2,0.016138079404095153
891.3000000000001,0.015536684178392515
891.4,0.014696007720480013
891.5,0.013742861311777658
891.6,0.012781224316045265
891.7,0.011934125591922178
891.8000000000001,0.011371326891144057
891.9,0.01113473538462558
892.0,0.011080772200773465
892.1,0.01109564736105489
892.2,0.011134069610218199
892.3000000000001,0.01118016536286895
892.4,0.01122826200317954
892.5,0.011276298455846736
892.6,0.011323535892116226
892.7,0.011369727927073199
892.8000000000001,0.011414812867783177
892.9,0.011458798272046652
893.0,0.011501717276747427
893.1,0.01154361190382369
893.2,0.011584526580454422
893.3000000000001,0.011624505569709748
893.4,0.011663591927218503
893.5,0.01170182707306558
893.6,0.011739250624908843
893.7,0.01177590035040442
893.8000000000001,0.011811812179027582
893.9,0.011847020245926959
894.0,0.011881556953974845
894.1,0.01191545304621831
894.2,0.01194873768391892
894.3000000000001,0.011981438527020124
894.4,0.01201358181489673
894.5,0.012045192445916224
894.6,0.012076294054813783
894.7,0.012106909087221817
894.8000000000001,0.012137058870941093
894.9,0.012166763683720015
895.0,0.012196042817438652
895.1,0.012224914638687759
895.2,0.012253396645799108
895.3000000000001,0.012281505522429246
895.4,0.012309257187829261
895.5,0.012336666843952397
895.6,0.012363749019562132
895.7,0.01239051761150812
895.8000000000001,0.012416985923337745
895.9,0.012443166701408147
896.0,0.012469072168658698
896.1,0.012494714056197368
896.2,0.012520103632847123
896.3000000000001,0.01254525173279056
896.4,0.012570168781442884
896.5,0.012594864819675198
896.6,0.012619349526501997
896.7,0.012643632240339018
896.8000000000001,0.012667721978930074
896.9,0.012691627458034286
897.0,0.012715357108958403
897.1,0.01273891909501236
897.2,0.012762321326960181
897.3000000000001,0.01278557147753259
897.4,0.012808676995062261
897.5,0.012831645116297538
897.6,0.012854482878445692
897.7,0.01287719713049211
897.8000000000001,0.012899794543837627
897.9,0.012922281622291962
898.0,0.012944664711457355
898.1,0.012966950007532653
898.2,0.012989143565564397
898.3000000000001,0.013011251307167834
898.4,0.013033279027737233
898.5,0.013055232403161202
898.6,0.013077116996055273
898.7,0.013098938261520072
898.8000000000001,0.01312070155242982
898.9,0.013142412124251731
899.0,0.013164075139392734
899.1,0.013185695671065378
899.2,0.013207278706659848
899.3000000000001,0.013228829150603713
899.4,0.013250351826685004
899.5,0.013271851479807736
899.6,0.013293332777141526
899.7,0.013314800308618611
899.8000000000001,0.013336258586722148
899.9,0.013357712045498826
900.0,0.013379165038716397
900.1,0.013400621837072526
900.2,0.013422086624344678
900.3000000000001,0.01344356349235171
900.4,0.013465056434575342
900.5,0.01348656933826363
900.6,0.013508105974807833
900.7,0.013529669988148012
900.8000000000001,0.013551264880920223
900.9,0.013572893998007738
901.0,0.013594560507099179
901.1,0.013616267375785295
901.2,0.013638017344641427
901.3000000000001,0.013659812895641301
901.4,0.013681656215126022
901.5,0.013703549150405562
901.6,0.013725493158893128
901.7,0.01374748924845817
901.8000000000001,0.013769537907423357
901.9,0.013791639022312795
902.0,0.013813791781070029
902.1,0.013835994558986786
902.2,0.013858244783995218
902.3000000000001,0.013880538777249119
902.4,0.013902871564017316
902.5,0.013925236648789035
902.6,0.01394762574708772
902.7,0.013970028464730647
902.8000000000001,0.013992431913060113
902.9,0.014014820245883457
903.0,0.014037174100335429
903.1,0.014059469919416456
903.2,0.0140816791283129
903.3000000000001,0.01410376712946239
903.4,0.014125692072325648
903.5,0.014147403342567097
903.6,0.014168839701458354
903.7,0.014189926989609906
903.8000000000001,0.014210575289943453
903.9,0.01423067542475785
904.0,0.014250094645317554
904.1,0.014268671370390763
904.2,0.014286208866888693
904.3000000000001,0.014302467894553137
904.4,0.01431715867367081
904.5,0.014329933333673047
904.6,0.014340381819828241
904.7,0.014348038319864599
904.8000000000001,0.014352414424292413
904.9,0.014353095767853947
905.0,0.014349984707805085
905.1,0.014343870509910343
905.2,0.014337699415225828
905.3000000000001,0.01433915726202462
905.4,0.014364840512844534
905.5,0.014443021820437925
905.6,0.014604841462041787
905.7,0.014860398887866314
905.8000000000001,0.015188424037885048
905.9,0.015555667775029007
906.0,0.015934692642130002
906.1,0.01630438956485481
906.2,0.016643489312620094
906.3000000000001,0.016925616679724396
906.4,0.01711919071724448
906.5,0.017191900832286108
906.6,0.017113161647465486
906.7,0.016843761161354026
906.8000000000001,0.016323142617706895
906.9,0.015926889522612175
907.0,0.016463514140577513
907.1,0.016819680405254993
907.2,0.016808749265084168
907.3000000000001,0.016433320661362577
907.4,0.015752740379956116
907.5,0.014878284071854004
907.6,0.013902507197997552
907.7,0.01287287775798551
907.8000000000001,0.011810019919143273
907.9,0.01079219040808301
908.0,0.0101900119143653
908.1,0.010084712845100596
908.2,0.010079534107553948
908.3000000000001,0.01007190670109874
908.4,0.010063386094853941
908.5,0.010060946862958676
908.6,0.010068017966147634
908.7,0.01008557764142765
908.8000000000001,0.010113247028763577
908.9,0.01014990129069321
909.0,0.010194043728237442
909.1,0.010244065888049231
909.2,0.010298426297650954
909.3000000000001,0.010355757420882402
909.4,0.010414913445192324
909.5,0.010474976210331955
909.6,0.01053523638786366
909.7,0.010595163270633581
909.8000000000001,0.010654371891900367
909.9,0.010712592285441655
910.0,0.010769643009388413
910.1,0.010825409461740352
910.2,0.010879826697412226
910.3000000000001,0.01093286611654399
910.4,0.010984525315452374
910.5,0.011034820439224479
910.6,0.011083780471598654
910.7,0.011131443003829984
910.8000000000001,0.01117785112166405
910.9,0.011223051131837376
911.0,0.011267090915830339
911.1,0.01131001875050443
911.2,0.011351882475148345
911.3000000000001,0.011392728914754494
911.4,0.011432603492181498
911.5,0.011471549978984884
911.6,0.011509610347507243
911.7,0.011546824696384439
911.8000000000001,0.011583231228762966
911.9,0.011618866267850862
912.0,0.011653764298401257
912.1,0.011687958025697658
912.2,0.011721478445828966
912.3000000000001,0.011754354922700777
912.4,0.011786615268468826
912.5,0.011818285825006514
912.6,0.011849391544709419
912.7,0.011879956069454582
912.8000000000001,0.01191000180691496
912.9,0.011939550003712588
913.0,0.011968620815102436
913.1,0.011997233371031368
913.2,0.012025405838526534
913.3000000000001,0.01205315548044622
913.4,0.01208049871068079
913.5,0.012107451145928495
913.6,0.012134027654194888
913.7,0.012160242400178718
913.8000000000001,0.012186108887714325
913.9,0.012211639999442468
914.0,0.012236848033879737
914.1,0.012261744740052413
914.2,0.01228634134985447
914.3000000000001,0.012310648608282336
914.4,0.012334676801691048
914.5,0.012358435784208317
914.6,0.012381935002434763
914.7,0.012405183518550356
914.8000000000001,0.012428190031939223
914.9,0.012450962899437304
915.0,0.012473510154300043
915.1,0.01249583952398048
915.2,0.012517958446801501
915.3000000000001,0.012539874087600034
915.4,0.012561593352415223
915.5,0.012583122902287325
915.6,0.012604469166229185
915.7,0.01262563835342752
915.8000000000001,0.012646636464727053
915.9,0.012667469303446635
916.0,0.01268814248557276
916.1,0.01270866144937272
916.2,0.012729031464466346
916.3000000000001,0.012749257640392597
916.4,0.012769344934704501
916.5,0.012789298160623604
916.6,0.012809121994282791
916.7,0.012828820981584277
916.8000000000001,0.012848399544697665
916.9,0.0128678619882212
917.0,0.01288721250502769
917.1,0.012906455181815098
917.2,0.012925594004380368
917.3000000000001,0.012944632862633804
917.4,0.012963575555370088
917.5,0.012982425794810928
917.6,0.013001187210933332
917.7,0.0130198633555965
917.8000000000001,0.013038457706479477
917.9,0.013056973670840903
918.0,0.01307541458911137
918.1,0.013093783738328294
918.2,0.013112084335422408
918.3000000000001,0.013130319540364489
918.4,0.013148492459180277
918.5,0.013166606146841016
918.6,0.013184663610036578
918.7,0.013202667809837554
918.8000000000001,0.013220621664252368
918.9,0.013238528050684909
919.0,0.013256389808297877
919.1,0.013274209740286577
919.2,0.013291990616067527
919.3000000000001,0.013309735173385918
919.4,0.013327446120345572
919.5,0.013345126137364705
919.6,0.013362777879060499
919.7,0.013380403976065098
919.8000000000001,0.01339800703677533
919.9,0.013415589649038141
920.0,0.013433154381773333
920.1,0.013450703786534906
920.2,0.013468240399011873
920.3000000000001,0.013485766740469106
920.4,0.01350328531912831
920.5,0.01352079863148884
920.6,0.01353830916358764
920.7,0.013555819392197029
920.8000000000001,0.01357333178595859
920.9,0.013590848806450893
921.0,0.013608372909187998
921.1,0.013625906544545239
921.2,0.013643452158607785
921.3000000000001,0.013661012193936825
921.4,0.013678589090247176
921.5,0.01369618528498913
921.6,0.01371380321382619
921.7,0.01373144531099895
921.8000000000001,0.013749114009564033
921.9,0.013766811741495195
922.0,0.013784540937631934
922.1,0.013802304027458715
922.2,0.013820103438695552
922.3000000000001,0.013837941596677884
922.4,0.013855820923500553
922.5,0.0138737438368971
922.6,0.013891712748821452
922.7,0.013909730063694347
922.8000000000001,0.013927798176271487
922.9,0.013945919469084078
923.0,0.013964096309395315
923.1,0.013982331045608042
923.2,0.014000626003049242
923.3000000000001,0.01401898347904588
923.4,0.014037405737193765
923.5,0.014055895000706094
923.6,0.014074453444710852
923.7,0.014093083187345852
923.8000000000001,0.014111786279476355
923.9,0.014130564692832194
924.0,0.014149420306328415
924.1,0.01416835489029479
924.2,0.014187370088293717
924.3000000000001,0.014206467396151957
924.4,0.01422564813776742
924.5,0.014244913437175816
924.6,0.014264264186270944
924.7,0.014283701007463349
924.8000000000001,0.014303224210431606
924.9,0.014322833741963316
925.0,0.014342529127693491
925.1,0.014362309404318936
925.2,0.014382173040589105
925.3000000000001,0.014402117845035653
925.4,0.014422140857989789
925.5,0.014442238224930511
925.6,0.014462405047585293
925.7,0.014482635208438491
925.8000000000001,0.014502921163355526
925.9,0.014523253695856188
926.0,0.014543621625109627
926.1,0.014564011457902438
926.2,0.014584406972556013
926.3000000000001,0.014604788719922334
926.4,0.014625133423023011
926.5,0.014645413252436222
926.6,0.014665594948970278
926.7,0.014685638758254065
926.8000000000001,0.014705497133386716
926.9,0.014725113151543373
927.0,0.014744418578448134
927.1,0.014763331501398826
927.2,0.014781753438636592
927.3000000000001,0.014799565824164746
927.4,0.014816625771284626
927.5,0.014832761053680152
927.6,0.014847764348932705
927.7,0.014861387047886051
927.8000000000001,0.0148733335170144
927.9,0.014883257976808506
928.0,0.014890768915262297
928.1,0.014895451900350012
928.2,0.014896934500068145
928.3000000000001,0.01489504467948174
928.4,0.014890172261058644
928.5,0.014884056395889935
928.6,0.014881392703617912
928.7,0.014892667776899968
928.8000000000001,0.014937435341912149
928.9,0.015042960633532276
929.0,0.01523037762009067
929.1,0.015496702136026637
929.2,0.015817565940017996
929.3000000000001,0.016165554501671807
929.4,0.016519473911687683
929.5,0.0168620392661498
929.6,0.01717450456884827
929.7,0.017433085274774295
929.8000000000001,0.017609153141212554
929.9,0.017672756590734185
930.0,0.01759403120435176
930.1,0.017333583000450684
930.2,0.016833764091563726
930.3000000000001,0.01646699647454308
930.4,0.016985066368091706
930.5,0.017333885004033087
930.6,0.01733533377163843
930.7,0.016991464163031666
930.8000000000001,0.016352683890174274
930.9,0.015516275535714651
931.0,0.014559348656916084
931.1,0.01350417455812929
931.2,0.012379571547359542
931.3000000000001,0.011834435394904577
931.4,0.011970516483469888
931.5,0.012072567811997705
931.6,0.012115193105689757
931.7,0.012131368568457094
931.8000000000001,0.012136778306281421
931.9,0.012137861227239536
932.0,0.012137197493148125
932.1,0.012135814348936983
932.2,0.012134119616141553
932.3000000000001,0.012132274800066923
932.4,0.012130343596198991
932.5,0.01212835089240689
932.6,0.012126306186362554
932.7,0.012124212872599502
932.8000000000001,0.012122071923176063
932.9,0.012119883345428727
933.0,0.012117646758892158
933.1,0.012115361623391394
933.2,0.012113027329069045
933.3000000000001,0.01211064323179554
933.4,0.012108208666982727
933.5,0.012105722954859257
933.6,0.012103185402368722
933.7,0.012100595303728909
933.8000000000001,0.012097951940456661
933.9,0.012095254581175465
934.0,0.012092502481330567
934.1,0.012089694882860505
934.2,0.01208683101384401
934.3000000000001,0.012083910088129445
934.4,0.012080931304949282
934.5,0.012077893848520245
934.6,0.012074796887629012
934.7,0.012071639575203111
934.8000000000001,0.012068421047866384
934.9,0.012065140425478463
935.0,0.012061796810657548
935.1,0.012058389288285775
935.2,0.012054916924996441
935.3000000000001,0.012051378768642257
935.4,0.012047773847743831
935.5,0.012044101170917478
935.6,0.01204035972628146
935.7,0.012036548480839666
935.8000000000001,0.012032666379841715
935.9,0.012028712346118423
936.0,0.012024685279391477
936.1,0.012020584055556175
936.2,0.012016407525935899
936.3000000000001,0.01201215451650707
936.4,0.012007823827093173
936.5,0.012003414230526333
936.6,0.011998924471774983
936.7,0.011994353267035874
936.8000000000001,0.011989699302788795
936.9,0.011984961234812113
937.0,0.011980137687157218
937.1,0.011975227251079853
937.2,0.011970228483926119
937.3000000000001,0.011965139907970924
937.4,0.011959960009206409
937.5,0.011954687236077814
937.6,0.011949319998164063
937.7,0.01194385666480019
937.8000000000001,0.011938295563638538
937.9,0.01193263497914553
938.0,0.011926873151030512
938.1,0.011921008272603114
938.2,0.011915038489055141
938.3000000000001,0.011908961895662974
938.4,0.011902776535906025
938.5,0.01189648039949665
938.6,0.011890071420316516
938.7,0.011883547474254158
938.8000000000001,0.011876906376938114
938.9,0.011870145881359642
939.0,0.0118632636753786
939.1,0.01185625737910573
939.2,0.011849124542154024
939.3000000000001,0.011841862640751419
939.4,0.011834469074706528
939.5,0.011826941164218544
939.6,0.011819276146521814
939.7,0.011811471172354959
939.8000000000001,0.011803523302243655
939.9,0.011795429502585468
940.0,0.01178718664152425
940.1,0.011778791484600783
940.2,0.011770240690165284
940.3000000000001,0.01176153080453643
940.4,0.011752658256890395
940.5,0.011743619353862164
940.6,0.01173441027384006
940.7,0.01172502706093304
940.8000000000001,0.011715465618588673
940.9,0.011705721702838167
941.0,0.011695790915142893
941.1,0.011685668694814941
941.2,0.011675350310982132
941.3000000000001,0.011664830854065585
941.4,0.011654105226735498
941.5,0.011643168134308057
941.6,0.011632014074543572
941.7,0.0116206373268027
941.8000000000001,0.011609031940514339
941.9,0.011597191722905024
942.0,0.011585110225935806
942.1,0.011572780732388335
942.2,0.011560196241037315
942.3000000000001,0.01154734945084164
942.4,0.011534232744081385
942.5,0.011520838168362206
942.6,0.011507157417402972
942.7,0.011493181810516168
942.8000000000001,0.011478902270684304
942.9,0.011464309301128787
943.0,0.011449392960260978
943.1,0.01143414283489824
943.2,0.011418548011621062
943.3000000000001,0.011402597046140911
943.4,0.011386277930542655
943.5,0.011369578058260636
943.6,0.01135248418664418
943.7,0.011334982396967418
943.8000000000001,0.011317058051740408
943.9,0.011298695749185276
944.0,0.01127987927475371
944.1,0.011260591549583194
944.2,0.01124081457582122
944.3000000000001,0.011220529378793706
944.4,0.011199715946060241
944.5,0.011178353163491686
944.6,0.011156418748633134
944.7,0.011133889181788854
944.8000000000001,0.011110739635500542
944.9,0.011086943903405474
945.0,0.011062474329883568
945.1,0.01103730174246643
945.2,0.011011395389733575
945.3000000000001,0.010984722888422945
945.4,0.010957250184816834
945.5,0.010928941537240467
945.6,0.010899759528875936
945.7,0.01086966512324577
945.8000000000001,0.010838617778921466
945.9,0.010806575645614118
946.0,0.01077349587127462
946.1,0.010739335059788644
946.2,0.010704049932109425
946.3000000000001,0.010667598261281308
946.4,0.010629940175104768
946.5,0.010591039950819042
946.6,0.010550868466038442
946.7,0.01050940652127208
946.8000000000001,0.010466649313322815
946.9,0.010422612415987817
947.0,0.010377339711733003
947.1,0.010330913805349807
947.2,0.010283469514555936
947.3000000000001,0.010235211025712712
947.4,0.010186433138744563
947.5,0.010137546559739691
947.6,0.010089106218052696
947.7,0.010041839820632299
947.8000000000001,0.009996671093778246
947.9,0.009954728501307077
948.0,0.009917326563282916
948.1,0.00988590546757255
948.2,0.009861919036840269
948.3000000000001,0.009846674518049171
948.4,0.009841149136954878
948.5,0.009845829044100635
948.6,0.00986062154161997
948.7,0.009884871852873737
948.8000000000001,0.009917478327254002
948.9,0.009957066177088598
949.0,0.010002167981427638
949.1,0.010051370721591648
949.2,0.010103411491629768
949.3000000000001,0.010157223584913628
949.4,0.010211945114661388
949.5,0.010266904496466863
949.6,0.010321594664677655
949.7,0.010375644054824152
949.8000000000001,0.010428788945410609
949.9,0.01048084930396693
950.0,0.010531708785368209
950.1,0.010581298733771182
950.2,0.010629585686328047
950.3000000000001,0.010676561773960083
950.4,0.010722237437073406
950.5,0.010766635949454673
950.6,0.01080978933304205
950.7,0.010851735331386378
950.8000000000001,0.01089251518306076
950.9,0.010932171996342001
951.0,0.010970749574047726
951.1,0.011008291574306222
951.2,0.011044840921275346
951.3000000000001,0.011080439401255195
951.4,0.011115127395809101
951.5,0.011148943715667948
951.6,0.011181925508319882
951.7,0.011214108219031878
951.8000000000001,0.01124552559018072
951.9,0.0112762096876184
952.0,0.011306190945682932
952.1,0.011335498224631447
952.2,0.01136415887589835
952.3000000000001,0.011392198811802198
952.4,0.011419642577241467
952.5,0.011446513421607005
952.6,0.011472833369654229
952.7,0.011498623290463398
952.8000000000001,0.011523902963903584
952.9,0.011548691144229233
953.0,0.011573005620595513
953.1,0.011596863274393935
953.2,0.01162028013339296
953.3000000000001,0.011643271422727764
953.4,0.01166585161282469
953.5,0.0116880344643737
953.6,0.01170983307048005
953.7,0.011731259896136607
953.8000000000001,0.011752326815163189
953.9,0.011773045144760096
954.0,0.011793425677821052
954.1,0.011813478713146813
954.2,0.011833214083695334
954.3000000000001,0.011852641182998246
954.4,0.01187176898986672
954.5,0.011890606091502796
954.6,0.01190916070512542
954.7,0.011927440698213387
954.8000000000001,0.011945453607460889
954.9,0.011963206656534778
955.0,0.011980706772716612
955.1,0.011997960602506743
955.2,0.012014974526262191
955.3000000000001,0.01203175467193493
955.4,0.012048306927972438
955.5,0.012064636955437837
955.6,0.012080750199402796
955.7,0.012096651899662525
955.8000000000001,0.012112347100818514
955.9,0.012127840661771456
956.0,0.012143137264663576
956.1,0.012158241423306865
956.2,0.012173157491130968
956.3000000000001,0.01218788966868211
956.4,0.012202442010702147
956.5,0.01221681843281476
956.6,0.012231022717843923
956.7,0.012245058521787885
956.8000000000001,0.01225892937947042
956.9,0.012272638709889433
957.0,0.012286189821281698
957.1,0.012299585915921195
957.2,0.012312830094667234
957.3000000000001,0.012325925361277563
957.4,0.012338874626500539
957.5,0.012351680711959521
957.6,0.012364346353841767
957.7,0.012376874206403262
957.8000000000001,0.012389266845300236
957.9,0.0124015267707573
958.0,0.012413656410581581
958.1,0.012425658123031617
958.2,0.012437534199549138
958.3000000000001,0.012449286867361428
958.4,0.012460918291961436
958.5,0.012472430579472343
958.6,0.012483825778902903
958.7,0.012495105884299449
958.8000000000001,0.012506272836800138
958.9,0.012517328526596629
959.0,0.012528274794808053
959.1,0.012539113435271977
959.2,0.01254984619625654
959.3000000000001,0.012560474782097967
959.4,0.012571000854767181
959.5,0.012581426035369197
959.6,0.012591751905578642
959.7,0.01260198000901462
959.8000000000001,0.012612111852557938
959.9,0.012622148907613536
960.0,0.012632092611320802
960.1,0.012641944367714321
960.2,0.01265170554883743
960.3000000000001,0.012661377495810852
960.4,0.012670961519858557
960.5,0.012680458903292842
960.6,0.012689870900460582
960.7,0.012699198738652415
960.8000000000001,0.01270844361897663
960.9,0.012717606717199311
961.0,0.012726689184552342
961.1,0.012735692148510695
961.2,0.012744616713540375
961.3000000000001,0.012753463961818355
961.4,0.012762234953925736
961.5,0.012770930729515299
961.6,0.012779552307954592
961.7,0.01278810068894561
961.8000000000001,0.01279657685312206
961.9,0.012804981762625187
962.0,0.012813316361659105
962.1,0.012821581577026436
962.2,0.012829778318645147
962.3000000000001,0.012837907480047341
962.4,0.01284596993886076
962.5,0.012853966557273706
962.6,0.012861898182484082
962.7,0.012869765647133184
962.8000000000001,0.012877569769724857
962.9,0.01288531135503063
963.0,0.01289299119448136
963.1,0.012900610066545956
963.2,0.012908168737097677
963.3000000000001,0.01291566795976848
963.4,0.012923108476291918
963.5,0.012930491016835015
963.6,0.012937816300319536
963.7,0.01294508503473309
963.8000000000001,0.01295229791743043
963.9,0.012959455635425323
964.0,0.012966558865673368
964.1,0.012973608275346089
964.2,0.01298060452209663
964.3000000000001,0.012987548254317364
964.4,0.012994440111389739
964.5,0.013001280723926601
964.6,0.013008070714007327
964.7,0.013014810695405988
964.8000000000001,0.013021501273812807
964.9,0.013028143047049183
965.0,0.013034736605276449
965.1,0.013041282531198684
965.2,0.013047781400259686
965.3000000000001,0.013054233780834394
965.4,0.013060640234414927
965.5,0.013067001315791417
965.6,0.013073317573227845
965.7,0.013079589548633041
965.8000000000001,0.013085817777727014
965.9,0.013092002790202789
966.0,0.013098145109883873
966.1,0.013104245254877571
966.2,0.013110303737724205
966.3000000000001,0.013116321065542436
966.4,0.013122297740170819
966.5,0.013128234258305687
966.6,0.013134131111635536
966.7,0.01313998878697197
966.8000000000001,0.01314580776637739
966.9,0.013151588527289475
967.0,0.01315733154264261
967.1,0.01316303728098633
967.2,0.013168706206600917
967.3000000000001,0.013174338779610193
967.4,0.013179935456091661
967.5,0.013185496688184025
967.6,0.013191022924192244
967.7,0.013196514608690129
967.8000000000001,0.013201972182620621
967.9,0.0132073960833938
968.0,0.013212786744982698
968.1,0.01321814459801702
968.2,0.013223470069874805
968.3000000000001,0.013228763584772105
968.4,0.013234025563850772
968.5,0.013239256425264386
968.6,0.013244456584262406
968.7,0.013249626453272594
968.8000000000001,0.013254766441981763
968.9,0.01325987695741494
969.0,0.013264958404012928
969.1,0.013270011183708418
969.2,0.01327503569600061
969.3000000000001,0.013280032338028441
969.4,0.013285001504642463
969.5,0.013289943588475404
969.6,0.013294858980011474
969.7,0.01329974806765445
969.8000000000001,0.013304611237794571
969.9,0.013309448874874326
970.0,0.013314261361453103
970.1,0.013319049078270835
970.2,0.013323812404310586
970.3000000000001,0.013328551716860178
970.4,0.013333267391572855
970.5,0.01333795980252706
970.6,0.013342629322285323
970.7,0.013347276321952308
970.8000000000001,0.013351901171232047
970.9,0.013356504238484408
971.0,0.013361085890780793
971.1,0.013365646493959153
971.2,0.013370186412678283
971.3000000000001,0.01337470601047147
971.4,0.013379205649799514
971.5,0.013383685692103143
971.6,0.013388146497854848
971.7,0.013392588426610173
971.8000000000001,0.01339701183705847
971.9,0.013401417087073172
972.0,0.013405804533761565
972.1,0.013410174533514138
972.2,0.013414527442053488
972.3000000000001,0.013418863614482827
972.4,0.013423183405334101
972.5,0.013427487168615759
972.6,0.013431775257860181
972.7,0.013436048026170799
972.8000000000001,0.013440305826268909
972.9,0.013444549010540222
973.0,0.01344877793108116
973.1,0.013452992939744932
973.2,0.01345719438818737
973.3000000000001,0.013461382627912605
973.4,0.013465558010318558
973.5,0.013469720886742266
973.6,0.013473871608505108
973.7,0.013478010526957882
973.8000000000001,0.01348213799352581
973.9,0.013486254359753456
974.0,0.013490359977349585
974.1,0.013494455198232
974.2,0.013498540374572324
974.3000000000001,0.013502615858840822
974.4,0.013506682003851198
974.5,0.013510739162805447
974.6,0.013514787689338757
974.7,0.013518827937564475
974.8000000000001,0.013522860262119159
974.9,0.013526885018207738
975.0,0.013530902561648787
975.1,0.013534913248919962
975.2,0.013538917437203563
975.3000000000001,0.013542915484432294
975.4,0.013546907749335216
975.5,0.0135508945914839
975.6,0.013554876371338814
975.7,0.01355885345029597
975.8000000000001,0.013562826190733816
975.9,0.013566794956060425
976.0,0.013570760110760983
976.1,0.013574722020445601
976.2,0.01357868105189746
976.3000000000001,0.013582637573121323
976.4,0.013586591953392414
976.5,0.013590544563305697
976.6,0.013594495774825585
976.7,0.013598445961336064
976.8000000000001,0.013602395497691273
976.9,0.013606344760266587
977.0,0.013610294127010154
977.1,0.013614243977494991
977.2,0.013618194692971578
977.3000000000001,0.013622146656421042
977.4,0.01362610025260891
977.5,0.013630055868139444
977.6,0.013634013891510643
977.7,0.013637974713169852
977.8000000000001,0.01364193872557006
977.9,0.013645906323226894
978.0,0.013649877902776315
978.1,0.013653853863033071
978.2,0.013657834605049914
978.3000000000001,0.013661820532177595
978.4,0.013665812050125698
978.5,0.013669809567024299
978.6,0.013673813493486512
978.7,0.013677824242671919
978.8000000000001,0.013681842230350934
978.9,0.013685867874970132
979.0,0.013689901597718532
979.1,0.013693943822594933
979.2,0.013697994976476276
979.3000000000001,0.013702055489187076
979.4,0.013706125793569978
979.5,0.013710206325557452
979.6,0.013714297524244655
979.7,0.01371839983196352
979.8000000000001,0.013722513694358084
979.9,0.013726639560461083
980.0,0.013730777882771902
980.1,0.013734929117335858
980.2,0.013739093723824885
980.3000000000001,0.01374327216561967
980.4,0.013747464909893259
980.5,0.013751672427696185
980.6,0.013755895194043176
980.7,0.013760133688001467
980.8000000000001,0.013764388392780765
980.9,0.013768659795824935
981.0,0.013772948388905425
981.1,0.013777254668216518
981.2,0.01378157913447242
981.3000000000001,0.013785922293006271
981.4,0.013790284653871119
981.5,0.013794666731942917
981.6,0.0137990690470256
981.7,0.0138034921239583
981.8000000000001,0.013807936492724767
981.9,0.013812402688565043
982.0,0.013816891252089477
982.1,0.013821402729395143
982.2,0.013825937672184695
982.3000000000001,0.013830496637887794
982.4,0.01383508018978511
982.5,0.013839688897135044
982.6,0.013844323335303176
982.7,0.013848984085894583
982.8000000000001,0.013853671736889069
982.9,0.0138583868827794
983.0,0.01386313012471264
983.1,0.013867902070634678
983.2,0.013872703335438007
983.3000000000001,0.01387753454111291
983.4,0.013882396316902091
983.5,0.013887289299458871
983.6,0.013892214133009081
983.7,0.013897171469516715
983.8000000000001,0.013902161968853482
983.9,0.013907186298972338
984.0,0.013912245136085171
984.1,0.013917339164844675
984.2,0.013922469078530626
984.3000000000001,0.013927635579240597
984.4,0.013932839378085315
984.5,0.01393808119538874
984.6,0.013943361760893022
984.7,0.013948681813968482
984.8000000000001,0.01395404210382874
984.9,0.013959443389751136
985.0,0.01396488644130261
985.1,0.013970372038571186
985.2,0.013975900972403187
985.3000000000001,0.013981474044646383
985.4,0.013987092068399189
985.5,0.013992755868266114
985.6,0.013998466280619591
985.7,0.014004224153868377
985.8000000000001,0.01401003034873269
985.9,0.014015885738526242
986.0,0.01402179120944534
986.1,0.014027747660865257
986.2,0.014033756005643987
986.3000000000001,0.01403981717043361
986.4,0.014045932095999412
986.5,0.014052101737546913
986.6,0.014058327065057006
986.7,0.01406460906362932
986.8000000000001,0.014070948733833981
986.9,0.014077347092071946
987.0,0.014083805170943962
987.1,0.014090324019628375
987.2,0.014096904704267822
987.3000000000001,0.014103548308364942
987.4,0.014110255933187151
987.5,0.014117028698180574
987.6,0.0141238677413931
987.7,0.014130774219906616
987.8000000000001,0.014137749310278343
987.9,0.01414479420899118
988.0,0.014151910132912978
988.1,0.014159098319764486
988.2,0.014166360028595788
988.3000000000001,0.01417369654027087
988.4,0.01418110915795991
988.5,0.014188599207638833
988.6,0.014196168038595474
988.7,0.01420381702394165
988.8000000000001,0.014211547561130253
988.9,0.014219361072476358
989.0,0.014227259005681066
989.1,0.01423524283435676
989.2,0.014243314058551983
989.3000000000001,0.014251474205274116
989.4,0.01425972482900753
989.5,0.014268067512224642
989.6,0.014276503865886872
989.7,0.01428503552993202
989.8000000000001,0.014293664173744088
989.9,0.014302391496600932
990.0,0.01431121922809449
990.1,0.014320149128517508
990.2,0.0143291829892098
990.3000000000001,0.014338322632856062
990.4,0.014347569913726063
990.5,0.014356926717846705
990.6,0.014366394963093866
990.7,0.014375976599190182
990.8000000000001,0.014385673607592867
990.9,0.014395488001253278
991.0,0.014405421824227268
991.1,0.014415477151112152
991.2,0.01442565608628253
991.3000000000001,0.014435960762892963
991.4,0.014446393341610644
991.5,0.014456956009035508
991.6,0.014467650975758653
991.7,0.014478480474002239
991.8000000000001,0.014489446754775107
991.9,0.01450055208446782
992.0,0.0145117987407986
992.1,0.01452318900800725
992.2,0.014534725171177107
992.3000000000001,0.014546409509545255
992.4,0.01455824428863757
992.5,0.014570231751037263
992.6,0.014582374105562596
992.7,0.014594673514589948
992.8000000000001,0.01460713207921162
992.9,0.014619751821861603
993.0,0.014632534665975321
993.1,0.014645482412168575
993.2,0.014658596710323475
993.3000000000001,0.014671879026851338
993.4,0.014685330606259674
993.5,0.014698952425976453
993.6,0.014712745143172532
993.7,0.014726709032062928
993.8000000000001,0.014740843909847656
993.9,0.014755149049057923
994.0,0.014769623073584077
994.1,0.014784263835053027
994.2,0.014799068265462364
994.3000000000001,0.014814032201024917
994.4,0.014829150170976274
994.5,0.014844415143578545
994.6,0.01485981821962356
994.7,0.014875348261276438
994.8000000000001,0.01489099144094588
994.9,0.01490673069081021
995.0,0.014922545028390213
995.1,0.01493840872677738
995.2,0.014954290289323035
995.3000000000001,0.014970151177158586
995.4,0.014985944223078536
995.5,0.015001611646149219
995.6,0.01501708255688621
995.7,0.015032269812077979
995.8000000000001,0.015047066041140136
995.9,0.015061338624214486
996.0,0.015074923363485194
996.1,0.01508761657387895
996.2,0.01509916537868751
996.3000000000001,0.015109256252678192
996.4,0.015117502601510329
996.5,0.015123434094961533
996.6,0.015126495248791854
996.7,0.015126072434882065
996.8000000000001,0.015121597056885868
996.9,0.015112842185379375
997.0,0.015100694389673002
997.1,0.015089027524887694
997.2,0.015088737721862549
997.3000000000001,0.01512394108672904
997.4,0.015232423251177876
997.5,0.015442706535464763
997.6,0.01574356372812895
997.7,0.0160961449281358
997.8000000000001,0.016464820224356178
997.9,0.016823660845991878
998.0,0.017148385054914055
998.1,0.0174099629625534
998.2,0.0175753496179896
998.3000000000001,0.01761364121888777
998.4,0.017497271420453268
998.5,0.017186335425175687
998.6,0.01663573339466233
998.7,0.016533204111318627
998.8000000000001,0.01705601362773657
998.9,0.01728181809624987
999.0,0.0171605542236117
999.1,0.016708680051873908
999.2,0.016018491791181134
999.3000000000001,0.01522752803910169
999.4,0.014475787296425149
999.5,0.013907573522499966
999.6,0.01359367359525715
999.7,0.013461435389141801
999.8000000000001,0.013413572327889527
999.9,0.013398952316084898
1000.0,0.013397021023506253
1000.1,0.013399949027246266
1000.2,0.013404764803021142
1000.3000000000001,0.013410337343732677
1000.4,0.013416235253636147
1000.5,0.013422293945063397
1000.6,0.01342845084654201
1000.7,0.013434682483597828
1000.8000000000001,0.013440980401391696
1000.9,0.013447341932202265
1001.0,0.013453766648280806
1001.1,0.01346025499645771
1001.2,0.013466807771639904
1001.3000000000001,0.013473425913503307
1001.4,0.013480110427951296
1001.5,0.013486862356837295
1001.6,0.01349368276639814
1001.7,0.013500572742958392
1001.8000000000001,0.01350753339146818
1001.9,0.013514565835149638
1002.0,0.013521671215579885
1002.1,0.013528850692948008
1002.2,0.013536105446383052
1002.3000000000001,0.013543436674312298
1002.4,0.01355084559483352
1002.5,0.01355833344609425
1002.6,0.01356590148667488
1002.7,0.013573550995973656
1002.8000000000001,0.013581283274592171
1002.9,0.013589099644719925
1003.0,0.01359700145051653
1003.1,0.013604990058489863
1003.2,0.01361306685786835
1003.3000000000001,0.01362123326096516
1003.4,0.01362949070353194
1003.5,0.013637840645099262
1003.6,0.013646284569300584
1003.7,0.013654823984176093
1003.8000000000001,0.01366346042245229
1003.9,0.013672195441792578
1004.0,0.013681030625013437
1004.1,0.013689967580260122
1004.2,0.013699007941134796
1004.3000000000001,0.013708153366769194
1004.4,0.013717405541832744
1004.5,0.01372676617646575
1004.6,0.013736237006125933
1004.7,0.013745819791334797
1004.8000000000001,0.013755516317308559
1004.9,0.013765328393456063
1005.0,0.01377525785272375
1005.1,0.013785306550764735
1005.2,0.013795476364905884
1005.3000000000001,0.013805769192882875
1005.4,0.013816186951308936
1005.5,0.013826731573837786
1005.6,0.013837405008975541
1005.7,0.013848209217489447
1005.8000000000001,0.013859146169353489
1005.9,0.013870217840161686
1006.0,0.013881426206929167
1006.1,0.013892773243188702
1006.2,0.013904260913275615
1006.3000000000001,0.01391589116567697
1006.4,0.013927665925300751
1006.5,0.013939587084497012
1006.6,0.013951656492635125
1006.7,0.013963875944008062
1006.8000000000001,0.013976247163795539
1006.9,0.013988771791771286
1007.0,0.014001451363384203
1007.1,0.014014287287776915
1007.2,0.0140272808222259
1007.3000000000001,0.014040433042392015
1007.4,0.014053744807655463
1007.5,0.014067216720670435
1007.6,0.014080849080106577
1007.7,0.014094641825339855
1007.8000000000001,0.014108594471605965
1007.9,0.014122706033823965
1008.0,0.014136974936922593
1008.1,0.014151398910039104
1008.2,0.01416597486138787
1008.3000000000001,0.014180698729884913
1008.4,0.014195565308727728
1008.5,0.01421056803501986
1008.6,0.01422569873813524
1008.7,0.014240947337758407
1008.8000000000001,0.014256301480310634
1008.9,0.014271746099644463
1009.0,0.014287262884286778
1009.1,0.014302829628909764
1009.2,0.014318419441822777
1009.3000000000001,0.014333999772744542
1009.4,0.01434953121548757
1009.5,0.014364966027939413
1009.6,0.01438024629629173
1009.7,0.014395301651360236
1009.8000000000001,0.014410046421945901
1009.9,0.014424376084465463
1010.0,0.01443816284308385
1010.1,0.014451250159844761
1010.2,0.014463446072739234
1010.3000000000001,0.014474515243978131
1010.4,0.014484169990142376
1010.5,0.014492061329621499
1010.6,0.01449777295358042
1010.7,0.014500825395872054
1010.8000000000001,0.014500707832642635
1010.9,0.014496978567411434
1011.0,0.014489529909019304
1011.1,0.014479235248397702
1011.2,0.014469436586923108
1011.3000000000001,0.014469010794232033
1011.4,0.014497079041870262
1011.5,0.014584457383668712
1011.6,0.014759163972553252
1011.7,0.015020515062405709
1011.8000000000001,0.015339537129890217
1011.9,0.015683826527385987
1012.0,0.01602924244415047
1012.1,0.016355760847330883
1012.2,0.01664079770606543
1012.3000000000001,0.016856470062530396
1012.4,0.016972401105334437
1012.5,0.016960334980954474
1012.6,0.016790528126538574
1012.7,0.016413670766781952
1012.8000000000001,0.01587200967833465
1012.9,0.016120150884203596
1013.0,0.016562238994733358
1013.1,0.016680632874702197
1013.2,0.01646584735979063
1013.3000000000001,0.01594901882710282
1013.4,0.015228921115835225
1013.5,0.0144216569598369
1013.6,0.013630443652705713
1013.7,0.012968526088400018
1013.8000000000001,0.012538786442016689
1013.9,0.012328784462870217
1014.0,0.01224176942852148
1014.1,0.012207060777717934
1014.2,0.012192885149847801
1014.3000000000001,0.012186676548646918
1014.4,0.012183563694957959
1014.5,0.012181657315414126
1014.6,0.012180223190913043
1014.7,0.012178975672335432
1014.8000000000001,0.012177803649047204
1014.9,0.012176664015356156
1015.0,0.012175540192915741
1015.1,0.012174425964286365
1015.2,0.012173319165998417
1015.3000000000001,0.012172219225954005
1015.4,0.012171126201128082
1015.5,0.01217004040129272
1015.6,0.012168962241846472
1015.7,0.012167892186293132
1015.8000000000001,0.01216683072383416
1015.9,0.012165778360729055
1016.0,0.012164735617061377
1016.1,0.012163703025631524
1016.2,0.012162681131689404
1016.3000000000001,0.012161670493001571
1016.4,0.012160671680054164
1016.5,0.012159685276313482
1016.6,0.012158711878513575
1016.7,0.012157752096958744
1016.8000000000001,0.012156806555836347
1016.9,0.012155875893538115
1017.0,0.012154960762989381
1017.1,0.012154061831986055
1017.2,0.012153179783539352
1017.3000000000001,0.012152315316228372
1017.4,0.01215146914456065
1017.5,0.012150641999340774
1017.6,0.012149834628047229
1017.7,0.012149047795217579
1017.8000000000001,0.012148282282842095
1017.9,0.012147538890765974
1018.0,0.01214681843710024
1018.1,0.01214612175864147
1018.2,0.012145449711300407
1018.3000000000001,0.01214480317053959
1018.4,0.012144183031820098
1018.5,0.012143590211057438
1018.6,0.01214302564508673
1018.7,0.012142490292137187
1018.8000000000001,0.012141985132315954
1018.9,0.01214151116810139
1019.0,0.01214106942484572
1019.1,0.012140660951287184
1019.2,0.012140286820071554
1019.3000000000001,0.01213994812828307
1019.4,0.012139645997984689
1019.5,0.012139381576767591
1019.6,0.012139156038309822
1019.7,0.012138970582943928
1019.8000000000001,0.012138826438233406
1019.9,0.012138724859557769
1020.0,0.012138667130705943
1020.1,0.012138654564477718
1020.2,0.012138688503292876
1020.3000000000001,0.01213877031980757
1020.4,0.012138901417537514
1020.5,0.012139083231487392
1020.6,0.012139317228785878
1020.7,0.012139604909325533
1020.8000000000001,0.012139947806406783
1020.9,0.01214034748738504
1021.0,0.012140805554319924
1021.1,0.01214132364462543
1021.2,0.012141903431719687
1021.3000000000001,0.01214254662567285
1021.4,0.012143254973851431
1021.5,0.012144030261557227
1021.6,0.012144874312658713
1021.7,0.012145788990212575
1021.8000000000001,0.012146776197072714
1021.9,0.01214783787648383
1022.0,0.012148976012656207
1022.1,0.01215019263131807
1022.2,0.012151489800241328
1022.3000000000001,0.012152869629736088
1022.4,0.012154334273108728
1022.5,0.012155885927077704
1022.6,0.012157526832140603
1022.7,0.012159259272885024
1022.8000000000001,0.012161085578235158
1022.9,0.012163008121624732
1023.0,0.012165029321085994
1023.1,0.012167151639242993
1023.2,0.01216937758319598
1023.3000000000001,0.01217170970428209
1023.4,0.012174150597695506
1023.5,0.012176702901948156
1023.6,0.012179369298149539
1023.7,0.012182152509081322
1023.8000000000001,0.012185055298039269
1023.9,0.01218808046741113
1024.0,0.012191230856955027
1024.1,0.01219450934173783
1024.2,0.012197918829687328
1024.3,0.012201462258705555
1024.4,0.012205142593282932
1024.5,0.012208962820544181
1024.6,0.012212925945646755
1024.7,0.012217034986440672
1024.8,0.01222129296728487
1024.9,0.012225702911898995
1025.0,0.012230267835110793
1025.1,0.01223499073333704
1025.2,0.012239874573610029
1025.3,0.01224492228093096
1025.4,0.01225013672369543
1025.5,0.012255520696893467
1025.6,0.012261076902735661
1025.7,0.012266807928296649
1025.8,0.012272716219695026
1025.9,0.012278804052242569
1026.0,0.012285073495892293
1026.1,0.012291526375190296
1026.2,0.012298164222786304
1026.3,0.012304988225376037
1026.4,0.01231199916072771
1026.5,0.012319197324176242
1026.6,0.012326582442639856
1026.7,0.01233415357381072
1026.8,0.01234190898767492
1026.9,0.012349846026904057
1027.0,0.012357960941900926
1027.1,0.012366248695336141
1027.2,0.01237470272983226
1027.3,0.01238331469097294
1027.4,0.01239207409595511
1027.5,0.012400967935857654
1027.6,0.012409980196534604
1027.7,0.012419091279383105
1027.8,0.01242827729846711
1027.9,0.01243750922442424
1028.0,0.012446751837913382
1028.1,0.012455962445687318
1028.2,0.012465089300288324
1028.3,0.012474069649517612
1028.4,0.012482827324148389
1028.5,0.012491269752507993
1028.6,0.012499284270985138
1028.7,0.012506733586625025
1028.8,0.012513450256816924
1028.9,0.012519230115491595
1029.0,0.01252382476987707
1029.1,0.012526933780878288
1029.2,0.012528198286668823
1029.3,0.01252720044485569
1029.4,0.012523478989356952
1029.5,0.012516584603686239
1029.6,0.012506229130699069
1029.7,0.012492650028700704
1029.8,0.012477451478580173
1029.9,0.012465413839804675
1030.0,0.012467821518339578
1030.1,0.012506264620667737
1030.2,0.012609972739190884
1030.3,0.01279755749156216
1030.4,0.01305886448979888
1030.5,0.01336499999412066
1030.6,0.013688918800751074
1030.7,0.014010976751309993
1030.8,0.014314121625934359
1030.9,0.014578461717623404
1031.0,0.01477909985958241
1031.1,0.01488817654585826
1031.2,0.014878241026271615
1031.3,0.014718920078310334
1031.4,0.0143612330352633
1031.5,0.013839713142630992
1031.6,0.014064932133277233
1031.7,0.014510658996020527
1031.8,0.014651785544111635
1031.9,0.014479366453818018
1032.0,0.014017858088972284
1032.1,0.013356095052424953
1032.2,0.012610918463642937
1032.3,0.011896652102532374
1032.4,0.011331300161796688
1032.5,0.010983550543776678
1032.6,0.010805507829249831
1032.7,0.010712676429225014
1032.8,0.010654871476864235
1032.9,0.010610421708969055
1033.0,0.010570606473678374
1033.1,0.010531928734414884
1033.2,0.010492982934936858
1033.3,0.010453215388079641
1033.4,0.010412434025595562
1033.5,0.010370618028917117
1033.6,0.010327849829001128
1033.7,0.010284298842018098
1033.8,0.010240228744242205
1033.9,0.010196016767857025
1034.0,0.010152179468063642
1034.1,0.010109400480009061
1034.2,0.010068554150323905
1034.3,0.010030715629948167
1034.4,0.009997144309123835
1034.5,0.009969225804520511
1034.6,0.009948361913341192
1034.7,0.009935811614282678
1034.8,0.009932508492898708
1034.9,0.009938901518979915
1035.0,0.009954871231249988
1035.1,0.009979752173136666
1035.2,0.010012453149839963
1035.3,0.010051632676872578
1035.4,0.010095876692428086
1035.5,0.010143839312424881
1035.6,0.01019433098841547
1035.7,0.010246357814145847
1035.8,0.010299125259019607
1035.9,0.01035202085466393
1036.0,0.01040458734895291
1036.1,0.010456493816035011
1036.2,0.010507508811658052
1036.3,0.0105574773425544
1036.4,0.010606302055626399
1036.5,0.010653928362051174
1036.6,0.010700332930463416
1036.7,0.010745514924525251
1036.8,0.010789489406897858
1036.9,0.010832282418417853
1037.0,0.010873927334763996
1037.1,0.010914462188076082
1037.2,0.010953927712603735
1037.3,0.010992365930998095
1037.4,0.011029819142810263
1037.5,0.011066329211260176
1037.6,0.011101937070514743
1037.7,0.011136682395427285
1037.8,0.01117060339046781
1037.9,0.011203736665621201
1038.0,0.0112361171752775
1038.1,0.011267778202291483
1038.2,0.01129875137397949
1038.3,0.011329066700247626
1038.4,0.011358752626603682
1038.5,0.01138783609671621
1038.6,0.011416342620611917
1038.7,0.011444296345669566
1038.8,0.01147172012836525
1038.9,0.011498635605318362
1039.0,0.011525063262630286
1039.1,0.011551022502836523
1039.2,0.01157653170903622
1039.3,0.011601608305941844
1039.4,0.01162626881772234
1039.5,0.011650528922607314
1039.6,0.011674403504286801
1039.7,0.011697906700187851
1039.8,0.011721051946740611
1039.9,0.011743852021766685
1040.0,0.011766319084134527
1040.1,0.011788464710832152
1040.2,0.011810299931608965
1040.3,0.011831835261336519
1040.4,0.011853080730234073
1040.5,0.011874045912099307
1040.6,0.011894739950678093
1040.7,0.011915171584300227
1040.8,0.011935349168900822
1040.9,0.011955280699539692
1041.0,0.011974973830523929
1041.1,0.011994435894231813
1041.2,0.012013673918729558
1041.3,0.012032694644265938
1041.4,0.012051504538723754
1041.5,0.012070109812101564
1041.6,0.012088516430093519
1041.7,0.012106730126830407
1041.8,0.012124756416840209
1041.9,0.01214260060628216
1042.0,0.012160267803504456
1042.1,0.012177762928971816
1042.2,0.012195090724605888
1042.3,0.012212255762578167
1042.4,0.012229262453592255
1042.5,0.012246115054689533
1042.6,0.012262817676609843
1042.7,0.012279374290736483
1042.8,0.01229578873565267
1042.9,0.012312064723334631
1043.0,0.012328205845004806
1043.1,0.01234421557666675
1043.2,0.012360097284342035
1043.3,0.012375854229027813
1043.4,0.012391489571392508
1043.5,0.012407006376225873
1043.6,0.012422407616658452
1043.7,0.012437696178164582
1043.8,0.01245287486236197
1043.9,0.012467946390620073
1044.0,0.012482913407488704
1044.1,0.012497778483957426
1044.2,0.012512544120555703
1044.3,0.012527212750303093
1044.4,0.012541786741518072
1044.5,0.012556268400493677
1044.6,0.012570659974047481
1044.7,0.01258496365195303
1044.8,0.012599181569259401
1044.9,0.012613315808505027
1045.0,0.01262736840183177
1045.1,0.012641341333004565
1045.2,0.01265523653934188
1045.3,0.012669055913561796
1045.4,0.012682801305548193
1045.5,0.012696474524041393
1045.6,0.012710077338257181
1045.7,0.01272361147943803
1045.8,0.012737078642340081
1045.9,0.012750480486659176
1046.0,0.012763818638399172
1046.1,0.01277709469118542
1046.2,0.012790310207526284
1046.3,0.01280346672002533
1046.4,0.01281656573254663
1046.5,0.012829608721335636
1046.6,0.01284259713609776
1046.7,0.01285553240103683
1046.8,0.012868415915855413
1046.9,0.012881249056718842
1047.0,0.012894033177184827
1047.1,0.012906769609100241
1047.2,0.012919459663466781
1047.3,0.012932104631276975
1047.4,0.012944705784321987
1047.5,0.012957264375972612
1047.6,0.012969781641934757
1047.7,0.012982258800980638
1047.8,0.012994697055656899
1047.9,0.01300709759297073
1048.0,0.013019461585055122
1048.1,0.013031790189814187
1048.2,0.013044084551549604
1048.3,0.013056345801569053
1048.4,0.013068575058777536
1048.5,0.013080773430252449
1048.6,0.013092942011803171
1048.7,0.013105081888515984
1048.8,0.013117194135285013
1048.9,0.013129279817329921
1049.0,0.013141339990701049
1049.1,0.013153375702772575
1049.2,0.013165387992724388
1049.3,0.01317737789201326
1049.4,0.013189346424833824
1049.5,0.01320129460856998
1049.6,0.013213223454237212
1049.7,0.013225133966916337
1049.8,0.01323702714617918
1049.9,0.013248903986506607
1050.0,0.013260765477699428
1050.1,0.013272612605282544
1050.2,0.013284446350902802
1050.3,0.013296267692720947
1050.4,0.013308077605798042
1050.5,0.013319877062476792
1050.6,0.01333166703275805
1050.7,0.013343448484672945
1050.8,0.01335522238465094
1050.9,0.01336698969788409
1051.0,0.013378751388687953
1051.1,0.01339050842085931
1051.2,0.013402261758031117
1051.3,0.013414012364024916
1051.4,0.013425761203200964
1051.5,0.013437509240806432
1051.6,0.013449257443321832
1051.7,0.013461006778805995
1051.8,0.01347275821723983
1051.9,0.013484512730869045
1052.0,0.013496271294546116
1052.1,0.013508034886071678
1052.2,0.013519804486535532
1052.3,0.013531581080657506
1052.4,0.013543365657128256
1052.5,0.013555159208950297
1052.6,0.013566962733779282
1052.7,0.013578777234265774
1052.8,0.013590603718397593
1052.9,0.013602443199842815
1053.0,0.013614296698293595
1053.1,0.013626165239810776
1053.2,0.013638049857169437
1053.3,0.013649951590205356
1053.4,0.013661871486162365
1053.5,0.013673810600040654
1053.6,0.013685769994945876
1053.7,0.013697750742439015
1053.8,0.013709753922886895
1053.9,0.01372178062581312
1054.0,0.013733831950249279
1054.1,0.013745909005086099
1054.2,0.013758012909424255
1054.3,0.013770144792924467
1054.4,0.01378230579615635
1054.5,0.013794497070945573
1054.6,0.01380671978071862
1054.7,0.013818975100844478
1054.8,0.013831264218972404
1054.9,0.01384358833536478
1055.0,0.013855948663224009
1055.1,0.01386834642901214
1055.2,0.013880782872761855
1055.3,0.01389325924837714
1055.4,0.013905776823921825
1055.5,0.013918336881893914
1055.6,0.013930940719483313
1055.7,0.013943589648810309
1055.8,0.01395628499714179
1055.9,0.013969028107081729
1056.0,0.013981820336732165
1056.1,0.01399466305982026
1056.2,0.014007557665786539
1056.3,0.014020505559828795
1056.4,0.014033508162895305
1056.5,0.01404656691162041
1056.6,0.014059683258194315
1056.7,0.014072858670158199
1056.8,0.014086094630114347
1056.9,0.014099392635339736
1057.0,0.014112754197290061
1057.1,0.014126180840979287
1057.2,0.014139674104217993
1057.3,0.014153235536691452
1057.4,0.014166866698855743
1057.5,0.014180569160627406
1057.6,0.014194344499838581
1057.7,0.014208194300425844
1057.8,0.014222120150316443
1057.9,0.014236123638970439
1058.0,0.014250206354531527
1058.1,0.014264369880532278
1058.2,0.014278615792091852
1058.3,0.014292945651534975
1058.4,0.014307361003350427
1058.5,0.014321863368395008
1058.6,0.014336454237234512
1058.7,0.014351135062496643
1058.8,0.014365907250091145
1058.9,0.014380772149129502
1059.0,0.01439573104034975
1059.1,0.014410785122820112
1059.2,0.014425935498658008
1059.3,0.01444118315545666
1059.4,0.014456528946059245
1059.5,0.014471973565258428
1059.6,0.014487517522924862
1059.7,0.014503161112979942
1059.8,0.014518904377522051
1059.9,0.014534747065288197
1060.0,0.014550688583479852
1060.1,0.014566727941796328
1060.2,0.01458286368729492
1060.3,0.014599093828424102
1060.4,0.01461541574624361
1060.5,0.014631826090438567
1060.6,0.014648320657235704
1060.7,0.014664894245715588
1060.8,0.0146815404882563
1060.9,0.014698251649904749
1061.0,0.014715018390305232
1061.1,0.014731829480361813
1061.2,0.014748671463997531
1061.3,0.014765528253105354
1061.4,0.014782380640946429
1061.5,0.014799205715697046
1061.6,0.014815976151403702
1061.7,0.014832659348077322
1061.8,0.014849216385830935
1061.9,0.01486560074965219
1062.0,0.01488175677152472
1062.1,0.01489761772538412
1062.2,0.014913103498705902
1062.3,0.014928117754725776
1062.4,0.014942544496810465
1062.5,0.014956243963123029
1062.6,0.014969047840448524
1062.7,0.014980753943327735
1062.8,0.014991120868730294
1062.9,0.014999863940662316
1063.0,0.015006655502088143
1063.1,0.01501113637091013
1063.2,0.015012953394747364
1063.3,0.015011855569401001
1063.4,0.015007918583283361
1063.5,0.015002043705585751
1063.6,0.014997009793248382
1063.7,0.014999478700552375
1063.8,0.015022944405471245
1063.9,0.01508912428681718
1064.0,0.015220895151042543
1064.1,0.01542559931243221
1064.2,0.015688065508261347
1064.3,0.01598373578236154
1064.4,0.01629169661901322
1064.5,0.016596051278154028
1064.6,0.016881608735321827
1064.7,0.017129804270323793
1064.8,0.01731732784146183
1064.9,0.0174181829005693
1065.0,0.01740655317817472
1065.1,0.017253431311208177
1065.2,0.01691251862108443
1065.3,0.016416588751608382
1065.4,0.016614858400994362
1065.5,0.017040180976728072
1065.6,0.017174392941366832
1065.7,0.017004928451926367
1065.8,0.016552274806754627
1065.9,0.015889752968394937
1066.0,0.015100120885043249
1066.1,0.014227350368437402
1066.2,0.013271115464905545
1066.3,0.012357899640447773
1066.4,0.01221293401138296
1066.5,0.012349869980156589
1066.6,0.012422871426783165
1066.7,0.012456773899404158
1066.8,0.012474341213927537
1066.9,0.012485379347731758
1067.0,0.012493828463748729
1067.1,0.012501249717560763
1067.2,0.012508258989308347
1067.3,0.01251509875039119
1067.4,0.012521864308381462
1067.5,0.012528593044853358
1067.6,0.012535299560894723
1067.7,0.012541989505480546
1067.8,0.012548665012201688
1067.9,0.012555326835266658
1068.0,0.012561975188140381
1068.1,0.012568610072594187
1068.2,0.012575231407728038
1068.3,0.012581839080527972
1068.4,0.012588432965664436
1068.5,0.012595012933240755
1068.6,0.012601578851824115
1068.7,0.012608130589630964
1068.8,0.012614668014990843
1068.9,0.01262119099652831
1069.0,0.012627699403234839
1069.1,0.01263419310449776
1069.2,0.012640671970112512
1069.3,0.01264713587028841
1069.4,0.012653584675651855
1069.5,0.012660018257248662
1069.6,0.01266643648654597
1069.7,0.012672839235434073
1069.8,0.012679226376228238
1069.9,0.012685597781670492
1070.0,0.012691953324931489
1070.1,0.012698292879612364
1070.2,0.012704616319746656
1070.3,0.012710923519802266
1070.4,0.012717214354683407
1070.5,0.012723488699732667
1070.6,0.01272974643073304
1070.7,0.012735987423910028
1070.8,0.0127422115559338
1070.9,0.012748418703921337
1071.0,0.012754608745438665
1071.1,0.0127607815585031
1071.2,0.012766937021585538
1071.3,0.012773075013612792
1071.4,0.012779195413969945
1071.5,0.012785298102502785
1071.6,0.012791382959520217
1071.7,0.012797449865796765
1071.8,0.0128034987025751
1071.9,0.012809529351568587
1072.0,0.012815541694963895
1072.1,0.012821535615423625
1072.2,0.012827510996088986
1072.3,0.012833467720582517
1072.4,0.012839405673010817
1072.5,0.012845324737967352
1072.6,0.012851224800535258
1072.7,0.012857105746290202
1072.8,0.012862967461303294
1072.9,0.012868809832143982
1073.0,0.012874632745883054
1073.1,0.012880436090095598
1073.2,0.012886219752864055
1073.3,0.012891983622781286
1073.4,0.012897727588953647
1073.5,0.012903451541004148
1073.6,0.012909155369075583
1073.7,0.012914838963833736
1073.8,0.01292050221647061
1073.9,0.012926145018707653
1074.0,0.012931767262799067
1074.1,0.012937368841535086
1074.2,0.012942949648245328
1074.3,0.012948509576802152
1074.4,0.012954048521624038
1074.5,0.012959566377679008
1074.6,0.01296506304048805
1074.7,0.012970538406128579
1074.8,0.012975992371237926
1074.9,0.01298142483301682
1075.0,0.012986835689232933
1075.1,0.012992224838224395
1075.2,0.012997592178903368
1075.3,0.013002937610759635
1075.4,0.013008261033864155
1075.5,0.013013562348872713
1075.6,0.013018841457029511
1075.7,0.01302409826017082
1075.8,0.013029332660728624
1075.9,0.013034544561734272
1076.0,0.013039733866822162
1076.1,0.0130449004802334
1076.2,0.013050044306819492
1076.3,0.013055165252046046
1076.4,0.013060263221996448
1076.5,0.013065338123375585
1076.6,0.01307038986351353
1076.7,0.013075418350369251
1076.8,0.013080423492534337
1076.9,0.013085405199236668
1077.0,0.013090363380344147
1077.1,0.01309529794636839
1077.2,0.013100208808468407
1077.3,0.013105095878454324
1077.4,0.013109959068791028
1077.5,0.01311479829260187
1077.6,0.01311961346367231
1077.7,0.01312440449645357
1077.8,0.0131291713060663
1077.9,0.013133913808304162
1078.0,0.013138631919637484
1078.1,0.013143325557216822
1078.2,0.013147994638876557
1078.3,0.01315263908313845
1078.4,0.013157258809215169
1078.5,0.013161853737013821
1078.6,0.013166423787139434
1078.7,0.013170968880898424
1078.8,0.01317548894030205
1078.9,0.013179983888069815
1079.0,0.013184453647632863
1079.1,0.013188898143137328
1079.2,0.013193317299447659
1079.3,0.013197711042149925
1079.4,0.013202079297555054
1079.5,0.013206421992702081
1079.6,0.013210739055361308
1079.7,0.013215030414037467
1079.8,0.013219295997972832
1079.9,0.013223535737150275
1080.0,0.013227749562296305
1080.1,0.013231937404884042
1080.2,0.013236099197136152
1080.3,0.013240234872027754
1080.4,0.013244344363289248
1080.5,0.013248427605409119
1080.6,0.013252484533636682
1080.7,0.013256515083984772
1080.8,0.013260519193232397
1080.9,0.013264496798927314
1081.0,0.013268447839388572
1081.1,0.01327237225370898
1081.2,0.013276269981757535
1081.3,0.01328014096418178
1081.4,0.013283985142410104
1081.5,0.013287802458653986
1081.6,0.013291592855910165
1081.7,0.013295356277962762
1081.8,0.013299092669385332
1081.9,0.013302801975542837
1082.0,0.01330648414259358
1082.1,0.013310139117491036
1082.2,0.013313766847985648
1082.3,0.013317367282626535
1082.4,0.013320940370763123
1082.5,0.013324486062546725
1082.6,0.01332800430893203
1082.7,0.013331495061678519
1082.8,0.013334958273351823
1082.9,0.013338393897324975
1083.0,0.01334180188777963
1083.1,0.013345182199707147
1083.2,0.013348534788909645
1083.3,0.013351859612000968
1083.4,0.01335515662640753
1083.5,0.013358425790369149
1083.6,0.01336166706293973
1083.7,0.013364880403987905
1083.8,0.013368065774197585
1083.9,0.013371223135068411
1084.0,0.013374352448916146
1084.1,0.013377453678872952
1084.2,0.013380526788887594
1084.3,0.013383571743725578
1084.4,0.013386588508969151
1084.5,0.013389577051017272
1084.6,0.013392537337085439
1084.7,0.013395469335205464
1084.8,0.013398373014225159
1084.9,0.013401248343807884
1085.0,0.013404095294432077
1085.1,0.013406913837390625
1085.2,0.013409703944790184
1085.3,0.013412465589550398
1085.4,0.01341519874540301
1085.5,0.013417903386890905
1085.6,0.013420579489367035
1085.7,0.013423227028993259
1085.8,0.013425845982739113
1085.9,0.013428436328380432
1086.0,0.013430998044497938
1086.1,0.01343353111047568
1086.2,0.013436035506499416
1086.3,0.013438511213554896
1086.4,0.013440958213426012
1086.5,0.01344337648869291
1086.6,0.013445766022729962
1086.7,0.013448126799703652
1086.8,0.013450458804570393
1086.9,0.013452762023074199
1087.0,0.013455036441744317
1087.1,0.013457282047892706
1087.2,0.013459498829611472
1087.3,0.013461686775770176
1087.4,0.013463845876013042
1087.5,0.01346597612075611
1087.6,0.013468077501184237
1087.7,0.013470150009248038
1087.8,0.01347219363766074
1087.9,0.013474208379894905
1088.0,0.013476194230179088
1088.1,0.013478151183494389
1088.2,0.013480079235570907
1088.3,0.013481978382884122
1088.4,0.013483848622651137
1088.5,0.013485689952826885
1088.6,0.013487502372100195
1088.7,0.01348928587988978
1088.8,0.013491040476340152
1088.9,0.013492766162317415
1089.0,0.01349446293940498
1089.1,0.013496130809899186
1089.2,0.013497769776804837
1089.3,0.01349937984383064
1089.4,0.013500961015384545
1089.5,0.01350251329656902
1089.6,0.013504036693176215
1089.7,0.013505531211683033
1089.8,0.013506996859246147
1089.9,0.013508433643696876
1090.0,0.013509841573536031
1090.1,0.013511220657928622
1090.2,0.013512570906698515
1090.3,0.013513892330322994
1090.4,0.013515184939927215
1090.5,0.013516448747278625
1090.6,0.01351768376478123
1090.7,0.013518890005469847
1090.8,0.013520067483004224
1090.9,0.0135212162116631
1091.0,0.013522336206338186
1091.1,0.013523427482528041
1091.2,0.013524490056331898
1091.3,0.013525523944443396
1091.4,0.013526529164144218
1091.5,0.01352750573329769
1091.6,0.01352845367034225
1091.7,0.013529372994284883
1091.8,0.013530263724694465
1091.9,0.013531125881695015
1092.0,0.013531959485958906
1092.1,0.013532764558699957
1092.2,0.013533541121666489
1092.3,0.013534289197134296
1092.4,0.01353500880789953
1092.5,0.01353569997727153
1092.6000000000001,0.013536362729065572
1092.7,0.013536997087595551
1092.8,0.01353760307766659
1092.9,0.013538180724567573
1093.0,0.013538730054063638
1093.1000000000001,0.01353925109238855
1093.2,0.01353974386623707
1093.3,0.01354020840275719
1093.4,0.013540644729542355
1093.5,0.013541052874623599
1093.6000000000001,0.013541432866461598
1093.7,0.013541784733938701
1093.8,0.013542108506350842
1093.9,0.01354240421339944
1094.0,0.013542671885183207
1094.1000000000001,0.013542911552189887
1094.2,0.01354312324528797
1094.3,0.013543306995718292
1094.4,0.013543462835085621
1094.5,0.01354359079535016
1094.6000000000001,0.013543690908818982
1094.7,0.013543763208137433
1094.8,0.013543807726280442
1094.9,0.013543824496543799
1095.0,0.013543813552535366
1095.1000000000001,0.013543774928166222
1095.2,0.013543708657641764
1095.3,0.013543614775452732
1095.4,0.013543493316366204
1095.5,0.013543344315416508
1095.6000000000001,0.01354316780789609
1095.7,0.013542963829346336
1095.8,0.013542732415548306
1095.9,0.013542473602513445
1096.0,0.013542187426474232
1096.1000000000001,0.013541873923874754
1096.2,0.013541533131361253
1096.3,0.013541165085772595
1096.4,0.013540769824130688
1096.5,0.013540347383630877
1096.6000000000001,0.01353989780163221
1096.7,0.013539421115647758
1096.8,0.013538917363334759
1096.9,0.013538386582484803
1097.0,0.013537828811013924
1097.1000000000001,0.01353724408695262
1097.2,0.013536632448435863
1097.3,0.013535993933693003
1097.4,0.01353532858103765
1097.5,0.013534636428857503
1097.6000000000001,0.013533917515604094
1097.7,0.013533171879782502
1097.8,0.013532399559941
1097.9,0.013531600594660643
1098.0,0.013530775022544806
1098.1000000000001,0.013529922882208653
1098.2,0.013529044212268563
1098.3,0.013528139051331479
1098.4,0.013527207437984204
1098.5,0.01352624941078266
1098.6000000000001,0.013525265008241033
1098.7,0.013524254268820916
1098.8,0.013523217230920348
1098.9,0.013522153932862796
1099.0,0.013521064412886108
1099.1000000000001,0.01351994870913134
1099.2,0.013518806859631579
1099.3,0.013517638902300644
1099.4,0.01351644487492176
1099.5,0.013515224815136163
1099.6000000000001,0.013513978760431576
1099.7,0.013512706748130711
1099.8,0.013511408815379594
1099.9,0.0135100849991359
1100.0,0.013508735336157164
1100.1000000000001,0.013507359862988925
1100.2,0.013505958615952815
1100.3,0.013504531631134522
1100.4,0.01350307894437171
1100.5,0.013501600591241848
1100.6000000000001,0.013500096607049933
1100.7,0.013498567026816156
1100.8,0.01349701188526345
1100.9,0.013495431216804969
1101.0,0.013493825055531462
1101.1000000000001,0.013492193435198547
1101.2,0.013490536389213912
1101.3,0.013488853950624376
1101.4,0.013487146152102883
1101.5,0.01348541302593538
1101.6000000000001,0.013483654604007573
1101.7,0.013481870917791598
1101.8,0.013480061998332555
1101.9,0.013478227876234941
1102.0,0.013476368581648968
1102.1000000000001,0.013474484144256735
1102.2,0.013472574593258308
1102.3,0.013470639957357646
1102.4,0.013468680264748399
1102.5,0.0134666955430996
1102.6000000000001,0.013464685819541163
1102.7,0.013462651120649297
1102.8,0.013460591472431734
1102.9,0.013458506900312821
1103.0,0.01345639742911847
1103.1000000000001,0.01345426308306092
1103.2,0.01345210388572337
1103.3,0.013449919860044415
1103.4,0.013447711028302334
1103.5,0.01344547741209919
1103.6000000000001,0.013443219032344751
1103.7,0.013440935909240228
1103.8,0.013438628062261813
1103.9,0.013436295510144029
1104.0,0.013433938270862885
1104.1000000000001,0.013431556361618795
1104.2,0.013429149798819325
1104.3,0.013426718598061679
1104.4,0.013424262774114985
1104.5,0.013421782340902355
1104.6000000000001,0.013419277311482672
1104.7,0.013416747698032172
1104.8,0.013414193511825748
1104.9,0.013411614763218001
1105.0,0.013409011461624036
1105.1000000000001,0.013406383615499954
1105.2,0.013403731232323112
1105.3,0.013401054318572025
1105.4,0.013398352879706036
1105.5,0.013395626920144642
1105.6000000000001,0.0133928764432465
1105.7,0.013390101451288142
1105.8,0.01338730194544231
1105.9,0.013384477925755986
1106.0,0.013381629391128056
1106.1000000000001,0.013378756339286584
1106.2,0.013375858766765768
1106.3,0.013372936668882444
1106.4,0.013369990039712246
1106.5,0.01336701887206533
1106.6000000000001,0.01336402315746168
1106.7,0.013361002886106005
1106.8,0.01335795804686215
1106.9,0.013354888627227076
1107.0,0.01335179461330438
1107.1000000000001,0.013348675989777285
1107.2,0.013345532739881186
1107.3,0.013342364845375623
1107.4,0.013339172286515773
1107.5,0.013335955042023373
1107.6000000000001,0.013332713089057077
1107.7,0.013329446403182251
1107.8,0.013326154958340155
1107.9,0.013322838726816512
1108.0,0.01331949767920947
1108.1000000000001,0.01331613178439687
1108.2,0.01331274100950289
1108.3,0.01330932531986394
1108.4,0.013305884678993907
1108.5,0.013302419048548633
1108.6000000000001,0.013298928388289619
1108.7,0.013295412656046996
1108.8,0.013291871807681646
1108.9,0.013288305797046525
1109.0,0.013284714575947132
1109.1000000000001,0.013281098094101062
1109.2,0.013277456299096716
1109.3,0.013273789136350996
1109.4,0.013270096549066107
1109.5,0.01326637847818533
1109.6000000000001,0.013262634862347756
1109.7,0.013258865637842001
1109.8,0.01325507073855879
1109.9,0.013251250095942439
1110.0,0.01324740363894117
1110.1000000000001,0.013243531293956216
1110.2,0.01323963298478971
1110.3,0.013235708632591265
1110.4,0.01323175815580327
1110.5,0.01322778147010481
1110.6000000000001,0.013223778488354165
1110.7,0.013219749120529894
1110.8,0.013215693273670384
1110.9,0.013211610851811873
1111.0,0.013207501755924876
1111.1000000000001,0.013203365883848945
1111.2,0.013199203130225743
1111.3,0.013195013386430329
1111.4,0.013190796540500644
1111.5,0.013186552477065116
1111.6000000000001,0.013182281077268291
1111.7,0.01317798221869449
1111.8,0.013173655775289343
1111.9,0.01316930161727921
1112.0,0.013164919611088361
1112.1000000000001,0.013160509619253842
1112.2,0.013156071500337983
1112.3,0.013151605108838414
1112.4,0.013147110295095554
1112.5,0.013142586905197458
1112.6000000000001,0.013138034780881902
1112.7,0.013133453759435691
1112.8,0.013128843673590972
1112.9,0.01312420435141857
1113.0,0.013119535616218151
1113.1000000000001,0.013114837286405119
1113.2,0.01311010917539417
1113.3,0.013105351091479313
1113.4,0.013100562837710284
1113.5,0.013095744211765202
1113.6000000000001,0.013090895005819303
1113.7,0.013086015006409669
1113.8,0.013081103994295719
1113.9,0.013076161744315376
1114.0,0.01307118802523672
1114.1000000000001,0.01306618259960492
1114.2,0.013061145223584343
1114.3,0.013056075646795572
1114.4,0.0130509736121472
1114.5,0.013045838855662161
1114.6000000000001,0.013040671106298392
1114.7,0.013035470085763633
1114.8,0.013030235508324066
1114.9,0.013024967080606636
1115.0,0.01301966450139474
1115.1000000000001,0.013014327461417017
1115.2,0.013008955643129023
1115.3,0.013003548720487415
1115.4,0.012998106358716415
1115.5,0.012992628214066193
1115.6000000000001,0.012987113933562838
1115.7,0.01298156315474961
1115.8,0.012975975505419029
1115.9,0.012970350603335496
1116.0,0.012964688055948024
1116.1000000000001,0.012958987460092603
1116.2,0.012953248401683841
1116.3,0.012947470455395356
1116.4,0.012941653184328458
1116.5,0.012935796139668622
1116.6000000000001,0.012929898860329156
1116.7,0.012923960872581604
1116.8,0.012917981689672169
1116.9,0.012911960811423642
1117.0,0.012905897723822116
1117.1000000000001,0.012899791898587809
1117.2,0.0128936427927293
1117.3,0.012887449848080351
1117.4,0.01288121249081861
1117.5,0.012874930130965245
1117.6000000000001,0.01286860216186468
1117.7,0.01286222795964348
1117.8,0.012855806882647388
1117.9,0.012849338270855461
1118.0,0.01284282144527024
1118.1000000000001,0.012836255707282715
1118.2,0.012829640338010958
1118.3,0.012822974597611017
1118.4,0.012816257724558782
1118.5,0.012809488934901333
1118.6000000000001,0.012802667421476222
1118.7,0.012795792353097125
1118.8,0.012788862873704055
1118.9,0.012781878101476407
1119.0,0.012774837127906852
1119.1000000000001,0.012767739016834038
1119.2,0.012760582803431965
1119.3,0.0127533674931537
1119.4,0.012746092060627033
1119.5,0.012738755448499445
1119.6000000000001,0.012731356566229658
1119.7,0.012723894288822877
1119.8,0.012716367455506559
1119.9,0.012708774868343462
1120.0,0.012701115290778463
1120.1000000000001,0.01269338744611533
1120.2,0.012685590015919613
1120.3,0.012677721638343244
1120.4,0.012669780906366473
1120.5,0.012661766365952247
1120.6000000000001,0.012653676514107879
1120.7,0.012645509796848583
1120.8,0.012637264607056936
1120.9,0.012628939282232078
1121.0,0.012620532102121901
1121.1000000000001,0.012612041286231076
1121.2,0.012603464991197298
1121.3,0.012594801308027464
1121.4,0.012586048259185089
1121.5,0.01257720379551947
1121.6000000000001,0.012568265793026518
1121.7,0.012559232049430453
1121.8,0.012550100280574681
1121.9,0.0125408681166094
1122.0,0.012531533097962502
1122.1000000000001,0.012522092671079345
1122.2,0.012512544183915873
1122.3,0.012502884881168382
1122.4,0.012493111899221972
1122.5,0.012483222260798324
1122.6000000000001,0.012473212869281873
1122.7,0.012463080502701989
1122.8,0.012452821807346793
1122.9,0.012442433290982506
1123.0,0.012431911315650045
1123.1000000000001,0.012421252090008309
1123.2,0.012410451661191297
1123.3,0.012399505906143332
1123.4,0.012388410522393981
1123.5,0.012377161018231084
1123.6000000000001,0.012365752702226836
1123.7,0.012354180672068444
1123.8,0.012342439802640695
1123.9,0.012330524733303741
1124.0,0.012318429854304693
1124.1000000000001,0.012306149292256754
1124.2,0.012293676894614414
1124.3,0.012281006213067536
1124.4,0.012268130485771246
1124.5,0.012255042618322266
1124.6000000000001,0.012241735163385642
1124.7,0.012228200298869077
1124.8,0.012214429804534872
1124.9,0.012200415036932512
1125.0,0.012186146902527808
1125.1000000000001,0.012171615828897734
1125.2,0.012156811733854156
1125.3,0.01214172399235439
1125.4,0.012126341401053195
1125.5,0.012110652140349705
1125.6000000000001,0.012094643733785037
1125.7,0.012078303004653486
1125.8,0.012061616029703768
1125.9,0.012044568089829384
1126.0,0.012027143617681983
1126.1000000000001,0.01200932614219262
1126.2,0.011991098230059045
1126.3,0.011972441424359569
1126.4,0.011953336180595976
1126.5,0.011933761800662239
1126.6000000000001,0.01191369636549995
1126.7,0.011893116667559114
1126.8,0.011871998144665028
1126.9,0.011850314817540517
1127.0,0.011828039234104
1127.1000000000001,0.011805142424832642
1127.2,0.011781593875048358
1127.3,0.011757361522088644
1127.4,0.011732411788148845
1127.5,0.011706709663375526
1127.6000000000001,0.011680218858886692
1127.7,0.011652902056242538
1127.8,0.011624721289090688
1127.9,0.011595638505059347
1128.0,0.011565616372515101
1128.1000000000001,0.011534619418884697
1128.2,0.011502615616543522
1128.3,0.011469578570798427
1128.4,0.011435490514414285
1128.5,0.011400346376381591
1128.6000000000001,0.011364159269915651
1128.7,0.011326967833535456
1128.8,0.011288845950003108
1128.9,0.01124991543759277
1129.0,0.011210362308103652
1129.1000000000001,0.011170457025601765
1129.2,0.011130578725403123
1129.3,0.011091242332933652
1129.4,0.011053125668948205
1129.5,0.011017090716668466
1129.6000000000001,0.0109841894091233
1129.7,0.010955640656482349
1129.8,0.010932764483290317
1129.9,0.0109168650346413
1130.0,0.010909069858086505
1130.1000000000001,0.010910155755470729
1130.2,0.010920410212286244
1130.3,0.010939576325238317
1130.4,0.010966902144211052
1130.5,0.011001275678698677
1130.6000000000001,0.011041398520912479
1130.7,0.011085948440472337
1130.8,0.01113369928972622
1130.9,0.01118358961883482
1131.0,0.011234747629722892
1131.1000000000001,0.011286486503171312
1131.2,0.011338283554698821
1131.3,0.011389753102430233
1131.4,0.01144061907410589
1131.5,0.011490690401862463
1131.6000000000001,0.011539840340416373
1131.7,0.011587989782496753
1131.8,0.011635094145219672
1131.9,0.011681133226230468
1132.0,0.011726103420580324
1132.1000000000001,0.011770011754495165
1132.2,0.01181287127981432
1132.3,0.01185469745829365
1132.4,0.011895505237864878
1132.5,0.011935306580245424
1132.6000000000001,0.01197410824121826
1132.7,0.012011909632898856
1132.8,0.012048700613106122
1132.9,0.012084459052278076
1133.0,0.012119148025143639
1133.1000000000001,0.012152712465510213
1133.2,0.012185075113854436
1133.3,0.012216131591645286
1133.4,0.012245744482029813
1133.5,0.012273736447671203
1133.6000000000001,0.012299882816807562
1133.7,0.01232390504258068
1133.8,0.012345468729976666
1133.9,0.012364195246102936
1134.0,0.012379708297195717
1134.1000000000001,0.01239176562635816
1134.2,0.012400592102381461
1134.3,0.012407674044371448
1134.4,0.012417529420301733
1134.5,0.012441098741889854
1134.6000000000001,0.012499829582719835
1134.7,0.012623061439817368
1134.8,0.012828631590858581
1134.9,0.013104461982425326
1135.0,0.013420520885753547
1135.1000000000001,0.013749114838418272
1135.2,0.014068150787838043
1135.3,0.014355075688137563
1135.4,0.014582605332184664
1135.5,0.014720771147810011
1135.6000000000001,0.014743130029052368
1135.7,0.014626779993235134
1135.8,0.01433672627921093
1135.9,0.013844127724438347
1136.0,0.013816719396353013
1136.1000000000001,0.014253702921542918
1136.2,0.014412549791767128
1136.3,0.014255312040546165
1136.4,0.013800387905508226
1136.5,0.013127704387183815
1136.6000000000001,0.012332553474181464
1136.7,0.011521303849486101
1136.8,0.010988715388453751
1136.9,0.010873633265882907
1137.0,0.010866114119622426
1137.1000000000001,0.010863116920095546
1137.2,0.010861648637353226
1137.3,0.010866067710082129
1137.4,0.010878326980117283
1137.5,0.01089861661668311
1137.6000000000001,0.010926231230369997
1137.7,0.010960052208320088
1137.8,0.010998820967342891
1137.9,0.011041305321107822
1138.0,0.011086396416150364
1138.1000000000001,0.011133154562493277
1138.2,0.011180819365857266
1138.3,0.011228798145339041
1138.4,0.01127664366846097
1138.5,0.011324028633567074
1138.6000000000001,0.011370721175409448
1138.7,0.011416563415190423
1138.8,0.011461453688587517
1138.9,0.01150533234208397
1139.0,0.011548170655915983
1139.1000000000001,0.011589962353003995
1139.2,0.01163071717138319
1139.3,0.011670456045123368
1139.4,0.011709207519510914
1139.5,0.011747005103206346
1139.6000000000001,0.011783885326393365
1139.7,0.011819886328040083
1139.8,0.011855046838118952
1139.9,0.011889405453679006
1140.0,0.011923000132883034
1140.1000000000001,0.01195586785020095
1140.2,0.011988044370303812
1140.3,0.0120195641089645
1140.4,0.012050460057324634
1140.5,0.012080763751908532
1140.6000000000001,0.012110505277266086
1140.7,0.012139713291491525
1140.8,0.012168415067381717
1140.9,0.012196636543880774
1141.0,0.012224402383866836
1141.1000000000001,0.01225173603539138
1141.2,0.012278659794270192
1141.3,0.012305194866514236
1141.4,0.012331361429527909
1141.5,0.01235717869132856
1141.6000000000001,0.012382664947282298
1141.7,0.012407837634028288
1141.8,0.012432713380391931
1141.9,0.012457308055179151
1142.0,0.01248163681180744
1142.1000000000001,0.012505714129771587
1142.2,0.012529553852967954
1142.3,0.012553169224914057
1142.4,0.012576572920903462
1142.5,0.012599777077130789
1142.6000000000001,0.012622793316809806
1142.7,0.012645632773289938
1142.8,0.012668306110153021
1142.9,0.012690823538243814
1143.0,0.012713194829553314
1143.1000000000001,0.012735429327833803
1143.2,0.012757535955777348
1143.3,0.012779523218534167
1143.4,0.012801399203282642
1143.5,0.012823171574486354
1143.6000000000001,0.012844847564383323
1143.7,0.012866433958145294
1143.8,0.01288793707301649
1143.9,0.012909362730587128
1144.0,0.012930716221170587
1144.1000000000001,0.012952002259027016
1144.2,0.012973224926900494
1144.3,0.01299438760799889
1144.4,0.013015492903130083
1144.5,0.013036542530194359
1144.6000000000001,0.013057537202595313
1144.7,0.013078476482336992
1144.8,0.013099358602580493
1144.9,0.013120180253183874
1145.0,0.013140936321172988
1145.1000000000001,0.013161619576095381
1145.2,0.013182220287674294
1145.3,0.013202725759949342
1145.4,0.01322311976196453
1145.5,0.013243381829786566
1145.6000000000001,0.01326348640788575
1145.7,0.013283401789295128
1145.8,0.013303088803025408
1145.9,0.013322499183479676
1146.0,0.013341573539716033
1146.1000000000001,0.013360238822393442
1146.2,0.01337840516426104
1146.3,0.013395961949916903
1146.4,0.0134127729620998
1146.5,0.013428670478249527
1146.6000000000001,0.013443448305560877
1146.7,0.013456854064894818
1146.8,0.013468581833587265
1146.9,0.013478268148647752
1147.0,0.013485498770286613
1147.1000000000001,0.013489843807136243
1147.2,0.013490962488035736
1147.3,0.013488873392026408
1147.4,0.013484606128304202
1147.5,0.013481677302415316
1147.6000000000001,0.01348904100717336
1147.7,0.013525229692182113
1147.8,0.013618225992762972
1147.9,0.013790059486158716
1148.0,0.014035452967829194
1148.1000000000001,0.014327106749880414
1148.2,0.014637296757317632
1148.3,0.014945251958676917
1148.4,0.015232435360372007
1148.5,0.015477024330091635
1148.6000000000001,0.01565266254074756
1148.7,0.015732240222516392
1148.8,0.015691561434313422
1148.9,0.015502937595662356
1149.0,0.015118930398375323
1149.1000000000001,0.014704369152863096
1149.2,0.015073578695237625
1149.3,0.015396551916292033
1149.4,0.015423148978794965
1149.5,0.01515191453341019
1149.6000000000001,0.014626021494305244
1149.7,0.013939091975730719
1149.8,0.013179071056966956
1149.9,0.012413817185855446
1150.0,0.011737339006772244
1150.1000000000001,0.01130509422910203
1150.2,0.011148073000649931
1150.3,0.011126346221971806
1150.4,0.011149766579596694
1150.5,0.011188171655925085
1150.6000000000001,0.011231653748106495
1150.7,0.011276557965144205
1150.8,0.011321427855724615
1150.9,0.011365656854929695
1151.0,0.01140898571967812
1151.1000000000001,0.011451304835472211
1151.2,0.011492573652493766
1151.3,0.011532786319387936
1151.4,0.011571955956743606
1151.5,0.011610106740707398
1151.6000000000001,0.011647269475436584
1151.7,0.011683478875855436
1151.8,0.011718771786430047
1151.9,0.011753185968502075
1152.0,0.01178675926170296
1152.1000000000001,0.011819529004489893
1152.2,0.011851531639433008
1152.3,0.011882802452088765
1152.4,0.011913375406937397
1152.5,0.011943283053779813
1152.6000000000001,0.011972556485009816
1152.7,0.012001225329274688
1152.8,0.01202931777078983
1152.9,0.012056860586357158
1153.0,0.012083879194210927
1153.1000000000001,0.012110397710363357
1153.2,0.012136439009280253
1153.3,0.012162024786582695
1153.4,0.012187175622118301
1153.5,0.012211911042229082
1153.6000000000001,0.012236249580403369
1153.7,0.012260208835767228
1153.8,0.012283805529069058
1153.9,0.012307055555956981
1154.0,0.01232997403745515
1154.1000000000001,0.012352575367621839
1154.2,0.01237487325842684
1154.3,0.012396880781923502
1154.4,0.012418610409816188
1154.5,0.012440074050540094
1154.6000000000001,0.012461283083979646
1154.7,0.012482248393956074
1154.8,0.012502980398615287
1154.9,0.01252348907884545
1155.0,0.012543784004849765
1155.1000000000001,0.012563874360995136
1155.2,0.012583768969051666
1155.3,0.012603476309931774
1155.4,0.012623004544031341
1155.5,0.012642361530268955
1155.6000000000001,0.012661554843912853
1155.7,0.012680591793279222
1155.8,0.012699479435379335
1155.9,0.012718224590587541
1156.0,0.012736833856396576
1156.1000000000001,0.012755313620321554
1156.2,0.012773670072009276
1156.3,0.012791909214604701
1156.4,0.012810036875422317
1156.5,0.012828058715965908
1156.6000000000001,0.012845980241336402
1156.7,0.012863806809063875
1156.8,0.012881543637396119
1156.9,0.012899195813073052
1157.0,0.012916768298612836
1157.1000000000001,0.01293426593913253
1157.2,0.012951693468723066
1157.3,0.012969055516395205
1157.4,0.012986356611610303
1157.5,0.013003601189406515
1157.6000000000001,0.013020793595128014
1157.7,0.013037938088761757
1157.8,0.013055038848882766
1157.9,0.013072099976205582
1158.0,0.013089125496735684
1158.1000000000001,0.013106119364510616
1158.2,0.013123085463916216
1158.3,0.013140027611558308
1158.4,0.013156949557664967
1158.5,0.013173854986988278
1158.6000000000001,0.013190747519167649
1158.7,0.013207630708509095
1158.8,0.01322450804312586
1158.9,0.013241382943375738
1159.0,0.013258258759518604
1159.1000000000001,0.013275138768504205
1159.2,0.01329202616978449
1159.3,0.013308924080026404
1159.4,0.013325835526579668
1159.5,0.01334276343952895
1159.6000000000001,0.013359710642130155
1159.7,0.013376679839395863
1159.8,0.013393673604553461
1159.9,0.013410694363050712
1160.0,0.013427744373725087
1160.1000000000001,0.013444825706683622
1160.2,0.01346194021735684
1160.3,0.013479089516090094
1160.4,0.013496274932515361
1160.5,0.013513497473800849
1160.6000000000001,0.013530757775699363
1160.7,0.013548056045101975
1160.8,0.013565391992541623
1160.9,0.01358276475277121
1161.0,0.013600172791147122
1161.1000000000001,0.013617613793064354
1161.2,0.013635084533089831
1161.3,0.013652580719696302
1161.4,0.013670096810572824
1161.5,0.013687625792330125
1161.6000000000001,0.013705158916968488
1161.7,0.013722685385652352
1161.8,0.013740191968037977
1161.9,0.013757662542499808
1162.0,0.013775077538934909
1162.1000000000001,0.013792413261192637
1162.2,0.013809641060337014
1162.3,0.013826726322625072
1162.4,0.013843627226990653
1162.5,0.013860293215732804
1162.6000000000001,0.01387666310901519
1162.7,0.013892662779253717
1162.8,0.01390820228739232
1162.9,0.013923172374239585
1163.0,0.013937440207507312
1163.1000000000001,0.01395084433334237
1163.2,0.013963188922905987
1163.3,0.013974237754489553
1163.4,0.013983709179075987
1163.5,0.013991275130313835
1163.6000000000001,0.013996571277711272
1163.7,0.01399923441727631
1163.8,0.013999003240883774
1163.9,0.0139959627802483
1164.0,0.013991105342056366
1164.1000000000001,0.01398754493038721
1164.2,0.013992855207590938
1164.3,0.014022336639410174
1164.4,0.014099488609813932
1164.5,0.014245411549762877
1164.6000000000001,0.014460727884762235
1164.7,0.01472480978862913
1164.8,0.01501283266450644
1164.9,0.015305546989156855
1165.0,0.015587352367975583
1165.1000000000001,0.015841293475825722
1165.2,0.01604605725004648
1165.3,0.016176843678432584
1165.4,0.016209019690696613
1165.5,0.016118441035241335
1165.6000000000001,0.01587068020642201
1165.7,0.015426806959553249
1165.8,0.015293043424788677
1165.9,0.01573243214256148
1166.0,0.015947800253761385
1166.1000000000001,0.015877734575148964
1166.2,0.015529897804670411
1166.3,0.014961754807630545
1166.4,0.014259185021526444
1166.5,0.01348361619593199
1166.6000000000001,0.012658589076313537
1166.7,0.011790967269957939
1166.8,0.011050262309486036
1166.9,0.010879204399266413
1167.0,0.010910557436183115
1167.1000000000001,0.010914737442398091
1167.2,0.010894409956032008
1167.3,0.010863133597633341
1167.4,0.010828023734873909
1167.5,0.010792605703809272
1167.6000000000001,0.010758932516570946
1167.7,0.010728543875785193
1167.8,0.010702829146222035
1167.9,0.01068310412154978
1168.0,0.010670543485826694
1168.1000000000001,0.01066604674815391
1168.2,0.010670100413634413
1168.3,0.010682692865291643
1168.4,0.010703318081587528
1168.5,0.010731068882825608
1168.6000000000001,0.010764786862446895
1168.7,0.010803222323056806
1168.8,0.010845166355507575
1168.9,0.01088953745682604
1169.0,0.0109354234757661
1169.1000000000001,0.010982089711283866
1169.2,0.011028966180135791
1169.3,0.01107562484793094
1169.4,0.011121754079758244
1169.5,0.011167134409556443
1169.6000000000001,0.01121161750109539
1169.7,0.01125510883066423
1169.8,0.01129755392036227
1169.9,0.011338927649867197
1170.0,0.011379226095317324
1170.1000000000001,0.011418460373159633
1170.2,0.011456652039664084
1170.3,0.011493829679580516
1170.4,0.011530026394527885
1170.5,0.011565277967312588
1170.6000000000001,0.011599621531454309
1170.7,0.011633094616856098
1170.8,0.011665734474622099
1170.9,0.011697577608403783
1171.0,0.011728659458038295
1171.1000000000001,0.011759014195034789
1171.2,0.011788674599781182
1171.3,0.011817671998047648
1171.4,0.01184603624011218
1171.5,0.011873795710123211
1171.6000000000001,0.011900977356515996
1171.7,0.011927606736690216
1171.8,0.011953708070942216
1171.9,0.011979304301979951
1172.0,0.01200441715734606
1172.1000000000001,0.012029067212819555
1172.2,0.012053273955422735
1172.3,0.012077055845074227
1172.4,0.01210043037423707
1172.5,0.012123414125138824
1172.6000000000001,0.012146022824308548
1172.7,0.012168271394298477
1172.8,0.012190174002546945
1172.9,0.012211744107402762
1173.0,0.012232994501375506
1173.1000000000001,0.012253937351706408
1173.2,0.012274584238374193
1173.3,0.012294946189661813
1173.4,0.012315033715416247
1173.5,0.012334856838135266
1173.6000000000001,0.012354425122013972
1173.7,0.012373747700080763
1173.8,0.012392833299547679
1173.9,0.012411690265494605
1174.0,0.012430326583000698
1174.1000000000001,0.012448749897829995
1174.2,0.012466967535771816
1174.3,0.012484986520730103
1174.4,0.012502813591649668
1174.5,0.012520455218361374
1174.6000000000001,0.012537917616422463
1174.7,0.012555206761022992
1174.8,0.012572328400024094
1174.9,0.012589288066189128
1175.0,0.012606091088664239
1175.1000000000001,0.012622742603760728
1175.2,0.012639247565087783
1175.3,0.012655610753080465
1175.4,0.012671836783964621
1175.5,0.012687930118197226
1175.6000000000001,0.01270389506841786
1175.7,0.0127197358069444
1175.8,0.012735456372843531
1175.9,0.012751060678604537
1176.0,0.01276655251644263
1176.1000000000001,0.01278193556425628
1176.2,0.01279721339126121
1176.3,0.012812389463322046
1176.4,0.012827467148001214
1176.5,0.012842449719343186
1176.6000000000001,0.01285734036241095
1176.7,0.012872142177590425
1176.8,0.012886858184677361
1176.9,0.012901491326760368
1177.0,0.012916044473912697
1177.1000000000001,0.012930520426704558
1177.2,0.01294492191954701
1177.3,0.012959251623877616
1177.4,0.012973512151197486
1177.5,0.012987706055968638
1177.6000000000001,0.013001835838379964
1177.7,0.013015903946989687
1177.8,0.01302991278125152
1177.9,0.0130438646939314
1178.0,0.013057761993421168
1178.1000000000001,0.013071606945955112
1178.2,0.013085401777735048
1178.3,0.013099148676969095
1178.4,0.013112849795829079
1178.5,0.013126507252331159
1178.6000000000001,0.013140123132143945
1178.7,0.01315369949032815
1178.8,0.013167238353011522
1178.9,0.0131807417190026
1179.0,0.01319421156134655
1179.1000000000001,0.013207649828826181
1179.2,0.013221058447410996
1179.3,0.013234439321656926
1179.4,0.013247794336059247
1179.5,0.013261125356360965
1179.6000000000001,0.01327443423081877
1179.7,0.013287722791428518
1179.8,0.013300992855112008
1179.9,0.013314246224866655
1180.0,0.01332748469087953
1180.1000000000001,0.01334071003160699
1180.2,0.013353924014821075
1180.3,0.013367128398623546
1180.4,0.013380324932428389
1180.5,0.013393515357913353
1180.6000000000001,0.013406701409940897
1180.7,0.013419884817448827
1180.8,0.013433067304310537
1180.9,0.0134462505901647
1181.0,0.013459436391213964
1181.1000000000001,0.013472626420991876
1181.2,0.013485822391097161
1181.3,0.01349902601189397
1181.4,0.013512238993176579
1181.5,0.013525463044796548
1181.6000000000001,0.013538699877249932
1181.7,0.013551951202221827
1181.8,0.013565218733084881
1181.9,0.013578504185347973
1182.0,0.01359180927705063
1182.1000000000001,0.013605135729097977
1182.2,0.013618485265530415
1182.3,0.013631859613721192
1182.4,0.013645260504494168
1182.5,0.013658689672152939
1182.6000000000001,0.013672148854411183
1182.7,0.01368563979221282
1182.8,0.013699164229428818
1182.9,0.013712723912415728
1183.0,0.013726320589419024
1183.1000000000001,0.013739956009801749
1183.2,0.013753631923076541
1183.3,0.013767350077715708
1183.4,0.013781112219710774
1183.5,0.013794920090848577
1183.6000000000001,0.013808775426666467
1183.7,0.013822679954043704
1183.8,0.013836635388379911
1183.9,0.013850643430304227
1184.0,0.013864705761850492
1184.1000000000001,0.013878824042024054
1184.2,0.01389299990167461
1184.3,0.01390723493757628
1184.4,0.01392153070560096
1184.5,0.013935888712852958
1184.6000000000001,0.01395031040861207
1184.7,0.013964797173907638
1184.8,0.013979350309517052
1184.9,0.013993971022148187
1185.0,0.014008660408524656
1185.1000000000001,0.014023419437044994
1185.2,0.01403824892662997
1185.3,0.014053149522304275
1185.4,0.014068121666978036
1185.5,0.014083165568796375
1185.6000000000001,0.014098281163308697
1185.7,0.014113468069569039
1185.8,0.014128725539108896
1185.9,0.014144052396518485
1186.0,0.01415944697012219
1186.1000000000001,0.014174907010929041
1186.2,0.014190429597666164
1186.3,0.014206011025245255
1186.4,0.014221646673448714
1186.5,0.014237330851926275
1186.6000000000001,0.014253056616731102
1186.7,0.01426881555255416
1186.8,0.01428459751348265
1186.9,0.014300390313445335
1187.0,0.014316179355428395
1187.1000000000001,0.014331947185944837
1187.2,0.014347672957988285
1187.3,0.014363331781643845
1187.4,0.014378893936489537
1187.5,0.014394323913720355
1187.6000000000001,0.014409579248414989
1187.7,0.014424609093515131
1187.8,0.014439352477176981
1187.9,0.01445373617515429
1188.0,0.01446767212222975
1188.1000000000001,0.014481054286959024
1188.2,0.01449375495403506
1188.3,0.014505620423497763
1188.4,0.014516466298287165
1188.5,0.01452607290134505
1188.6000000000001,0.014534182173320137
1188.7,0.014540499149093344
1188.8,0.014544704868729766
1188.9,0.014546495671846515
1189.0,0.014545681238414434
1189.1000000000001,0.014542410617877005
1189.2,0.014537669207496254
1189.3,0.014534312242347447
1189.4,0.01453898152674523
1189.5,0.0145647261157273
1189.6000000000001,0.014631575677336653
1189.7,0.014758794543978881
1189.8,0.01495003673990785
1189.9,0.015189836231649781
1190.0,0.015456440874873687
1190.1000000000001,0.015732006857518827
1190.2,0.016002732544936286
1190.3,0.016254869062654644
1190.4,0.01647132938566546
1190.5,0.01663085707291961
1190.6000000000001,0.016710164107524
1190.7,0.016686201491902974
1190.8,0.016532000798800732
1190.9,0.016204067185452784
1191.0,0.015779747816621927
1191.1000000000001,0.016042349121451766
1191.2,0.01639553541144379
1191.3,0.016483097736181788
1191.4,0.016299154171341784
1191.5,0.015867102908247065
1191.6000000000001,0.015255811596610483
1191.7,0.014534933623634928
1191.8,0.013735242855089229
1191.9,0.012860026417182459
1192.0,0.012220038836171702
1192.1000000000001,0.012267540474160446
1192.2,0.012367059206385308
1192.3,0.012412087712024487
1192.4,0.012430758560614912
1192.5,0.012438606659493218
1192.6000000000001,0.012442115599826277
1192.7,0.012443890307756965
1192.8,0.012444968034715544
1192.9,0.012445760469472352
1193.0,0.012446430699824625
1193.1000000000001,0.012447043198447505
1193.2,0.012447623361521352
1193.3,0.01244818111333387
1193.4,0.012448720256148732
1193.5,0.012449242170919776
1193.6000000000001,0.012449747281012958
1193.7,0.012450235630742088
1193.8,0.01245070711387375
1193.9,0.012451161563812738
1194.0,0.012451598789165432
1194.1000000000001,0.012452018587747502
1194.2,0.012452420752090671
1194.3,0.012452805071599021
1194.4,0.012453171333385549
1194.5,0.012453519322589061
1194.6000000000001,0.012453848822486345
1194.7,0.012454159614523633
1194.8,0.012454451478316001
1194.9,0.012454724191633891
1195.0,0.012454977530384218
1195.1000000000001,0.012455211268589029
1195.2,0.012455425178362822
1195.3,0.012455619029888997
1195.4,0.012455792591395554
1195.5,0.012455945629130149
1195.6000000000001,0.012456077907334438
1195.7,0.012456189188217786
1195.8,0.012456279231930257
1195.9,0.012456347796534893
1196.0,0.01245639463797928
1196.1000000000001,0.012456419510066336
1196.2,0.012456422164424342
1196.3,0.012456402350476153
1196.4,0.012456359815407606
1196.5,0.012456294304135071
1196.6000000000001,0.012456205559272113
1196.7,0.012456093321095287
1196.8,0.012455957327508968
1196.9,0.012455797314009252
1197.0,0.01245561301364686
1197.1000000000001,0.012455404156989031
1197.2,0.012455170472080366
1197.3,0.012454911684402594
1197.4,0.012454627516833235
1197.5,0.01245431768960311
1197.6000000000001,0.012453981920252672
1197.7,0.01245361992358712
1197.8,0.012453231411630272
1197.9,0.012452816093577108
1198.0,0.012452373675745044
1198.1000000000001,0.01245190386152375
1198.2,0.012451406351323628
1198.3,0.012450880842522768
1198.4,0.012450327029412426
1198.5,0.012449744603140953
1198.6000000000001,0.01244913325165608
1198.7,0.012448492659645599
1198.8,0.01244782250847628
1198.9,0.01244712247613107
1199.0,0.012446392237144457
1199.1000000000001,0.012445631462535928
1199.2,0.012444839819741533
1199.3,0.012444016972543409
1199.4,0.012443162580997251
1199.5,0.012442276301357658
1199.6000000000001,0.012441357786001238
1199.7,0.01244040668334748
1199.8,0.012439422637777236
1199.9,0.01243840528954878
1200.0,0.012437354274711375
1200.1000000000001,0.012436269225016198
1200.2,0.012435149767824633
1200.3,0.012433995526013741
1200.4,0.012432806117878883
1200.5,0.012431581157033389
1200.6000000000001,0.012430320252305114
1200.7,0.012429023007629866
1200.8,0.012427689021941518
1200.9,0.012426317889058727
1201.0,0.012424909197568152
1201.1000000000001,0.012423462530704003
1201.2,0.012421977466223847
1201.3,0.012420453576280488
1201.4,0.012418890427289825
1201.5,0.012417287579794514
1201.6000000000001,0.012415644588323279
1201.7,0.012413961001245774
1201.8,0.012412236360622724
1201.9,0.012410470202051296
1202.0,0.012408662054505432
1202.1000000000001,0.012406811440171006
1202.2,0.012404917874275601
1202.3,0.01240298086491269
1202.4,0.012400999912860032
1202.5,0.01239897451139208
1202.6000000000001,0.012396904146086102
1202.7,0.012394788294621876
1202.8,0.012392626426574615
1202.9,0.012390418003200936
1203.0,0.012388162477217576
1203.1000000000001,0.012385859292572528
1203.2,0.012383507884208392
1203.3,0.012381107677817539
1203.4,0.012378658089588818
1203.5,0.01237615852594547
1203.6000000000001,0.01237360838327384
1203.7,0.012371007047642586
1203.8,0.012368353894511946
1203.9,0.01236564828843267
1204.0,0.012362889582734205
1204.1000000000001,0.012360077119201654
1204.2,0.012357210227741082
1204.3,0.012354288226032623
1204.4,0.012351310419170926
1204.5,0.012348276099292375
1204.6000000000001,0.012345184545188492
1204.7,0.012342035021904977
1204.8,0.012338826780325706
1204.9,0.012335559056741063
1205.0,0.012332231072399908
1205.1000000000001,0.012328842033044433
1205.2,0.012325391128427168
1205.3,0.012321877531809309
1205.4,0.01231830039943953
1205.5,0.012314658870012414
1205.6000000000001,0.01231095206410547
1205.7,0.01230717908359389
1205.8,0.012303339011041864
1205.9,0.012299430909069426
1206.0,0.012295453819693674
1206.1000000000001,0.012291406763643086
1206.2,0.012287288739643703
1206.3,0.012283098723675756
1206.4,0.012278835668199333
1206.5,0.012274498501347555
1206.6000000000001,0.012270086126085614
1206.7,0.012265597419334038
1206.8,0.012261031231054294
1206.9,0.012256386383294892
1207.0,0.012251661669195923
1207.1000000000001,0.012246855851949909
1207.2,0.012241967663716692
1207.3,0.012236995804489932
1207.4,0.012231938940912705
1207.5,0.012226795705039456
1207.6000000000001,0.012221564693041418
1207.7,0.012216244463852501
1207.8,0.012210833537752314
1207.9,0.012205330394882955
1208.0,0.012199733473695852
1208.1000000000001,0.012194041169324722
1208.2,0.012188251831880563
1208.3,0.012182363764664163
1208.4,0.012176375222291471
1208.5,0.012170284408726762
1208.6000000000001,0.012164089475218229
1208.7,0.012157788518130291
1208.8,0.012151379576666482
1208.9,0.012144860630476385
1209.0,0.012138229597139673
1209.1000000000001,0.01213148432951972
1209.2,0.01212462261297888
1209.3,0.012117642162446802
1209.4,0.012110540619332734
1209.5,0.012103315548271938
1209.6000000000001,0.012095964433695731
1209.7,0.01208848467621395
1209.8,0.012080873588797668
1209.9,0.012073128392749311
1210.0,0.012065246213446172
1210.1000000000001,0.012057224075842424
1210.2,0.012049058899713591
1210.3,0.012040747494626167
1210.4,0.012032286554613874
1210.5,0.012023672652540575
1210.6000000000001,0.01201490223412836
1210.7,0.012005971611627697
1210.8,0.011996876957104736
1210.9,0.011987614295318978
1211.0,0.011978179496162459
1211.1000000000001,0.011968568266629283
1211.2,0.011958776142282124
1211.3,0.0119487984781795
1211.4,0.011938630439225054
1211.5,0.011928266989897006
1211.6000000000001,0.011917702883312686
1211.7,0.011906932649579833
1211.8,0.011895950583382504
1211.9,0.011884750730745778
1212.0,0.011873326874919253
1212.1000000000001,0.011861672521315123
1212.2,0.011849780881432221
1212.3,0.011837644855692778
1212.4,0.011825257015114074
1212.5,0.011812609581732497
1212.6000000000001,0.011799694407692978
1212.7,0.01178650295291259
1212.8,0.011773026261223318
1212.9,0.01175925493489603
1213.0,0.011745179107445894
1213.1000000000001,0.011730788414619244
1213.2,0.011716071963464171
1213.3,0.011701018299392315
1213.4,0.01168561537114909
1213.5,0.011669850493625022
1213.6000000000001,0.011653710308464139
1213.7,0.011637180742459011
1213.8,0.011620246963769348
1213.9,0.011602893336066537
1214.0,0.011585103370796
1214.1000000000001,0.011566859677870035
1214.2,0.011548143915266566
1214.3,0.011528936738226232
1214.4,0.011509217749029925
1214.5,0.011488965448723408
1214.6000000000001,0.011468157192665916
1214.7,0.011446769152456153
1214.8,0.011424776287685054
1214.9,0.011402152332151994
1215.0,0.011378869800754293
1215.1000000000001,0.011354900025345378
1215.2,0.011330213230623202
1215.3,0.011304778664780194
1215.4,0.011278564804515907
1215.5,0.01125153966047283
1215.6000000000001,0.011223671217715558
1215.7,0.011194928057193123
1215.8,0.011165280219041073
1215.9,0.0111347003881271
1216.0,0.011103165507636297
1216.1000000000001,0.011070658959042702
1216.2,0.011037173487702182
1216.3,0.011002715103057571
1216.4,0.010967308239914491
1216.5,0.010931002527636563
1216.6000000000001,0.010893881565562995
1216.7,0.01085607412085026
1216.8,0.010817768103275317
1216.9,0.010779227451602204
1217.0,0.01074081156582653
1217.1000000000001,0.010702995974276139
1217.2,0.01066639136383856
1217.3,0.010631755866051609
1217.4,0.010599992876333484
1217.5,0.010572124692925724
1217.6000000000001,0.010549232854659779
1217.7,0.010532361712385916
1217.8,0.010522393722344465
1217.9,0.010519920413773807
1218.0,0.010525143932172357
1218.1000000000001,0.010537841116545828
1218.2,0.010557402774722027
1218.3,0.010582934374312685
1218.4,0.010613385677674668
1218.5,0.010647674651867835
1218.6000000000001,0.010684782356005462
1218.7,0.010723810964825194
1218.8,0.010764008791234495
1218.9,0.010804771560267922
1219.0,0.010845629609842054
1219.1000000000001,0.010886228636064612
1219.2,0.010926308982920126
1219.3,0.010965686264821986
1219.4,0.011004234578020715
1219.5,0.011041872634351014
1219.6000000000001,0.011078552666087238
1219.7,0.011114251740229161
1219.8,0.011148965064124447
1219.9,0.011182700884837861
1220.0,0.011215476637219682
1220.1000000000001,0.011247316056300067
1220.2,0.0112782470270016
1220.3,0.011308299993659671
1220.4,0.011337506792431831
1220.5,0.011365899801947278
1220.6000000000001,0.01139351133269754
1220.7,0.01142037319501694
1220.8,0.011446516400258537
1220.9,0.011471970960965612
1221.0,0.011496765764301043
1221.1000000000001,0.011520928499381553
1221.2,0.011544485623976026
1221.3,0.011567462359652997
1221.4,0.011589882707194955
1221.5,0.011611769476156924
1221.6000000000001,0.011633144324000365
1221.7,0.011654027801405512
1221.8,0.011674439401249827
1221.9,0.011694397609407627
1222.0,0.011713919956029425
1222.1000000000001,0.011733023066338713
1222.2,0.011751722710269318
1222.3,0.011770033850480395
1222.4,0.011787970688446184
1222.5,0.01180554670843657
1222.6000000000001,0.011822774719292356
1222.7,0.011839666893963433
1222.8,0.011856234806824305
1222.9,0.011872489468814402
1223.0,0.011888441360473142
1223.1000000000001,0.011904100462954748
1223.2,0.011919476287117115
1223.3,0.011934577900783942
1223.4,0.011949413954281354
1223.5,0.011963992704349781
1223.6000000000001,0.01197832203652986
1223.7,0.01199240948611812
1223.8,0.012006262257784206
1223.9,0.01201988724393717
1224.0,0.012033291041923765
1224.1000000000001,0.012046479970136852
1224.2,0.012059460083107558
1224.3,0.012072237185649976
1224.4,0.01208481684612291
1224.5,0.012097204408868798
1224.6000000000001,0.01210940500588586
1224.7,0.012121423567785675
1224.8,0.012133264834084756
1224.9,0.012144933362875214
1225.0,0.0121564335399165
1225.1000000000001,0.012167769587187061
1225.2,0.0121789455709322
1225.3,0.01218996540924155
1225.4,0.012200832879187454
1225.5,0.012211551623553096
1225.6000000000001,0.012222125157177242
1225.7,0.012232556872940585
1225.8,0.012242850047416763
1225.9,0.012253007846209675
1226.0,0.01226303332899701
1226.1000000000001,0.012272929454298604
1226.2,0.01228269908398695
1226.3,0.012292344987555876
1226.4,0.012301869846162413
1226.5,0.012311276256455783
1226.6000000000001,0.012320566734206442
1226.7,0.012329743717747352
1226.8,0.012338809571238672
1226.9,0.012347766587766464
1227.0,0.012356616992285178
1227.1000000000001,0.012365362944413098
1227.2,0.012374006541089305
1227.3,0.012382549819100148
1227.4,0.012390994757482725
1227.5,0.01239934327981233
1227.6000000000001,0.012407597256380432
1227.7,0.012415758506269324
1227.8,0.012423828799329146
1227.9,0.012431809858062703
1228.0,0.012439703359423095
1228.1000000000001,0.012447510936528888
1228.2,0.012455234180301287
1228.3,0.01246287464102745
1228.4,0.012470433829853887
1228.5,0.012477913220213615
1228.6000000000001,0.012485314249190497
1228.7,0.012492638318824098
1228.8,0.012499886797358011
1228.9,0.012507061020434647
1229.0,0.012514162292239133
1229.1000000000001,0.012521191886594884
1229.2,0.012528151048013317
1229.3,0.0125350409926999
1229.4,0.012541862909518751
1229.5,0.01254861796091779
1229.6000000000001,0.012555307283816338
1229.7,0.01256193199045702
1229.8,0.01256849316922361
1229.9,0.012574991885426516
1230.0,0.012581429182057381
1230.1000000000001,0.012587806080514241
1230.2,0.012594123581298654
1230.3,0.012600382664686039
1230.4,0.012606584291370515
1230.5,0.01261272940308536
1230.6000000000001,0.012618818923200192
1230.7,0.012624853757295962
1230.8,0.0126308347937187
1230.9,0.012636762904112997
1231.0,0.012642638943936099
1231.1000000000001,0.012648463752953448
1231.2,0.012654238155716539
1231.3,0.012659962962023767
1231.4,0.012665638967365073
1231.5,0.012671266953351076
1231.6000000000001,0.012676847688127275
1231.7,0.012682381926774074
1231.8,0.012687870411693097
1231.9,0.012693313872980479
1232.0,0.012698713028787608
1232.1000000000001,0.012704068585669838
1232.2,0.01270938123892371
1232.3,0.012714651672913097
1232.4,0.01271988056138477
1232.5,0.012725068567773789
1232.6000000000001,0.012730216345499123
1232.7,0.012735324538249913
1232.8,0.012740393780262722
1232.9,0.012745424696590155
1233.0,0.012750417903361197
1233.1000000000001,0.012755374008033522
1233.2,0.012760293609638209
1233.3,0.012765177299017045
1233.4,0.012770025659052763
1233.5,0.012774839264892491
1233.6000000000001,0.01277961868416463
1233.7,0.012784364477189464
1233.8,0.012789077197183698
1233.9,0.012793757390459173
1234.0,0.01279840559661601
1234.1000000000001,0.01280302234873031
1234.2,0.012807608173536713
1234.3,0.012812163591605934
1234.4,0.012816689117517505
1234.5,0.012821185260027894
1234.6000000000001,0.012825652522234141
1234.7,0.012830091401733246
1234.8,0.012834502390777386
1234.9,0.012838885976425176
1235.0,0.012843242640689107
1235.1000000000001,0.012847572860679253
1235.2,0.012851877108743477
1235.3,0.012856155852604174
1235.4,0.012860409555491727
1235.5,0.012864638676274805
1235.6000000000001,0.01286884366958757
1235.7,0.012873024985953968
1235.8,0.01287718307190915
1235.9,0.01288131837011819
1236.0,0.012885431319492161
1236.1000000000001,0.012889522355301651
1236.2,0.012893591909287882
1236.3,0.012897640409771436
1236.4,0.012901668281758741
1236.5,0.012905675947046386
1236.6000000000001,0.012909663824323306
1236.7,0.012913632329270992
1236.8,0.012917581874661728
1236.9,0.012921512870454968
1237.0,0.012925425723891944
1237.1000000000001,0.012929320839588499
1237.2,0.012933198619626322
1237.3,0.01293705946364253
1237.4,0.012940903768917763
1237.5,0.012944731930462807
1237.6000000000001,0.012948544341103775
1237.7,0.012952341391565985
1237.8,0.012956123470556502
1237.9,0.012959890964845462
1238.0,0.01296364425934622
1238.1000000000001,0.012967383737194327
1238.2,0.012971109779825466
1238.3,0.012974822767052306
1238.4,0.012978523077140413
1238.5,0.0129822110868832
1238.6000000000001,0.01298588717167597
1238.7,0.012989551705589127
1238.8,0.012993205061440576
1238.9,0.012996847610867342
1239.0,0.013000479724396503
1239.1000000000001,0.013004101771515385
1239.2,0.013007714120741169
1239.3,0.013011317139689851
1239.4,0.01301491119514467
1239.5,0.013018496653123986
1239.6000000000001,0.013022073878948675
1239.7,0.01302564323730907
1239.8,0.013029205092331478
1239.9,0.013032759807644317
1240.0,0.01303630774644392
1240.1000000000001,0.013039849271559982
1240.2,0.013043384745520786
1240.3,0.013046914530618117
1240.4,0.01305043898897202
1240.5,0.01305395848259534
1240.6000000000001,0.01305747337345812
1240.7,0.013060984023551906
1240.8,0.013064490794953927
1240.9,0.01306799404989125
1241.0,0.013071494150804922
1241.1000000000001,0.01307499146041408
1241.2,0.01307848634178016
1241.3,0.01308197915837113
1241.4,0.013085470274125842
1241.5,0.01308896005351855
1241.6000000000001,0.013092448861623527
1241.7,0.013095937064179967
1241.8,0.013099425027657027
1241.9,0.013102913119319189
1242.0,0.013106401707291902
1242.1000000000001,0.013109891160627529
1242.2,0.01311338184937167
1242.3,0.013116874144629852
1242.4,0.013120368418634655
1242.5,0.013123865044813294
1242.6000000000001,0.013127364397855652
1242.7,0.013130866853782881
1242.8,0.013134372790016502
1242.9,0.01313788258544813
1243.0,0.013141396620509805
1243.1000000000001,0.013144915277244963
1243.2,0.01314843893938012
1243.3,0.013151967992397262
1243.4,0.013155502823607002
1243.5,0.013159043822222542
1243.6000000000001,0.013162591379434459
1243.7,0.013166145888486377
1243.8,0.013169707744751527
1243.9,0.013173277345810289
1244.0,0.013176855091528715
1244.1000000000001,0.013180441384138064
1244.2,0.013184036628315453
1244.3,0.013187641231265571
1244.4,0.013191255602803613
1244.5,0.013194880155439384
1244.6000000000001,0.013198515304462647
1244.7,0.013202161468029801
1244.8,0.013205819067251873
1244.9,0.013209488526283925
1245.0,0.013213170272415902
1245.1000000000001,0.013216864736164966
1245.2,0.013220572351369383
1245.3,0.013224293555284015
1245.4,0.013228028788677468
1245.5,0.013231778495930954
1245.6000000000001,0.013235543125138919
1245.7,0.013239323128211519
1245.8,0.013243118960978958
1245.9,0.013246931083297818
1246.0,0.013250759959159388
1246.1000000000001,0.013254606056800079
1246.2,0.013258469848814009
1246.3,0.013262351812267788
1246.4,0.01326625242881763
1246.5,0.013270172184828817
1246.6000000000001,0.013274111571497608
1246.7,0.013278071084975697
1246.8,0.013282051226497244
1246.9,0.013286052502508616
1247.0,0.01329007542480091
1247.1000000000001,0.013294120510645302
1247.2,0.01329818828293141
1247.3,0.013302279270308625
1247.4,0.01330639400733064
1247.5,0.013310533034603209
1247.6000000000001,0.013314696898935201
1247.7,0.013318886153493166
1247.8,0.013323101357959388
1247.9,0.013327343078693621
1248.0,0.01333161188889862
1248.1000000000001,0.013335908368789494
1248.2,0.013340233105767136
1248.3,0.013344586694595728
1248.4,0.013348969737584506
1248.5,0.013353382844773928
1248.6000000000001,0.013357826634126319
1248.7,0.013362301731721177
1248.8,0.013366808771955256
1248.9,0.013371348397747562
1249.0,0.013375921260749433
1249.1000000000001,0.0133805280215598
1249.2,0.013385169349945839
1249.3,0.013389845925069102
1249.4,0.013394558435717345
1249.5,0.013399307580542153
1249.6000000000001,0.013404094068302563
1249.7,0.013408918618114812
1249.8,0.013413781959708406
1249.9,0.013418684833688637
1250.0,0.01342362799180576
1250.1000000000001,0.013428612197230903
1250.2,0.013433638224839015
1250.3,0.013438706861498848
1250.4,0.013443818906370277
1250.5,0.013448975171209016
1250.6000000000001,0.013454176480678912
1250.7,0.013459423672671991
1250.8,0.013464717598636338
1250.9,0.01347005912391197
1251.0,0.013475449128074845
1251.1000000000001,0.01348088850528901
1251.2,0.013486378164667133
1251.3,0.013491919030639305
1251.4,0.01349751204333031
1251.5,0.013503158158945289
1251.6000000000001,0.0135088583501638
1251.7,0.013514613606542259
1251.8,0.013520424934924623
1251.9,0.013526293359861198
1252.0,0.013532219924035381
1252.1000000000001,0.01353820568869804
1252.2,0.013544251734109258
1252.3,0.013550359159986923
1252.4,0.013556529085961751
1252.5,0.013562762652038048
1252.6000000000001,0.013569061019059421
1252.7,0.013575425369178632
1252.8,0.013581856906330401
1252.9,0.013588356856705975
1253.0,0.01359492646922793
1253.1000000000001,0.013601567016023459
1253.2,0.01360827979289416
1253.3,0.01361506611977989
1253.4,0.013621927341214016
1253.5,0.013628864826766849
1253.6000000000001,0.013635879971473586
1253.7,0.013642974196242573
1253.8,0.013650148948238924
1253.9,0.013657405701237938
1254.0,0.013664745955941776
1254.1000000000001,0.01367217124025192
1254.2,0.013679683109488807
1254.3,0.013687283146548743
1254.4,0.013694972961986629
1254.5,0.013702754194011381
1254.6000000000001,0.01371062850837886
1254.7,0.013718597598164862
1254.8,0.013726663183397953
1254.9,0.01373482701052897
1255.0,0.013743090851710228
1255.1000000000001,0.013751456503853407
1255.2,0.013759925787430178
1255.3,0.013768500544973854
1255.4,0.013777182639233831
1255.5,0.01378597395092671
1255.6000000000001,0.01379487637601881
1255.7,0.013803891822464248
1255.8,0.01381302220630989
1255.9,0.013822269447063808
1256.0,0.013831635462206155
1256.1000000000001,0.013841122160700544
1256.2,0.013850731435339325
1256.3,0.013860465153726584
1256.4,0.013870325147667692
1256.5,0.013880313200691984
1256.6000000000001,0.013890431033384831
1256.7,0.013900680286144614
1256.8,0.01391106249890683
1256.9,0.013921579087288999
1257.0,0.013932231314502287
1257.1000000000001,0.01394302025824477
1257.2,0.013953946771630987
1257.3,0.013965011437015827
1257.4,0.013976214511329006
1257.5,0.013987555861237273
1257.6000000000001,0.013999034886080697
1257.7,0.014010650426067545
1257.8,0.014022400652634458
1257.9,0.014034282937153204
1258.0,0.01404629369324997
1258.1000000000001,0.014058428186843367
1258.2,0.014070680306531348
1258.3,0.014083042285069682
1258.4,0.014095504360260847
1258.5,0.014108054360444974
1258.6000000000001,0.014120677195733825
1258.7,0.01413335423086151
1258.8,0.014146062508654338
1258.9,0.014158773784139283
1259.0,0.014171453317558478
1259.1000000000001,0.01418405835920996
1259.2,0.014196536239107146
1259.3,0.014208821948892508
1259.4,0.014220835071455178
1259.5,0.01423247587555877
1259.6000000000001,0.014243620351842064
1259.7,0.014254113934037563
1259.8,0.014263763655512535
1259.9,0.014272328612359799
1260.0,0.014279509025762228
1260.1000000000001,0.014284935368375436
1260.2,0.014288162042670574
1260.3,0.014288677701067698
1260.4,0.014285963318561518
1260.5,0.014279676681155602
1260.6000000000001,0.014270158803337324
1260.7,0.014259722623170145
1260.8,0.014255617651564271
1260.9,0.014275277259825489
1261.0,0.014349140968002296
1261.1000000000001,0.01450528836577221
1261.2,0.014740149799612925
1261.3,0.01502212447273467
1261.4,0.015319747391350237
1261.5,0.01561031748648562
1261.6000000000001,0.015873350602148263
1261.7,0.016084773199043792
1261.8,0.016217458875404
1261.9,0.016246596189674996
1262.0,0.016150694329941574
1262.1000000000001,0.015898218486078575
1262.2,0.015454709997153463
1262.3,0.015393964089938907
1262.4,0.01580714756587585
1262.5,0.015977080004549383
1262.6000000000001,0.015869283152097114
1262.7,0.015499197066506733
1262.8,0.014946162250104908
1262.9,0.014326884545192783
1263.0,0.013763782673051637
1263.1000000000001,0.013372392605563936
1263.2,0.013176596277279271
1263.3,0.013099910063350264
1263.4,0.013074304334462935
1263.5,0.013068325313671893
1263.6000000000001,0.0130697791741091
1263.7,0.013074071624638724
1263.8,0.013079470405862586
1263.9,0.013085320231144195
1264.0,0.01309137274374691
1264.1000000000001,0.01309753389258193
1264.2,0.013103768315681621
1264.3,0.013110063038333487
1264.4,0.013116413653434175
1264.5,0.013122819047117998
1264.6000000000001,0.013129279380771238
1264.7,0.013135795317112257
1264.8,0.013142367722755358
1264.9,0.013148997553736446
1265.0,0.01315568581147486
1265.1000000000001,0.013162433525922857
1265.2,0.013169241749237365
1265.3,0.013176111553534743
1265.4,0.013183044030233695
1265.5,0.013190040290016341
1265.6000000000001,0.013197101463028773
1265.7,0.013204228699172123
1265.8,0.013211423168424441
1265.9,0.013218686061168543
1266.0,0.013226018588514342
1266.1000000000001,0.013233421982609154
1266.2,0.013240897496931293
1266.3,0.013248446406562489
1266.4,0.013256070008434566
1266.5,0.013263769621545216
1266.6000000000001,0.013271546587137093
1266.7,0.01327940226883368
1266.8,0.01328733805272434
1266.9,0.013295355347390039
1267.0,0.013303455583859848
1267.1000000000001,0.013311640215487018
1267.2,0.0133199107177318
1267.3,0.0133282685878362
1267.4,0.013336715344373895
1267.5,0.013345252526655898
1267.6000000000001,0.01335388169396978
1267.7,0.013362604424626985
1267.8,0.013371422314788871
1267.9,0.013380336977037782
1268.0,0.013389350038654275
1268.1000000000001,0.013398463139555613
1268.2,0.013407677929843834
1268.3,0.013416996066903374
1268.4,0.013426419211979002
1268.5,0.013435949026153497
1268.6000000000001,0.013445587165631578
1268.7,0.013455335276221371
1268.8,0.013465194986886432
1268.9,0.013475167902220234
1269.0,0.013485255593669754
1269.1000000000001,0.013495459589304704
1269.2,0.013505781361893659
1269.3,0.013516222315005494
1269.4,0.013526783766804103
1269.5,0.01353746693114325
1269.6000000000001,0.013548272895495274
1269.7,0.013559202595159114
1269.8,0.013570256783086161
1269.9,0.013581435994532905
1270.0,0.013592740505591451
1270.1000000000001,0.013604170284456034
1270.2,0.013615724934047401
1270.3,0.013627403624325768
1270.4,0.01363920501226402
1270.5,0.013651127147007322
1270.6000000000001,0.013663167357191138
1270.7,0.013675322116697275
1270.8,0.013687586884258949
1270.9,0.013699955911232069
1271.0,0.01371242201046664
1271.1000000000001,0.01372497627745611
1271.2,0.013737607752704563
1271.3,0.013750303011389417
1271.4,0.013763045662725031
1271.5,0.013775815736709057
1271.6000000000001,0.013788588929848354
1271.7,0.01380133567362159
1271.8,0.013814019979358438
1271.9,0.013826598000339006
1272.0,0.013839016235661484
1272.1000000000001,0.013851209280366716
1272.2,0.013863097002608337
1272.3,0.013874581003069621
1272.4,0.013885540189966338
1272.5,0.013895825299399608
1272.6000000000001,0.013905252240486062
1272.7,0.013913594328935424
1272.8,0.013920573979265953
1272.9,0.013925855689513916
1273.0,0.013929045191660333
1273.1000000000001,0.013929706872503729
1273.2,0.013927428770329578
1273.3,0.013922005273292754
1273.4,0.013913902213521762
1273.5,0.013905368115059786
1273.6000000000001,0.013902843772298794
1273.7,0.013921026795671223
1273.8,0.01398521248573079
1273.9,0.014120698921993566
1274.0,0.014329482769756862
1274.1000000000001,0.014587702465057426
1274.2,0.014867371278633006
1274.3,0.015147633348211034
1274.4,0.015411302013830614
1274.5,0.015639050545516488
1274.6000000000001,0.01580734072723524
1274.7,0.015891307710060157
1274.8,0.015868610446839463
1274.9,0.015715153860454533
1275.0,0.015389455769793694
1275.1000000000001,0.014975968630416328
1275.2,0.015256693666695659
1275.3,0.01557906485211425
1275.4,0.015636826756720016
1275.5,0.01542684331463898
1275.6000000000001,0.014983023315485873
1275.7,0.014393596504450653
1275.8,0.013757168337183002
1275.9,0.013169187241251322
1276.0,0.012732402955659482
1276.1000000000001,0.012493429103718933
1276.2,0.012392686897795843
1276.3,0.012355929136199853
1276.4,0.012344509172070374
1276.5,0.012342824294113455
1276.6000000000001,0.012344888038943388
1276.7,0.012348411604345709
1276.8,0.012352517728181946
1276.9,0.012356869559771923
1277.0,0.012361337720685978
1277.1000000000001,0.012365872646279627
1277.2,0.01237045552801656
1277.3,0.01237507942918459
1277.4,0.012379742004901103
1277.5,0.012384442691770008
1277.6000000000001,0.012389181621547762
1277.7,0.012393959200699094
1277.8,0.01239877594750358
1277.9,0.01240363242891631
1278.0,0.012408529236120734
1278.1000000000001,0.01241346697511199
1278.2,0.012418446263128978
1278.3,0.012423467727367073
1278.4,0.012428532004583024
1278.5,0.012433639741050911
1278.6000000000001,0.012438791592657962
1278.7,0.012443988225057762
1278.8,0.01244923031384852
1278.9,0.012454518544763801
1279.0,0.012459853613870765
1279.1000000000001,0.01246523622777396
1279.2,0.01247066710382396
1279.3,0.012476146970330478
1279.4,0.012481676566779887
1279.5,0.012487256644057042
1279.6000000000001,0.012492887964671313
1279.7,0.012498571302986832
1279.8,0.012504307445456758
1279.9,0.012510097190861533
1280.0,0.012515941350550942
1280.1000000000001,0.012521840748689762
1280.2,0.012527796222506866
1280.3,0.012533808622547415
1280.4,0.012539878812927898
1280.5,0.01254600767159363
1280.6000000000001,0.012552196090578248
1280.7,0.01255844497626474
1280.8,0.012564755249647362
1280.9,0.012571127846593848
1281.0,0.01257756371810705
1281.1000000000001,0.012584063830585135
1281.2,0.012590629166079371
1281.3,0.012597260722548199
1281.4,0.012603959514106382
1281.5,0.012610726571267597
1281.6000000000001,0.012617562941178773
1281.7,0.012624469687844182
1281.8,0.012631447892337007
1281.9,0.01263849865299583
1282.0,0.012645623085603143
1282.1000000000001,0.0126528223235425
1282.2,0.012660097517930676
1282.3,0.012667449837720423
1282.4,0.01267488046976909
1282.5,0.012682390618867573
1282.6000000000001,0.012689981507723339
1282.7,0.012697654376890485
1282.8,0.012705410484638732
1282.9,0.012713251106752272
1283.0,0.012721177536248034
1283.1000000000001,0.012729191083001514
1283.2,0.012737293073266818
1283.3,0.01274548484907543
1283.4,0.012753767767496368
1283.5,0.012762143199737678
1283.6000000000001,0.012770612530066538
1283.7,0.012779177154521914
1283.8,0.012787838479389926
1283.9,0.012796597919407854
1284.0,0.012805456895657538
1284.1000000000001,0.012814416833103193
1284.2,0.012823479157721944
1284.3,0.012832645293167428
1284.4,0.012841916656897785
1284.5,0.012851294655688628
1284.6000000000001,0.012860780680439136
1284.7,0.012870376100164857
1284.8,0.012880082255053585
1284.9,0.012889900448440643
1285.0,0.012899831937536023
1285.1000000000001,0.012909877922707806
1285.2,0.012920039535093093
1285.3,0.012930317822268004
1285.4,0.012940713731661509
1285.5,0.012951228091341518
1285.6000000000001,0.01296186158773462
1285.7,0.012972614739760182
1285.8,0.012983487868762416
1285.9,0.012994481063506856
1286.0,0.013005594139365766
1286.1000000000001,0.013016826590644421
1286.2,0.013028177534790106
1286.3,0.013039645646968441
1286.4,0.01305122908317608
1286.5,0.013062925389670304
1286.6000000000001,0.013074731396015497
1286.7,0.013086643088450978
1286.8,0.013098655459542778
1286.9,0.013110762329155692
1287.0,0.013122956130620258
1287.1000000000001,0.013135227654508419
1287.2,0.013147565740588122
1287.3,0.013159956906194516
1287.4,0.013172384896297663
1287.5,0.013184830136790756
1287.6000000000001,0.013197269067753092
1287.7,0.013209673327395682
1287.8,0.013222008749768132
1287.9,0.013234234129769798
1288.0,0.013246299697291812
1288.1000000000001,0.013258145228365147
1288.2,0.013269697705542973
1288.3,0.013280868424354934
1288.4,0.013291549432656086
1288.5,0.013301609197096855
1288.6000000000001,0.013310887442832648
1288.7,0.013319189268728309
1288.8,0.013326279032208229
1288.9,0.013331875416701553
1289.0,0.01333565119180608
1289.1000000000001,0.013337245926743293
1289.2,0.013336310683651384
1289.3,0.013332628093340515
1289.4,0.013326405467154582
1289.5,0.013318951452678763
1289.6000000000001,0.013314132597185025
1289.7,0.013321052777834337
1289.8,0.013357105437847783
1289.9,0.013445779017345671
1290.0,0.013601901862375284
1290.1000000000001,0.01381714230828433
1290.2,0.014068216326517809
1290.3,0.014333310635710484
1290.4,0.014596299724661999
1290.5,0.014842718620215169
1290.6000000000001,0.015055414452762123
1290.7,0.015213175746267267
1290.8,0.01529304650835144
1290.9,0.015273244680519268
1291.0,0.015129380147955257
1291.1000000000001,0.014821014280489679
1291.2,0.014416757158228748
1291.3,0.0146664607157299
1291.4,0.014993926767347506
1291.5,0.015068823660316269
1291.6000000000001,0.014886555278979674
1291.7,0.014473285298722865
1291.8,0.013903798382087537
1291.9,0.013259872856686698
1292.0,0.012605000069026585
1292.1000000000001,0.012000977971990076
1292.2,0.01152799239529208
1292.3,0.011241572847041807
1292.4,0.01110408647921903
1292.5,0.011042628452286636
1292.6000000000001,0.011012799608153403
1292.7,0.010995405345393486
1292.8,0.010982800664106127
1292.9,0.010971969318128622
1293.0,0.010961716844505934
1293.1000000000001,0.010951566777144107
1293.2,0.010941326218562026
1293.3,0.010930914314443539
1293.4,0.010920294389084397
1293.5,0.010909447055329065
1293.6000000000001,0.010898359542688413
1293.7,0.01088702144976401
1293.8,0.010875423042445216
1293.9,0.010863554560783577
1294.0,0.010851405924974663
1294.1000000000001,0.010838966598530135
1294.2,0.010826225512536024
1294.3,0.010813171012758518
1294.4,0.010799790814341008
1294.5,0.010786071957978472
1294.6000000000001,0.01077200076510853
1294.7,0.01075756279113934
1294.8,0.010742742776363279
1294.9,0.010727524594511201
1295.0,0.01071189119909967
1295.1000000000001,0.010695824567906203
1295.2,0.010679305646120876
1295.3,0.010662314288997242
1295.4,0.010644829205190083
1295.5,0.010626827902454904
1295.6000000000001,0.01060828663803687
1295.7,0.010589180376951078
1295.8,0.010569482762526478
1295.9,0.010549166105152975
1296.0,0.01052820139727054
1296.1000000000001,0.010506558365452274
1296.2,0.010484205574205097
1296.3,0.010461110601169965
1296.4,0.010437240310187465
1296.5,0.010412561257787422
1296.6000000000001,0.010387040280830347
1296.7,0.010360645329269294
1296.8,0.010333346629571936
1296.9,0.010305118292776288
1297.0,0.010275940518191102
1297.1000000000001,0.010245802591118945
1297.2,0.010214706931833043
1297.3,0.010182674522782603
1297.4,0.010149752116966367
1297.5,0.010116021699585063
1297.6000000000001,0.010081612708761683
1297.7,0.010046717463363945
1297.8,0.010011609997759541
1297.9,0.009976667906584283
1298.0,0.009942395638803185
1298.1000000000001,0.00990944572009791
1298.2,0.009878631551162791
1298.3,0.009850922160300438
1298.4,0.009827407033707533
1298.5,0.009809220668861156
1298.6000000000001,0.009797425038692381
1298.7,0.009792864587929353
1298.8,0.009796027341121966
1298.9,0.009806955225612105
1299.0,0.00982523594766434
1299.1000000000001,0.009850079526086282
1299.2,0.009880451464056913
1299.3,0.009915219724212533
1299.4,0.009953279042950753
1299.5,0.009993634372377186
1299.6000000000001,0.010035442783636061
1299.7,0.010078023238542266
1299.8,0.01012084622571786
1299.9,0.01016351344972407
1300.0,0.010205734526298865
1300.1000000000001,0.010247304665130262
1300.2,0.01028808519513083
1300.3,0.01032798749154321
1300.4,0.010366960180753839
1300.5,0.010404979200372177
1300.6000000000001,0.01044204020869865
1300.7,0.010478152860181906
1300.8,0.010513336529214087
1300.9,0.010547617140909534
1301.0,0.01058102483912198
1301.1000000000001,0.010613592283079088
1301.2,0.010645353413537721
1301.3,0.010676342568247659
1301.4,0.01070659385644082
1301.5,0.010736140724805604
1301.6000000000001,0.010765015664545649
1301.7,0.010793250021971942
1301.8,0.010820873884680848
1301.9,0.010847916022535736
1302.0,0.010874403868012038
1302.1000000000001,0.010900363524447898
1302.2,0.010925819793712233
1302.3,0.010950796217017377
1302.4,0.010975315124256927
1302.5,0.010999397688483906
1302.6000000000001,0.011023063983065915
1302.7,0.011046333039742003
1302.8,0.011069222906318728
1302.9,0.01109175070312489
1303.0,0.011113932677627825
1303.1000000000001,0.011135784256823938
1303.2,0.011157320097170497
1303.3,0.01117855413193835
1303.4,0.011199499615946755
1303.5,0.011220169167699606
1303.6000000000001,0.011240574808982757
1303.7,0.011260728002009814
1303.8,0.011280639684221341
1303.9,0.011300320300853135
1304.0,0.011319779835394523
1304.1000000000001,0.011339027838059096
1304.2,0.011358073452389199
1304.3,0.011376925440112234
1304.4,0.011395592204362528
1304.5,0.011414081811377205
1304.6000000000001,0.011432402010768707
1304.7,0.011450560254470653
1304.8,0.011468563714447553
1304.9,0.011486419299252839
1305.0,0.011504133669513814
1305.1000000000001,0.011521713252416242
1305.2,0.011539164255255963
1305.3,0.011556492678119486
1305.4,0.0115737043257506
1305.5,0.011590804818655282
1305.6000000000001,0.011607799603492515
1305.7,0.011624693962794544
1305.8,0.011641493024055772
1305.9,0.011658201768225752
1306.0,0.011674825037637867
1306.1000000000001,0.011691367543401695
1306.2,0.011707833872283548
1306.3,0.01172422849309619
1306.4,0.011740555762615328
1306.5,0.011756819931037108
1306.6000000000001,0.01177302514698734
1306.7,0.011789175462089749
1306.8,0.011805274835096828
1306.9,0.011821327135583183
1307.0,0.011837336147197178
1307.1000000000001,0.011853305570462406
1307.2,0.011869239025115904
1307.3,0.011885140051964893
1307.4,0.011901012114238291
1307.5,0.011916858598402953
1307.6000000000001,0.011932682814407583
1307.7,0.01194848799530949
1307.8,0.011964277296230157
1307.9,0.011980053792575577
1308.0,0.01199582047744535
1308.1000000000001,0.012011580258140992
1308.2,0.012027335951668258
1308.3,0.012043090279109775
1308.4,0.01205884585872311
1308.5,0.012074605197594322
1308.6000000000001,0.012090370681647568
1308.7,0.012106144563776924
1308.8,0.012121928949825486
1308.9,0.012137725782088481
1309.0,0.012153536819959445
1309.1000000000001,0.012169363617269799
1309.2,0.012185207495790122
1309.3,0.012201069514262813
1309.4,0.012216950432217422
1309.5,0.012232850667676999
1309.6000000000001,0.01224877024769071
1309.7,0.012264708750418166
1309.8,0.01228066523723489
1309.9,0.01229663817301617
1310.0,0.012312625332373473
1310.1000000000001,0.012328623689146865
1310.2,0.012344629285876409
1310.3,0.012360637079257272
1310.4,0.012376640756692486
1310.5,0.012392632517949196
1310.6000000000001,0.012408602814542658
1310.7,0.012424540037747067
1310.8,0.012440430143974753
1310.9,0.01245625620356817
1311.0,0.012471997855681701
1311.1000000000001,0.012487630647742925
1311.2,0.012503125232814912
1311.3,0.012518446391886793
1311.4,0.012533551840630442
1311.5,0.012548390771613223
1311.6000000000001,0.012562902073965687
1311.7,0.01257701216471632
1311.8,0.012590632363234038
1311.9,0.012603655750746913
1312.0,0.01261595349823782
1312.1000000000001,0.012627370754764142
1312.2,0.012637722440968427
1312.3,0.012646789850358702
1312.4,0.012654320166312807
1312.5,0.012660033591445656
1312.6000000000001,0.012663648349926528
1312.7,0.012664945792579662
1312.8,0.012663923357939866
1312.9,0.012661135530320285
1313.0,0.012658418177498706
1313.1000000000001,0.012660301653458444
1313.2,0.012676248022202642
1313.3,0.012722353013205276
1313.4,0.01281766784368412
1313.5,0.012971871436858717
1313.6000000000001,0.013176423585671046
1313.7,0.013412227853062708
1313.8,0.013661467017501063
1313.9,0.013910633713509429
1314.0,0.01414759574795428
1314.1000000000001,0.014358050054668324
1314.2,0.01452383654636789
1314.3,0.014624071313102267
1314.4,0.01463777278864819
1314.5,0.014542899945274157
1314.6000000000001,0.014306325568611167
1314.7,0.01390692743031611
1314.8,0.013888627130322507
1314.9,0.014267099950753731
1315.0,0.01443112813317324
1315.1000000000001,0.0143479358871038
1315.2,0.014026350478816587
1315.3,0.013516512513385998
1315.4,0.012885443262956835
1315.5,0.012171200488290972
1315.6000000000001,0.01138420520928185
1315.7,0.010792870082217807
1315.8,0.010817843184553986
1315.9,0.010901170034448208
1316.0,0.010935396521921433
1316.1000000000001,0.01094507529265034
1316.2,0.010944459292314352
1316.3,0.010939584932037222
1316.4,0.010932901588969441
1316.5,0.010925391821194189
1316.6000000000001,0.010917446731658035
1316.7,0.010909219897403384
1316.8,0.010900769594319902
1316.9,0.010892115811000408
1317.0,0.010883263072960923
1317.1000000000001,0.010874209568088537
1317.2,0.01086495078752682
1317.3,0.010855480971600289
1317.4,0.010845793677308046
1317.5,0.010835881993972403
1317.6000000000001,0.010825738617536206
1317.7,0.010815355867578279
1317.8,0.010804725680572032
1317.9,0.010793839592711912
1318.0,0.010782688717560879
1318.1000000000001,0.010771263720547365
1318.2,0.01075955479105208
1318.3,0.010747551612310943
1318.4,0.010735243329157363
1318.5,0.010722618513550301
1318.6000000000001,0.010709665127811374
1318.7,0.010696370485497198
1318.8,0.01068272120985237
1318.9,0.010668703189822396
1319.0,0.010654301533656547
1319.1000000000001,0.010639500520202372
1319.2,0.010624283548093081
1319.3,0.010608633083165077
1319.4,0.010592530604627634
1319.5,0.010575956550755852
1319.6000000000001,0.010558890265212959
1319.7,0.010541309945557053
1319.8,0.010523192596088079
1319.9,0.01050451398799401
1320.0,0.010485248630828378
1320.1000000000001,0.01046536976078519
1320.2,0.01044484935315406
1320.3,0.01042365816890106
1320.4,0.010401765848749705
1320.5,0.010379141072724701
1320.6000000000001,0.010355751809261867
1320.7,0.010331565686201253
1320.8,0.01030655052695172
1320.9,0.01028067510973166
1321.0,0.010253910227175773
1321.1000000000001,0.010226230149125104
1321.2,0.01019761462466162
1321.3,0.010168051602006347
1321.4,0.010137540897942353
1321.5,0.010106099111725565
1321.6000000000001,0.010073766148478111
1321.7,0.010040613783455006
1321.8,0.010006756738024718
1321.9,0.00997236670470557
1322.0,0.00993768956973181
1322.1000000000001,0.00990306560353799
1322.2,0.00986895143155899
1322.3,0.009835940944347093
1322.4,0.009804779839581886
1322.5,0.009776365470210503
1322.6000000000001,0.009751721187260021
1322.7,0.009731934683348589
1322.8,0.009718055992462617
1322.9,0.009710964439674494
1323.0,0.009711231708601461
1323.1000000000001,0.009719020522926305
1323.2,0.009734053939299396
1323.3,0.009755666711127754
1323.4,0.009782919814182585
1323.5,0.009814739970688827
1323.6000000000001,0.009850046615210353
1323.7,0.009887843701010982
1323.8,0.009927271235326971
1323.9,0.009967623197069802
1324.0,0.010008342864988142
1324.1000000000001,0.010049005893582352
1324.2,0.010089298678191517
1324.3,0.0101289966083952
1324.4,0.010167944546596561
1324.5,0.010206040412126586
1324.6000000000001,0.010243221937576341
1324.7,0.010279456276873237
1324.8,0.010314732006709251
1324.9,0.010349053054788466
1325.0,0.010382434138379866
1325.1000000000001,0.010414897365835523
1325.2,0.010446469722865847
1325.3,0.01047718122632323
1325.4,0.010507063578627122
1325.5,0.010536149196048842
1325.6000000000001,0.010564470515219007
1325.7,0.010592059506051302
1325.8,0.010618947337330997
1325.9,0.010645164154808843
1326.0,0.010670738941833421
1326.1000000000001,0.010695699440180806
1326.2,0.01072007211443961
1326.3,0.01074388214756708
1326.4,0.010767153458413111
1326.5,0.010789908734386764
1326.6000000000001,0.010812169474217887
1326.7,0.01083395603709668
1326.8,0.010855287695469156
1326.9,0.01087618268951118
1327.0,0.010896658281860441
1327.1000000000001,0.010916730811601433
1327.2,0.010936415746808535
1327.3,0.010955727735182363
1327.4,0.010974680652485068
1327.5,0.010993287648605464
1327.6000000000001,0.011011561191176225
1327.7,0.011029513106731356
1327.8,0.011047154619438733
1327.9,0.011064496387475057
1328.0,0.01108154853713216
1328.1000000000001,0.011098320694757342
1328.2,0.011114822016638397
1328.3,0.011131061216947435
1328.4,0.011147046593858173
1328.5,0.011162786053949615
1328.6000000000001,0.011178287135005722
1328.7,0.011193557027316512
1328.8,0.011208602593580912
1328.9,0.011223430387506556
1329.0,0.011238046671196121
1329.1000000000001,0.011252457431404338
1329.2,0.011266668394744482
1329.3,0.01128068504191777
1329.4,0.011294512621034234
1329.5,0.011308156160088699
1329.6000000000001,0.011321620478651099
1329.7,0.01133491019882604
1329.8,0.01134802975553253
1329.9,0.01136098340615113
1330.0,0.011373775239582285
1330.1000000000001,0.011386409184756313
1330.2,0.011398889018632657
1330.3,0.01141121837372314
1330.4,0.011423400745171453
1330.5,0.011435439497418692
1330.6000000000001,0.011447337870482608
1330.7,0.011459098985876215
1330.8,0.011470725852189452
1330.9,0.011482221370356004
1331.0,0.011493588338625675
1331.1000000000001,0.011504829457261279
1331.2,0.011515947332977687
1331.3,0.011526944483139357
1331.4,0.01153782333973156
1331.5,0.01154858625311946
1331.6000000000001,0.011559235495608123
1331.7,0.01156977326481576
1331.8,0.011580201686871544
1331.9,0.01159052281944862
1332.0,0.011600738654642218
1332.1000000000001,0.011610851121702024
1332.2,0.011620862089627483
1332.3,0.011630773369634004
1332.4,0.01164058671749758
1332.5,0.011650303835784843
1332.6000000000001,0.01165992637597505
1332.7,0.011669455940480196
1332.8,0.011678894084568892
1332.9,0.011688242318199456
1333.0,0.011697502107767195
1333.1000000000001,0.01170667487777057
1333.2,0.011715762012400715
1333.3,0.011724764857058388
1333.4,0.011733684719802275
1333.5,0.011742522872732307
1333.6000000000001,0.011751280553311354
1333.7,0.01175995896562862
1333.8,0.011768559281607643
1333.9,0.011777082642161874
1334.0,0.011785530158300422
1334.1000000000001,0.011793902912186528
1334.2,0.011802201958151173
1334.3,0.011810428323663984
1334.4,0.011818583010263648
1334.5,0.011826666994449756
1334.6000000000001,0.011834681228537978
1334.7,0.011842626641480367
1334.8,0.011850504139652432
1334.9,0.011858314607608597
1335.0,0.011866058908807544
1335.1000000000001,0.011873737886308796
1335.2,0.011881352363442
1335.3,0.011888903144450038
1335.4,0.011896391015107283
1335.5,0.011903816743314073
1335.6000000000001,0.01191118107966849
1335.7,0.011918484758016493
1335.8,0.011925728495981336
1335.9,0.011932912995473208
1336.0,0.011940038943179992
1336.1000000000001,0.011947107011039907
1336.2,0.01195411785669689
1336.3,0.011961072123939402
1336.4,0.011967970443123425
1336.5,0.011974813431580281
1336.6000000000001,0.011981601694009922
1336.7,0.011988335822860338
1336.8,0.01199501639869359
1336.9,0.012001643990539103
1337.0,0.012008219156234696
1337.1000000000001,0.012014742442755839
1337.2,0.012021214386533682
1337.3,0.012027635513762213
1337.4,0.012034006340695062
1337.5,0.012040327373932347
1337.6000000000001,0.012046599110697888
1337.7,0.012052822039107302
1337.8,0.012058996638427182
1337.9,0.012065123379325828
1338.0,0.012071202724115798
1338.1000000000001,0.012077235126988587
1338.2,0.012083221034241785
1338.3,0.012089160884498922
1338.4,0.012095055108922354
1338.5,0.012100904131419416
1338.6000000000001,0.012106708368842048
1338.7,0.012112468231180243
1338.8,0.012118184121749418
1338.9,0.012123856437372045
1339.0,0.012129485568553663
1339.1000000000001,0.012135071899653523
1339.2,0.012140615809050046
1339.3,0.012146117669301269
1339.4,0.01215157784730048
1339.5,0.012156996704427186
1339.6000000000001,0.012162374596693594
1339.7,0.012167711874886761
1339.8,0.012173008884706557
1339.9,0.012178265966899584
1340.0,0.01218348345738921
1340.1000000000001,0.01218866168740181
1340.2,0.012193800983589406
1340.3,0.012198901668148743
1340.4,0.012203964058937004
1340.5,0.01220898846958424
1340.6000000000001,0.012213975209602596
1340.7,0.012218924584492497
1340.8,0.01222383689584585
1340.9,0.012228712441446382
1341.0,0.012233551515367203
1341.1000000000001,0.01223835440806566
1341.2,0.012243121406475635
1341.3,0.012247852794097274
1341.4,0.012252548851084314
1341.5,0.01225720985432906
1341.6000000000001,0.012261836077545028
1341.7,0.012266427791347448
1341.8,0.012270985263331551
1341.9,0.012275508758148848
1342.0,0.012279998537581356
1342.1000000000001,0.01228445486061389
1342.2,0.012288877983504469
1342.3,0.012293268159852894
1342.4,0.012297625640667545
1342.5,0.012301950674430474
1342.6000000000001,0.01230624350716081
1342.7,0.01231050438247658
1342.8,0.012314733541654922
1342.9,0.01231893122369081
1343.0,0.012323097665354308
1343.1000000000001,0.012327233101246355
1343.2,0.01233133776385322
1343.3,0.012335411883599552
1343.4,0.012339455688900174
1343.5,0.012343469406210573
1343.6000000000001,0.012347453260076182
1343.7,0.012351407473180467
1343.8,0.012355332266391834
1343.9,0.012359227858809437
1344.0,0.012363094467807886
1344.1000000000001,0.012366932309080878
1344.2,0.012370741596683834
1344.3,0.012374522543075497
1344.4,0.012378275359158575
1344.5,0.012382000254319472
1344.6000000000001,0.012385697436467039
1344.7,0.0123893671120705
1344.8,0.012393009486196475
1344.9,0.012396624762545175
1345.0,0.012400213143485793
1345.1000000000001,0.012403774830091089
1345.2,0.01240731002217122
1345.3,0.012410818918306803
1345.4,0.012414301715881284
1345.5,0.012417758611112576
1345.6000000000001,0.01242118979908402
1345.7,0.0124245954737747
1345.8,0.012427975828089076
1345.9,0.012431331053886026
1346.0,0.012434661342007268
1346.1000000000001,0.012437966882305172
1346.2,0.012441247863670032
1346.3,0.01244450447405675
1346.4,0.012447736900510998
1346.5,0.012450945329194845
1346.6000000000001,0.01245412994541187
1346.7,0.012457290933631803
1346.8,0.012460428477514645
1346.9,0.012463542759934354
1347.0,0.012466633963002082
1347.1000000000001,0.012469702268088927
1347.2,0.012472747855848317
1347.3,0.012475770906237927
1347.4,0.012478771598541242
1347.5,0.012481750111388698
1347.6000000000001,0.012484706622778445
1347.7,0.012487641310096772
1347.8,0.012490554350138149
1347.9,0.012493445919124923
1348.0,0.012496316192726722
1348.1000000000001,0.012499165346079475
1348.2,0.01250199355380417
1348.3,0.012504800990025284
1348.4,0.012507587828388915
1348.5,0.012510354242080664
1348.6000000000001,0.012513100403843201
1348.7,0.012515826485993595
1348.8,0.012518532660440368
1348.9,0.012521219098700319
1349.0,0.012523885971915102
1349.1000000000001,0.01252653345086756
1349.2,0.012529161705997868
1349.3,0.01253177090741943
1349.4,0.012534361224934574
1349.5,0.012536932828050072
1349.6000000000001,0.012539485885992444
1349.7,0.012542020567723088
1349.8,0.012544537041953222
1349.9,0.012547035477158673
1350.0,0.012549516041594502
1350.1000000000001,0.012551978903309441
1350.2,0.012554424230160234
1350.3,0.01255685218982578
1350.4,0.012559262949821185
1350.5,0.012561656677511659
1350.6000000000001,0.012564033540126284
1350.7,0.012566393704771694
1350.8,0.01256873733844561
1350.9,0.012571064608050278
1351.0,0.012573375680405839
1351.1000000000001,0.01257567072226354
1351.2,0.012577949900318932
1351.3,0.012580213381224921
1351.4,0.012582461331604773
1351.5,0.012584693918065049
1351.6000000000001,0.012586911307208463
1351.7,0.01258911366564668
1351.8,0.012591301160013052
1351.9,0.012593473956975321
1352.0,0.012595632223248259
1352.1000000000001,0.012597776125606273
1352.2,0.01259990583089597
1352.3,0.012602021506048697
1352.4,0.012604123318093047
1352.5,0.012606211434167356
1352.6000000000001,0.01260828602153216
1352.7,0.01261034724758267
1352.8,0.01261239527986121
1352.9,0.012614430286069673
1353.0,0.012616452434081967
1353.1000000000001,0.012618461891956471
1353.2,0.012620458827948508
1353.3,0.012622443410522814
1353.4,0.012624415808366044
1353.5,0.012626376190399302
1353.6000000000001,0.012628324725790686
1353.7,0.01263026158396788
1353.8,0.012632186934630769
1353.9,0.012634100947764102
1354.0,0.012636003793650217
1354.1000000000001,0.012637895642881774
1354.2,0.012639776666374593
1354.3,0.012641647035380508
1354.4,0.012643506921500305
1354.5,0.012645356496696734
1354.6000000000001,0.012647195933307561
1354.7,0.012649025404058737
1354.8,0.0126508450820776
1354.9,0.012652655140906213
1355.0,0.012654455754514743
1355.1000000000001,0.012656247097314962
1355.2,0.012658029344173833
1355.3,0.012659802670427194
1355.4,0.012661567251893557
1355.5,0.012663323264888017
1355.6000000000001,0.012665070886236253
1355.7,0.012666810293288682
1355.8,0.012668541663934704
1355.9,0.012670265176617094
1356.0,0.012671981010346514
1356.1000000000001,0.012673689344716162
1356.2,0.01267539035991658
1356.3,0.012677084236750564
1356.4,0.012678771156648267
1356.5,0.012680451301682447
1356.6000000000001,0.012682124854583835
1356.7,0.012683791998756726
1356.8,0.012685452918294688
1356.9,0.012687107797996462
1357.0,0.012688756823382058
1357.1000000000001,0.012690400180708985
1357.2,0.012692038056988727
1357.3,0.01269367064000335
1357.4,0.01269529811832236
1357.5,0.012696920681319725
1357.6000000000001,0.012698538519191118
1357.7,0.012700151822971375
1357.8,0.012701760784552164
1357.9,0.01270336559669987
1358.0,0.01270496645307373
1358.1000000000001,0.012706563548244164
1358.2,0.012708157077711394
1358.3,0.012709747237924264
1358.4,0.012711334226299319
1358.5,0.012712918241240169
1358.6000000000001,0.012714499482157063
1358.7,0.012716078149486786
1358.8,0.012717654444712786
1358.9,0.012719228570385597
1359.0,0.012720800730143566
1359.1000000000001,0.012722371128733822
1359.2,0.012723939972033606
1359.3,0.012725507467071863
1359.4,0.01272707382205115
1359.5,0.01272863924636989
1359.6000000000001,0.012730203950644914
1359.7,0.012731768146734376
1359.8,0.01273333204776096
1359.9,0.01273489586813548
1360.0,0.012736459823580813
1360.1000000000001,0.012738024131156194
1360.2,0.012739589009281887
1360.3,0.012741154677764226
1360.4,0.01274272135782105
1360.5,0.012744289272107542
1360.6000000000001,0.01274585864474244
1360.7,0.012747429701334701
1360.8,0.012749002669010545
1360.9,0.012750577776440963
1361.0,0.012752155253869643
1361.1000000000001,0.01275373533314135
1361.2,0.012755318247730772
1361.3,0.012756904232771813
1361.4,0.012758493525087393
1361.5,0.012760086363219719
1361.6000000000001,0.012761682987461045
1361.7,0.012763283639884975
1361.8,0.012764888564378251
1361.9,0.012766498006673092
1362.0,0.012768112214380093
1362.1000000000001,0.012769731437021628
1362.2,0.012771355926065889
1362.3,0.012772985934961447
1362.4,0.012774621719172449
1362.5,0.012776263536214394
1362.6000000000001,0.012777911645690546
1362.7,0.012779566309328973
1362.8,0.012781227791020238
1362.9,0.012782896356855748
1363.0,0.0127845722751668
1363.1000000000001,0.012786255816564283
1363.2,0.012787947253979135
1363.3,0.01278964686270348
1363.4,0.012791354920432547
1363.5,0.012793071707307336
1363.6000000000001,0.012794797505958024
1363.7,0.012796532601548234
1363.8,0.01279827728182006
1363.9,0.012800031837139946
1364.0,0.012801796560545427
1364.1000000000001,0.01280357174779271
1364.2,0.01280535769740519
1364.3,0.012807154710722852
1364.4,0.012808963091952596
1364.5,0.01281078314821957
1364.6000000000001,0.012812615189619429
1364.7,0.01281445952927163
1364.8,0.012816316483373757
1364.9,0.012818186371256878
1365.0,0.012820069515442019
1365.1000000000001,0.0128219662416977
1365.2,0.012823876879098658
1365.3,0.012825801760085676
1365.4,0.01282774122052665
1365.5,0.012829695599778864
1365.6000000000001,0.012831665240752506
1365.7,0.01283365048997548
1365.8,0.012835651697659534
1365.9,0.01283766921776774
1366.0,0.012839703408083363
1366.1000000000001,0.012841754630280129
1366.2,0.012843823249993998
1366.3,0.012845909636896377
1366.4,0.01284801416476891
1366.5,0.012850137211579842
1366.6000000000001,0.01285227915956196
1366.7,0.012854440395292262
1366.8,0.012856621309773256
1366.9,0.01285882229851607
1367.0,0.012861043761625335
1367.1000000000001,0.012863286103885894
1367.2,0.012865549734851458
1367.3,0.012867835068935142
1367.4,0.012870142525502058
1367.5,0.012872472528963941
1367.6000000000001,0.012874825508875873
1367.7,0.012877201900035195
1367.8,0.01287960214258264
1367.9,0.012882026682105753
1368.0,0.012884475969744671
1368.1000000000001,0.012886950462300312
1368.2,0.01288945062234507
1368.3,0.012891976918336033
1368.4,0.012894529824730858
1368.5,0.01289710982210634
1368.6000000000001,0.012899717397279738
1368.7,0.012902353043432988
1368.8,0.012905017260239812
1368.9,0.012907710553995871
1369.0,0.012910433437752021
1369.1000000000001,0.012913186431450728
1369.2,0.012915970062065801
1369.3,0.012918784863745454
1369.4,0.012921631377958858
1369.5,0.012924510153646259
1369.6000000000001,0.012927421747372717
1369.7,0.012930366723485655
1369.8,0.01293334565427624
1369.9,0.01293635912014473
1370.0,0.012939407709769942
1370.1000000000001,0.01294249202028285
1370.2,0.012945612657444542
1370.3,0.012948770235828546
1370.4,0.012951965379007724
1370.5,0.012955198719745813
1370.6000000000001,0.012958470900193704
1370.7,0.012961782572090673
1370.8,0.012965134396970559
1370.9,0.012968527046373135
1371.0,0.01297196120206071
1371.1000000000001,0.012975437556240116
1371.2,0.012978956811790199
1371.3,0.012982519682494944
1371.4,0.012986126893282319
1371.5,0.01298977918046901
1371.6000000000001,0.012993477292011078
1371.7,0.01299722198776075
1371.8,0.013001014039729317
1371.9,0.013004854232356361
1372.0,0.013008743362785296
1372.1000000000001,0.013012682241145343
1372.2,0.013016671690839995
1372.3,0.013020712548842007
1372.4,0.013024805665994933
1372.5,0.01302895190732125
1372.6000000000001,0.013033152152336988
1372.7,0.013037407295372908
1372.8,0.013041718245902036
1372.9,0.013046085928873559
1373.0,0.013050511285052836
1373.1000000000001,0.013054995271367345
1373.2,0.013059538861258305
1373.3,0.01306414304503764
1373.4,0.013068808830249877
1373.5,0.013073537242038505
1373.6000000000001,0.01307832932351616
1373.7,0.01308318613613803
1373.8,0.013088108760077554
1373.9,0.013093098294603521
1374.0,0.013098155858457425
1374.1000000000001,0.013103282590229718
1374.2,0.013108479648733493
1374.3,0.013113748213373758
1374.4,0.013119089484510288
1374.5,0.013124504683811702
1374.6000000000001,0.013129995054597934
1374.7,0.013135561862168093
1374.8,0.013141206394109954
1374.9,0.013146929960587021
1375.0,0.013152733894598319
1375.1000000000001,0.013158619552205441
1375.2,0.013164588312720557
1375.3,0.013170641578848124
1375.4,0.013176780776772024
1375.5,0.013183007356178555
1375.6000000000001,0.013189322790204338
1375.7,0.013195728575296576
1375.8,0.013202226230971155
1375.9,0.013208817299451994
1376.0,0.013215503345172496
1376.1000000000001,0.013222285954117013
1376.2,0.013229166732976971
1376.3,0.01323614730809228
1376.4,0.013243229324144182
1376.5,0.013250414442560412
1376.6000000000001,0.013257704339587235
1376.7,0.01326510070397594
1376.8,0.013272605234222662
1376.9,0.01328021963529071
1377.0,0.013287945614732786
1377.1000000000001,0.013295784878116805
1377.2,0.013303739123642841
1377.3,0.013311810035819539
1377.4,0.013319999278045586
1377.5,0.013328308483914886
1377.6000000000001,0.013336739247031786
1377.7,0.013345293109084373
1377.8,0.013353971545877632
1377.9,0.013362775950973058
1378.0,0.013371707616514496
1378.1000000000001,0.013380767710739443
1378.2,0.013389957251577387
1378.3,0.013399277075617833
1378.4,0.013408727801585776
1378.5,0.01341830978728485
1378.6000000000001,0.01342802307875009
1378.7,0.013437867350083356
1378.8,0.013447841832111111
1378.9,0.013457945227590253
1379.0,0.01346817561017073
1379.1000000000001,0.013478530303675977
1379.2,0.013489005737446963
1379.3,0.013499597272465183
1379.4,0.013510298991661887
1379.5,0.01352110344615301
1379.6000000000001,0.013532001347003797
1379.7,0.013542981189381596
1379.8,0.013554028792411533
1379.9,0.01356512673346072
1380.0,0.013576253649617348
1380.1000000000001,0.01358738337138092
1380.2,0.013598483843502429
1380.3,0.01360951577484845
1380.4,0.013620430942351538
1380.5,0.013631170052801051
1380.6000000000001,0.01364166003999704
1380.7,0.013651810644315943
1380.8,0.013661510090668343
1380.9,0.01367061966009907
1381.0,0.013678966968084105
1381.1000000000001,0.01368633788758913
1381.2,0.013692467451064014
1381.3,0.013697031123292914
1381.4,0.013699640495249485
1381.5,0.013699853995075551
1381.6000000000001,0.013697229279419564
1381.7,0.013691483371485472
1381.8,0.013682921524572522
1381.9,0.013673506714220261
1382.0,0.013669283237057466
1382.1000000000001,0.013684680469188214
1382.2,0.013745276661537091
1382.3,0.013876554151425727
1382.4,0.014079002186713345
1382.5,0.014327098788392233
1382.6000000000001,0.014592873502589324
1382.7,0.014855957815904566
1382.8,0.015098964329599843
1382.9,0.015301859633602713
1383.0,0.015441068667087315
1383.1000000000001,0.015493434818689795
1383.2,0.015438943568428357
1383.3,0.01525272579096858
1383.4,0.014893497858944836
1383.5,0.014639913995151937
1383.6000000000001,0.015011052208674816
1383.7,0.015235248661703418
1383.8,0.01520940036008539
1383.9,0.014937906663457639
1384.0,0.01447360165938509
1384.1000000000001,0.013913621437023292
1384.2,0.013361306407094061
1384.3,0.012923317113374983
1384.4,0.01266689260505161
1384.5,0.012553793009811609
1384.6000000000001,0.01251092169274018
1384.7,0.012496180581752456
1384.8,0.012492214660629969
1384.9,0.01249237861660489
1385.0,0.01249414673066583
1385.1000000000001,0.01249655664008251
1385.2,0.012499240841789818
1385.3,0.012502058944508398
1385.4,0.01250495750224983
1385.5,0.012507916434307409
1385.6000000000001,0.012510928495502466
1385.7,0.01251399139333727
1385.8,0.012517104755086063
1385.9,0.012520268958601274
1386.0,0.012523484680751713
1386.1000000000001,0.01252675272275044
1386.2,0.01253007394253747
1386.3,0.012533449228640576
1386.4,0.012536879490141812
1386.5,0.012540365652912288
1386.6000000000001,0.012543908658292921
1386.7,0.012547509462732828
1386.8,0.012551169037804281
1386.9,0.01255488837036696
1387.0,0.012558668462792006
1387.1000000000001,0.012562510333210543
1387.2,0.012566415015772376
1387.3,0.012570383560908798
1387.4,0.01257441703559672
1387.5,0.012578516523622428
1387.6000000000001,0.012582683125843704
1387.7,0.012586917960449152
1387.8,0.01259122216321339
1387.9,0.012595596887746743
1388.0,0.012600043305737827
1388.1000000000001,0.012604562607187125
1388.2,0.012609156000629547
1388.3,0.01261382471334354
1388.4,0.01261856999154404
1388.5,0.012623393100556176
1388.6000000000001,0.012628295324966177
1388.7,0.012633277968745471
1388.8,0.012638342355343399
1388.9,0.0126434898277433
1389.0,0.012648721748476064
1389.1000000000001,0.0126540394995843
1389.2,0.01265944448252949
1389.3,0.012664938118033235
1389.4,0.012670521845842596
1389.5,0.012676197124408034
1389.6000000000001,0.012681965430460853
1389.7,0.012687828258475177
1389.8,0.01269378711999731
1389.9,0.012699843542822902
1390.0,0.01270599906999941
1390.1000000000001,0.012712255258628102
1390.2,0.012718613678436005
1390.3,0.012725075910083759
1390.4,0.012731643543170206
1390.5,0.012738318173888655
1390.6000000000001,0.012745101402282613
1390.7,0.012751994829040944
1390.8,0.012759000051762686
1390.9,0.01276611866061083
1391.0,0.012773352233261322
1391.1000000000001,0.012780702329038182
1391.2,0.012788170482107725
1391.3,0.012795758193583496
1391.4,0.012803466922368379
1391.5,0.012811298074530492
1391.6000000000001,0.012819252990973806
1391.7,0.012827332933122222
1391.8,0.01283553906628492
1391.9,0.012843872440310213
1392.0,0.012852333967061895
1392.1000000000001,0.012860924394163909
1392.2,0.012869644274352613
1392.3,0.012878493929646228
1392.4,0.012887473409383602
1392.5,0.012896582440991698
1392.6000000000001,0.012905820372105026
1392.7,0.012915186102369768
1392.8,0.012924678002906365
1392.9,0.012934293820959683
1393.0,0.012944030566712264
1393.1000000000001,0.012953884378544969
1393.2,0.012963850362162367
1393.3,0.012973922397908982
1393.4,0.01298409290922356
1393.5,0.012994352583429566
1393.6000000000001,0.013004690033834271
1393.7,0.013015091389267238
1393.8,0.013025539793552268
1393.9,0.013036014792745161
1394.0,0.013046491581992108
1394.1000000000001,0.013056940076212976
1394.2,0.013067323759071185
1394.3,0.013077598252412758
1394.4,0.013087709533178926
1394.5,0.01309759170670308
1394.6000000000001,0.013107164225238582
1394.7,0.01311632842180382
1394.8,0.013124963220611349
1394.9,0.013132919907167003
1395.0,0.013140015941279287
1395.1000000000001,0.013146028083158975
1395.2,0.013150685823261765
1395.3,0.013153667826891547
1395.4,0.013154608140987152
1395.5,0.013153128354123807
1395.6000000000001,0.013148934006375942
1395.7,0.013142064769391008
1395.8,0.013133500865957933
1395.9,0.013126536723931059
1396.0,0.013129483167833208
1396.1000000000001,0.0131591695587253
1396.2,0.01323961409549232
1396.3,0.013386850325392153
1396.4,0.013592522122178086
1396.5,0.013832485955312432
1396.6000000000001,0.014084577415451901
1396.7,0.014332590712982044
1396.8,0.014561700925013412
1396.9,0.01475416903579441
1397.0,0.014888677248746818
1397.1000000000001,0.014943392919143315
1397.2,0.01489824573295104
1397.3,0.014728537018877762
1397.4,0.014393817922418515
1397.5,0.014107028005400235
1397.6000000000001,0.014452866516459864
1397.7,0.014696449106715033
1397.8,0.014699552288267984
1397.9,0.014463888680853862
1398.0,0.014030262879237839
1398.1000000000001,0.013481842813669579
1398.2,0.01290391919453461
1398.3,0.01237958928821293
1398.4,0.011996256775300885
1398.5,0.011785294902281382
1398.6000000000001,0.01169066573532521
1398.7,0.011649776246708463
1398.8,0.011630431679244593
1398.9,0.01161945391136611
1399.0,0.011611690697273105
1399.1000000000001,0.011605133603679966
1399.2,0.011598997141062944
1399.3,0.01159297272825958
1399.4,0.011586938186210627
1399.5,0.011580844286416153
1399.6000000000001,0.011574670357362895
1399.7,0.011568406887591625
1399.8,0.01156204869870539
1399.9,0.011555592261768867
1400.0,0.011549034639592854
1400.1000000000001,0.011542373067595375
1400.2,0.011535604785621874
1400.3,0.011528726968378655
1400.4,0.011521736694531584
1400.5,0.01151463093084639
1400.6000000000001,0.01150740652204122
1400.7,0.01150006018265282
1400.8,0.011492588489436666
1400.9,0.011484987873696537
1401.0,0.011477254613282953
1401.1000000000001,0.011469384824134614
1401.2,0.01146137445128834
1401.3,0.011453219259301416
1401.4,0.011444914822035503
1401.5,0.011436456511750938
1401.6000000000001,0.0114278394874577
1401.7,0.01141905868246567
1401.8,0.011410108791072487
1401.9,0.011400984254322582
1402.0,0.011391679244765944
1402.1000000000001,0.011382187650139809
1402.2,0.011372503055890862
1402.3,0.011362618726449815
1402.4,0.011352527585164246
1402.5,0.011342222192789842
1402.6000000000001,0.011331694724434302
1402.7,0.011320936944843036
1402.8,0.011309940181910989
1402.9,0.011298695298301586
1403.0,0.011287192661051854
1403.1000000000001,0.011275422109043422
1403.2,0.011263372918223229
1403.3,0.011251033764466479
1403.4,0.011238392683989894
1403.5,0.011225437031247613
1403.6000000000001,0.011212153434278472
1403.7,0.011198527747526188
1403.8,0.011184545002228327
1403.9,0.01117018935457372
1404.0,0.011155444031970621
1404.1000000000001,0.011140291277962682
1404.2,0.011124712296594196
1404.3,0.011108687197383308
1404.4,0.011092194942543465
1404.5,0.01107521329874117
1404.6000000000001,0.011057718796548616
1404.7,0.011039686701919318
1404.8,0.011021091005585435
1404.9,0.011001904438386377
1405.0,0.010982098523375282
1405.1000000000001,0.010961643679365975
1405.2,0.010940509395716709
1405.3,0.01091866450505326
1405.4,0.010896077589919426
1405.5,0.010872717571806455
1405.6000000000001,0.01084855454769273
1405.7,0.010823560961433987
1405.8,0.01079771322667594
1405.9,0.010770993956211977
1406.0,0.010743395001615308
1406.1000000000001,0.010714921567578637
1406.2,0.010685597736687097
1406.3,0.0106554738166209
1406.4,0.010624635987759123
1406.5,0.010593218751697015
1406.6000000000001,0.010561420596407791
1406.7,0.010529522989963794
1406.8,0.010497912116930182
1406.9,0.010467101447098356
1407.0,0.010437751055788756
1407.1000000000001,0.01041067660376027
1407.2,0.01038683768024986
1407.3,0.010367293634771743
1407.4,0.010353118175685903
1407.5,0.010345274913909448
1407.6000000000001,0.010344474109184997
1407.7,0.010351048405152538
1407.8,0.010364889281556896
1407.9,0.010385468212107023
1408.0,0.010411934382156946
1408.1000000000001,0.010443253697134553
1408.2,0.01047834676757583
1408.3,0.010516195727713644
1408.4,0.010555909001274885
1408.5,0.010596748205509229
1408.6000000000001,0.010638128275005966
1408.7,0.010679602301506337
1408.8,0.010720839896715286
1408.9,0.010761604626553596
1409.0,0.01080173343009759
1409.1000000000001,0.010841119195353584
1409.2,0.010879696674197139
1409.3,0.010917431438310133
1409.4,0.010954311398383975
1409.5,0.010990340387060364
1409.6000000000001,0.011025533355726065
1409.7,0.011059912809285137
1409.8,0.011093506178232897
1409.9,0.011126343893917758
1410.0,0.011158457987826435
1410.1000000000001,0.011189881079294826
1410.2,0.011220645649731948
1410.3,0.011250783527068178
1410.4,0.011280325523421153
1410.5,0.011309301183373456
1410.6000000000001,0.011337738610950653
1410.7,0.011365664351290135
1410.8,0.011393103308795558
1410.9,0.011420078687800114
1411.0,0.011446611944800046
1411.1000000000001,0.011472722743450374
1411.2,0.011498428904941044
1411.3,0.01152374634723648
1411.4,0.011548689007061371
1411.5,0.011573268738508807
1411.6000000000001,0.011597495181762129
1411.7,0.011621375594659882
1411.8,0.011644914638670699
1411.9,0.011668114109233893
1412.0,0.011690972598289868
1412.1000000000001,0.011713485074075956
1412.2,0.011735642359779586
1412.3,0.0117574304882887
1412.4,0.011778829904933022
1412.5,0.011799814483695008
1412.6000000000001,0.011820350314967336
1412.7,0.011840394214990712
1412.8,0.011859891899863431
1412.9,0.011878775763387299
1413.0,0.011896962204373505
1413.1000000000001,0.011914348478860486
1413.2,0.011930809134168262
1413.3,0.011946192273604132
1413.4,0.011960316326211489
1413.5,0.011972968916210821
1413.6000000000001,0.0119839114003636
1413.7,0.011992896874431638
1413.8,0.011999718545059433
1413.9,0.012004324808862647
1414.0,0.012007077817469047
1414.1000000000001,0.012009309097708571
1414.2,0.01201443297174712
1414.3,0.012029843889742042
1414.4,0.01206889592262025
1414.5,0.012149358854122069
1414.6000000000001,0.012283748166093553
1414.7,0.012468516249945785
1414.8,0.012687279641470843
1414.9,0.012922436660392786
1415.0,0.013160186724743412
1415.1000000000001,0.013388569868771011
1415.2,0.013593963747864668
1415.3,0.013759121430638156
1415.4,0.013864077385740876
1415.5,0.013889016001648493
1415.6000000000001,0.013814327173520307
1415.7,0.013611983905453415
1415.8,0.013251353414846883
1415.9,0.013138127675237391
1416.0,0.013492920560728783
1416.1000000000001,0.01366745034126713
1416.2,0.013606608691529787
1416.3,0.013315714619825274
1416.4,0.012837592091360471
1416.5,0.012231202345881856
1416.6000000000001,0.01153353264494694
1416.7,0.01090600664595761
1416.8,0.010818240838393318
1416.9,0.010883686061391356
1417.0,0.010907766149313573
1417.1000000000001,0.010905523969255676
1417.2,0.010891442920078697
1417.3,0.010872033551124179
1417.4,0.010849983958579461
1417.5,0.010826374197489774
1417.6000000000001,0.010801627207001669
1417.7,0.010775901474881885
1417.8,0.010749252277121552
1417.9,0.010721698929164789
1418.0,0.010693254527167113
1418.1000000000001,0.010663941333510408
1418.2,0.01063380143055289
1418.3,0.010602906814472794
1418.4,0.010571370901648398
1418.5,0.010539362473628638
1418.6000000000001,0.01050712251774413
1418.7,0.01047498377260223
1418.8,0.010443391740919078
1418.9,0.010412924226552578
1419.0,0.01038430397707615
1419.1000000000001,0.010358396082734657
1419.2,0.010336179576993176
1419.3,0.010318683551951032
1419.4,0.010306884972698658
1419.5,0.010301579422777105
1419.6000000000001,0.01030325318678253
1419.7,0.010311995181249041
1419.8,0.010327479944368584
1419.9,0.010349028114872063
1420.0,0.010375722169208538
1420.1000000000001,0.010406539541819472
1420.2,0.010440468811247315
1420.3,0.010476590276308569
1420.4,0.010514118537337894
1420.5,0.010552414727204567
1420.6000000000001,0.01059097913976144
1420.7,0.010629433757843193
1420.8,0.010667501349750719
1420.9,0.01070498505826755
1421.0,0.010741750383303505
1421.1000000000001,0.01077771019773923
1421.2,0.01081281275383435
1421.3,0.01084703232787218
1421.4,0.010880362053021118
1421.5,0.010912808499718023
1421.6000000000001,0.01094438761782664
1421.7,0.010975121722742738
1421.8,0.011005037272925847
1421.9,0.011034163242802479
1422.0,0.011062529941098114
1422.1000000000001,0.01109016816105291
1422.2,0.011117108577096213
1422.3,0.01114338132398185
1422.4,0.011169015710568116
1422.5,0.011194040032577804
1422.6000000000001,0.01121848145776735
1422.7,0.011242365963726226
1422.8,0.011265718313596395
1422.9,0.01128856205878336
1423.0,0.011310919560552394
1423.1000000000001,0.011332812024510497
1423.2,0.011354259543548332
1423.3,0.011375281145992143
1423.4,0.011395894846594474
1423.5,0.011416117698648809
1423.6000000000001,0.011435965846003354
1423.7,0.011455454574114447
1423.8,0.011474598359551705
1423.9,0.011493410917568411
1424.0,0.01151190524749906
1424.1000000000001,0.011530093675854804
1424.2,0.011547987897066486
1424.3,0.01156559901188144
1424.4,0.011582937563460073
1424.5,0.011600013571245436
1424.6000000000001,0.011616836562696853
1424.7,0.011633415602989798
1424.8,0.011649759322789928
1424.9,0.011665875944211573
1425.0,0.011681773305070435
1425.1000000000001,0.011697458881537962
1425.2,0.011712939809301316
1425.3,0.01172822290332837
1425.4,0.011743314676332283
1425.5,0.011758221356024948
1425.6000000000001,0.01177294890124332
1425.7,0.011787503017027391
1425.8,0.011801889168723328
1425.9,0.011816112595180447
1426.0,0.011830178321105818
1426.1000000000001,0.011844091168635875
1426.2,0.011857855768180077
1426.3,0.011871476568587752
1426.4,0.011884957846685439
1426.5,0.011898303716228653
1426.6000000000001,0.011911518136308655
1426.7,0.011924604919251887
1426.8,0.011937567738046929
1426.9,0.011950410133331193
1427.0,0.011963135519967296
1427.1000000000001,0.011975747193236727
1427.2,0.011988248334676469
1427.3,0.012000642017582346
1427.4,0.012012931212201093
1427.5,0.012025118790631574
1427.6000000000001,0.012037207531454099
1427.7,0.012049200124105408
1427.8,0.012061099173015637
1427.9,0.012072907201522449
1428.0,0.012084626655576386
1428.1000000000001,0.01209625990725055
1428.2,0.012107809258066801
1428.3,0.012119276942149789
1428.4,0.012130665129219405
1428.5,0.012141975927431454
1428.6000000000001,0.012153211386075726
1428.7,0.012164373498140013
1428.8,0.012175464202748062
1428.9,0.01218648538747886
1429.0,0.012197438890574288
1429.1000000000001,0.01220832650304154
1429.2,0.012219149970656476
1429.3,0.012229910995873537
1429.4,0.012240611239647562
1429.5,0.012251252323172509
1429.6000000000001,0.012261835829541698
1429.7,0.012272363305334029
1429.8,0.012282836262130201
1429.9,0.01229325617796286
1430.0,0.012303624498704263
1430.1000000000001,0.01231394263939483
1430.2,0.012324211985515855
1430.3,0.012334433894209306
1430.4,0.012344609695447605
1430.5,0.012354740693156011
1430.6000000000001,0.012364828166290144
1430.7,0.012374873369871003
1430.8,0.012384877535979699
1430.9,0.012394841874714041
1431.0,0.012404767575108947
1431.1000000000001,0.012414655806022525
1431.2,0.01242450771698966
1431.3,0.012434324439044749
1431.4,0.012444107085515143
1431.5,0.012453856752786893
1431.6000000000001,0.0124635745210441
1431.7,0.012473261454983335
1431.8,0.012482918604504305
1431.9,0.012492547005378064
1432.0,0.012502147679893872
1432.1000000000001,0.012511721637485795
1432.2,0.012521269875340128
1432.3,0.012530793378984566
1432.4,0.01254029312286011
1432.5,0.012549770070876605
1432.6000000000001,0.012559225176952715
1432.7,0.0125686593855412
1432.8,0.012578073632140242
1432.9,0.012587468843791546
1433.0,0.012596845939565978
1433.1000000000001,0.012606205831037307
1433.2,0.01261554942274483
1433.3,0.01262487761264536
1433.4,0.01263419129255525
1433.5,0.012643491348583006
1433.6000000000001,0.012652778661552962
1433.7,0.012662054107420622
1433.8,0.012671318557680082
1433.9,0.012680572879764056
1434.0,0.012689817937436922
1434.1000000000001,0.012699054591181223
1434.2,0.012708283698578068
1434.3,0.012717506114681764
1434.4,0.012726722692389135
1434.5,0.012735934282803804
1434.6000000000001,0.012745141735595843
1434.7,0.012754345899357093
1434.8,0.01276354762195245
1434.9,0.012772747750867453
1435.0,0.012781947133552397
1435.1000000000001,0.01279114661776327
1435.2,0.012800347051899775
1435.3,0.012809549285340577
1435.4,0.012818754168776121
1435.5,0.012827962554539088
1435.6000000000001,0.01283717529693274
1435.7,0.012846393252557289
1435.8,0.012855617280634397
1435.9,0.012864848243329967
1436.0,0.012874087006075285
1436.1000000000001,0.01288333443788656
1436.2,0.012892591411682955
1436.3,0.012901858804603036
1436.4,0.012911137498319701
1436.5,0.012920428379353466
1436.6000000000001,0.012929732339384005
1436.7,0.012939050275559874
1436.8,0.012948383090806146
1436.9,0.012957731694129768
1437.0,0.01296709700092235
1437.1000000000001,0.012976479933259972
1437.2,0.012985881420199664
1437.3,0.012995302398071977
1437.4,0.013004743810769093
1437.5,0.013014206610027798
1437.6000000000001,0.013023691755706461
1437.7,0.0130332002160552
1437.8,0.013042732967978076
1437.9,0.013052290997286222
1438.0,0.01306187529894046
1438.1000000000001,0.01307148687728188
1438.2,0.013081126746248648
1438.3,0.013090795929576977
1438.4,0.013100495460984034
1438.5,0.013110226384330232
1438.6000000000001,0.013119989753757931
1438.7,0.013129786633803351
1438.8,0.013139618099477914
1438.9,0.013149485236314857
1439.0,0.013159389140376366
1439.1000000000001,0.01316933091821585
1439.2,0.013179311686789336
1439.3,0.013189332573309068
1439.4,0.013199394715031636
1439.5,0.013209499258971807
1439.6000000000001,0.013219647361532116
1439.7,0.01322984018803702
1439.8,0.013240078912158771
1439.9,0.013250364715220593
1440.0,0.01326069878536067
1440.1000000000001,0.013271082316538254
1440.2,0.01328151650736065
1440.3,0.013292002559706794
1440.4,0.013302541677119833
1440.5,0.01331313506293718
1440.6000000000001,0.013323783918121947
1440.7,0.013334489438754574
1440.8,0.013345252813137337
1440.9,0.013356075218457513
1441.0,0.013366957816946913
1441.1000000000001,0.013377901751465969
1441.2,0.013388908140429746
1441.3,0.013399978071980363
1441.4,0.013411112597295357
1441.5,0.013422312722904022
1441.6000000000001,0.013433579401863082
1441.7,0.013444913523618889
1441.8,0.013456315902354613
1441.9,0.013467787263587131
1442.0,0.013479328228738095
1442.1000000000001,0.013490939297355982
1442.2,0.013502620826609048
1442.3,0.013514373007601119
1442.4,0.013526195837980702
1442.5,0.013538089090216105
1442.6000000000001,0.013550052274791134
1442.7,0.013562084597433577
1442.8,0.013574184909315619
1442.9,0.013586351648955301
1443.0,0.013598582774291589
1443.1000000000001,0.013610875683091824
1443.2,0.013623227119465122
1443.3,0.013635633063780772
1443.4,0.013648088602704738
1443.5,0.013660587775341118
1443.6000000000001,0.013673123390563306
1443.7,0.013685686809495742
1443.8,0.01369826768570415
1443.9,0.01371085365389814
1444.0,0.013723429955755023
1444.1000000000001,0.013735978988728708
1444.2,0.013748479760282439
1444.3,0.013760907225731873
1444.4,0.013773231482655919
1444.5,0.01378541678850704
1444.6000000000001,0.013797420360619938
1444.7,0.013809190909538728
1444.8,0.013820666848330254
1444.9,0.013831774114503098
1445.0,0.013842423542206128
1445.1000000000001,0.013852507741061997
1445.2,0.013861897496465818
1445.3,0.013870437850863653
1445.4,0.01387794435390267
1445.5,0.013884200687825797
1445.6000000000001,0.01388896042480791
1445.7,0.013891959009800805
1445.8,0.013892949256564655
1445.9,0.01389178912600237
1446.0,0.01388864326755699
1446.1000000000001,0.013884424605606483
1446.2,0.01388170657381542
1446.3,0.01388638632838531
1446.4,0.0139098392316856
1446.5,0.013968959254507267
1446.6000000000001,0.014078879338370608
1446.7,0.014240845998809632
1446.8,0.014440987591927369
1446.9,0.014661473161273893
1447.0,0.014888053515992882
1447.1000000000001,0.015109553789552877
1447.2,0.015314511086840654
1447.3,0.015488542226554066
1447.4,0.015613911227941275
1447.5,0.01567144911392061
1447.6000000000001,0.01564215056302258
1447.7,0.015502915614428856
1447.8,0.01521676284272081
1447.9,0.014892557422561337
1448.0,0.015158739901917498
1448.1000000000001,0.015429215553815451
1448.2,0.015479309673506596
1448.3,0.015306751763122054
1448.4,0.014934695285243257
1448.5,0.01442226822658697
1448.6000000000001,0.013825395394491282
1448.7,0.013167401384417275
1448.8,0.012447974305571487
1448.9,0.011901758875689753
1449.0,0.011933340219092788
1449.1000000000001,0.012020236701563521
1449.2,0.012061655177417132
1449.3,0.0120808568777283
1449.4,0.012090968599724729
1449.5,0.012097456758260001
1449.6000000000001,0.012102507987740112
1449.7,0.01210698880931564
1449.8,0.012111241466916813
1449.9,0.012115400878765238
1450.0,0.012119520131379798
1450.1000000000001,0.01212362004877525
1450.2,0.012127708746278151
1450.3,0.012131789336891775
1450.4,0.012135862966087386
1450.5,0.01213993000604859
1450.6000000000001,0.012143990525297412
1450.7,0.01214804447324311
1450.8,0.01215209175265539
1450.9,0.012156132248106959
1451.0,0.012160165837130065
1451.1000000000001,0.012164192394591454
1451.2,0.012168211794408688
1451.3,0.012172223910224919
1451.4,0.012176228615675879
1451.5,0.012180225784497354
1451.6000000000001,0.01218421529057025
1451.7,0.01218819700794134
1451.8,0.012192170810834404
1451.9,0.0121961365736577
1452.0,0.012200094171009954
1452.1000000000001,0.012204043477685743
1452.2,0.012207984368680681
1452.3,0.01221191671919646
1452.4,0.012215840404645876
1452.5,0.012219755300657801
1452.6000000000001,0.012223661283082141
1452.7,0.01222755822799478
1452.8,0.0122314460117025
1452.9,0.012235324510747879
1453.0,0.012239193601914201
1453.1000000000001,0.012243053162230316
1453.2,0.012246903068975514
1453.3,0.012250743199684364
1453.4,0.01225457343215154
1453.5,0.012258393644436667
1453.6000000000001,0.012262203714869099
1453.7,0.012266003522052732
1453.8,0.012269792944870772
1453.9,0.012273571862490507
1454.0,0.01227734015436807
1454.1000000000001,0.012281097700253167
1454.2,0.012284844380193822
1454.3,0.012288580074541085
1454.4,0.01229230466395374
1454.5,0.012296018029403017
1454.6000000000001,0.012299720052177245
1454.7,0.012303410613886557
1454.8,0.012307089596467518
1454.9,0.012310756882187794
1455.0,0.012314412353650788
1455.1000000000001,0.012318055893800252
1455.2,0.012321687385924913
1455.3,0.012325306713663064
1455.4,0.012328913761007157
1455.5,0.01233250841230839
1455.6000000000001,0.01233609055228125
1455.7,0.012339660066008085
1455.8,0.012343216838943632
1455.9,0.012346760756919546
1456.0,0.012350291706148916
1456.1000000000001,0.012353809573230762
1456.2,0.012357314245154525
1456.3,0.012360805609304531
1456.4,0.012364283553464457
1456.5,0.012367747965821766
1456.6000000000001,0.012371198734972144
1456.7,0.012374635749923906
1456.8,0.01237805890010239
1456.9,0.012381468075354334
1457.0,0.012384863165952257
1457.1000000000001,0.012388244062598778
1457.2,0.012391610656430962
1457.3,0.01239496283902462
1457.4,0.012398300502398592
1457.5,0.012401623539019038
1457.6000000000001,0.01240493184180366
1457.7,0.012408225304125952
1457.8,0.012411503819819394
1457.9,0.012414767283181635
1458.0,0.012418015588978667
1458.1000000000001,0.012421248632448941
1458.2,0.012424466309307507
1458.3,0.01242766851575007
1458.4,0.012430855148457078
1458.5,0.012434026104597743
1458.6000000000001,0.012437181281834046
1458.7,0.012440320578324724
1458.8,0.012443443892729215
1458.9,0.012446551124211567
1459.0,0.012449642172444344
1459.1000000000001,0.012452716937612459
1459.2,0.01245577532041702
1459.3,0.012458817222079093
1459.4,0.012461842544343476
1459.5,0.012464851189482406
1459.6000000000001,0.01246784306029924
1459.7,0.012470818060132102
1459.8,0.012473776092857483
1459.9,0.012476717062893798
1460.0,0.012479640875204928
1460.1000000000001,0.012482547435303677
1460.2,0.012485436649255232
1460.3,0.012488308423680537
1460.4,0.012491162665759652
1460.5,0.012493999283235052
1460.6000000000001,0.012496818184414879
1460.7,0.012499619278176152
1460.8,0.01250240247396792
1460.9,0.01250516768181436
1461.0,0.012507914812317843
1461.1000000000001,0.012510643776661922
1461.2,0.012513354486614288
1461.3,0.012516046854529643
1461.4,0.012518720793352547
1461.5,0.01252137621662019
1461.6000000000001,0.012524013038465094
1461.7,0.012526631173617795
1461.8,0.012529230537409413
1461.9,0.012531811045774189
1462.0,0.012534372615251956
1462.1000000000001,0.012536915162990535
1462.2,0.012539438606748082
1462.3,0.012541942864895338
1462.4,0.012544427856417842
1462.5,0.012546893500918053
1462.6000000000001,0.012549339718617413
1462.7,0.012551766430358331
1462.8,0.01255417355760609
1462.9,0.01255656102245068
1463.0,0.012558928747608578
1463.1000000000001,0.01256127665642441
1463.2,0.012563604672872571
1463.3,0.012565912721558737
1463.4,0.012568200727721317
1463.5,0.012570468617232822
1463.6000000000001,0.012572716316601127
1463.7,0.012574943752970679
1463.8,0.012577150854123602
1463.9,0.012579337548480712
1464.0,0.012581503765102465
1464.1000000000001,0.01258364943368979
1464.2,0.012585774484584849
1464.3,0.012587878848771696
1464.4,0.012589962457876847
1464.5,0.01259202524416977
1464.6000000000001,0.01259406714056324
1464.7,0.01259608808061366
1464.8,0.012598087998521216
1464.9,0.012600066829129985
1465.0,0.012602024507927929
1465.1000000000001,0.01260396097104677
1465.2,0.012605876155261802
1465.3,0.01260776999799156
1465.4,0.012609642437297406
1465.5,0.012611493411883017
1465.6000000000001,0.012613322861093743
1465.7,0.012615130724915899
1465.8,0.01261691694397589
1465.9,0.012618681459539286
1466.0,0.012620424213509764
1466.1000000000001,0.012622145148427917
1466.2,0.012623844207469995
1466.3,0.012625521334446497
1466.4,0.01262717647380067
1466.5,0.012628809570606882
1466.6000000000001,0.012630420570568896
1466.7,0.012632009420018001
1466.8,0.012633576065911053
1466.9,0.012635120455828383
1467.0,0.012636642537971594
1467.1000000000001,0.012638142261161221
1467.2,0.0126396195748343
1467.3,0.012641074429041787
1467.4,0.012642506774445868
1467.5,0.012643916562317158
1467.6000000000001,0.012645303744531735
1467.7,0.012646668273568109
1467.8,0.012648010102504006
1467.9,0.01264932918501307
1468.0,0.012650625475361417
1468.1000000000001,0.012651898928404062
1468.2,0.01265314949958122
1468.3,0.012654377144914483
1468.4,0.012655581821002852
1468.5,0.012656763485018664
1468.6000000000001,0.012657922094703355
1468.7,0.012659057608363116
1468.8,0.012660169984864406
1468.9,0.012661259183629325
1469.0,0.012662325164630873
1469.1000000000001,0.012663367888388047
1469.2,0.012664387315960823
1469.3,0.01266538340894499
1469.4,0.01266635612946685
1469.5,0.01266730544017779
1469.6000000000001,0.012668231304248687
1469.7,0.01266913368536421
1469.8,0.012670012547716951
1469.9,0.012670867856001432
1470.0,0.012671699575407973
1470.1000000000001,0.012672507671616394
1470.2,0.012673292110789615
1470.3,0.012674052859567063
1470.4,0.012674789885057968
1470.5,0.012675503154834516
1470.6000000000001,0.012676192636924832
1470.7,0.012676858299805827
1470.8,0.012677500112395915
1470.9,0.012678118044047545
1471.0,0.012678712064539629
1471.1000000000001,0.012679282144069767
1471.2,0.012679828253246378
1471.3,0.01268035036308063
1471.4,0.01268084844497825
1471.5,0.012681322470731168
1471.6000000000001,0.012681772412509004
1471.7,0.012682198242850405
1471.8,0.012682599934654225
1471.9,0.012682977461170543
1472.0,0.012683330795991536
1472.1000000000001,0.012683659913042171
1472.2,0.012683964786570764
1472.3,0.012684245391139349
1472.4,0.012684501701613896
1472.5,0.012684733693154393
1472.6000000000001,0.012684941341204703
1472.7,0.012685124621482318
1472.8,0.012685283509967896
1472.9,0.012685417982894664
1473.0,0.012685528016737634
1473.1000000000001,0.012685613588202645
1473.2,0.012685674674215252
1473.3,0.012685711251909407
1473.4,0.012685723298616
1473.5,0.012685710791851199
1473.6000000000001,0.012685673709304615
1473.7,0.012685612028827304
1473.8,0.012685525728419546
1473.9,0.012685414786218489
1474.0,0.01268527918048557
1474.1000000000001,0.01268511888959376
1474.2,0.01268493389201463
1474.3,0.012684724166305193
1474.4,0.012684489691094588
1474.5,0.012684230445070548
1474.6000000000001,0.01268394640696566
1474.7,0.012683637555543454
1474.8,0.012683303869584252
1474.9,0.012682945327870824
1475.0,0.012682561909173861
1475.1000000000001,0.012682153592237181
1475.2,0.012681720355762774
1475.3,0.012681262178395592
1475.4,0.012680779038708134
1475.5,0.012680270915184814
1475.6000000000001,0.01267973778620607
1475.7,0.012679179630032289
1475.8,0.012678596424787443
1475.9,0.012677988148442537
1476.0,0.012677354778798791
1476.1000000000001,0.012676696293470555
1476.2,0.012676012669868031
1476.3,0.012675303885179677
1476.4,0.012674569916354388
1476.5,0.012673810740083422
1476.6000000000001,0.012673026332782025
1476.7,0.012672216670570812
1476.8,0.012671381729256853
1476.9,0.012670521484314487
1477.0,0.012669635910865843
1477.1000000000001,0.012668724983661067
1477.2,0.012667788677058249
1477.3,0.012666826965003054
1477.4,0.012665839821008017
1477.5,0.012664827218131558
1477.6000000000001,0.012663789128956632
1477.7,0.012662725525569088
1477.8,0.012661636379535646
1477.9,0.012660521661881568
1478.0,0.012659381343067964
1478.1000000000001,0.012658215392968717
1478.2,0.012657023780847081
1478.3,0.012655806475331852
1478.4,0.0126545634443932
1478.5,0.01265329465531808
1478.6000000000001,0.012652000074685244
1478.7,0.012650679668339859
1478.8,0.012649333401367662
1478.9,0.012647961238068734
1479.0,0.012646563141930797
1479.1000000000001,0.012645139075602057
1479.2,0.012643689000863613
1479.3,0.012642212878601344
1479.4,0.01264071066877736
1479.5,0.012639182330400907
1479.6000000000001,0.01263762782149879
1479.7,0.012636047099085258
1479.8,0.01263444011913135
1479.9,0.012632806836533679
1480.0,0.012631147205082679
1480.1000000000001,0.012629461177430232
1480.2,0.012627748705056722
1480.3,0.012626009738237461
1480.4,0.012624244226008483
1480.5,0.012622452116131716
1480.6000000000001,0.012620633355059448
1480.7,0.01261878788789815
1480.8,0.012616915658371555
1480.9,0.01261501660878305
1481.0,0.01261309067997731
1481.1000000000001,0.012611137811301165
1481.2,0.0126091579405637
1481.3,0.01260715100399551
1481.4,0.012605116936207169
1481.5,0.01260305567014682
1481.6000000000001,0.012600967137056884
1481.7,0.012598851266429876
1481.8,0.012596707985963268
1481.9,0.012594537221513422
1482.0,0.012592338897048512
1482.1000000000001,0.01259011293460043
1482.2,0.012587859254215666
1482.3,0.012585577773905069
1482.4,0.012583268409592539
1482.5,0.012580931075062547
1482.6000000000001,0.012578565681906458
1482.7,0.012576172139467691
1482.8,0.012573750354785546
1482.9,0.012571300232537814
1483.0,0.012568821674981993
1483.1000000000001,0.012566314581895147
1483.2,0.012563778850512358
1483.3,0.012561214375463679
1483.4,0.012558621048709598
1483.5,0.01255599875947494
1483.6000000000001,0.012553347394181133
1483.7,0.012550666836376838
1483.8,0.012547956966666827
1483.9,0.012545217662639118
1484.0,0.012542448798790252
1484.1000000000001,0.01253965024644868
1484.2,0.012536821873696199
1484.3,0.012533963545287347
1484.4,0.012531075122566716
1484.5,0.012528156463384111
1484.6000000000001,0.012525207422007443
1484.7,0.01252222784903334
1484.8,0.012519217591295343
1484.9,0.012516176491769632
1485.0,0.012513104389478199
1485.1000000000001,0.012510001119389342
1485.2,0.012506866512315465
1485.3,0.012503700394807974
1485.4,0.012500502589049278
1485.5,0.012497272912741731
1485.6000000000001,0.012494011178993392
1485.7,0.012490717196200568
1485.8,0.012487390767926907
1485.9,0.012484031692779023
1486.0,0.012480639764278474
1486.1000000000001,0.012477214770729933
1486.2,0.0124737564950855
1486.3,0.012470264714804887
1486.4,0.012466739201711456
1486.5,0.012463179721843845
1486.6000000000001,0.012459586035303066
1486.7,0.0124559578960949
1486.8,0.0124522950519674
1486.9,0.012448597244243308
1487.0,0.012444864207647222
1487.1000000000001,0.01244109567012724
1487.2,0.012437291352670958
1487.3,0.012433450969115517
1487.4,0.012429574225951494
1487.5,0.012425660822120427
1487.6000000000001,0.012421710448805634
1487.7,0.012417722789216157
1487.8,0.012413697518363454
1487.9,0.012409634302830624
1488.0,0.012405532800533817
1488.1000000000001,0.012401392660475475
1488.2,0.012397213522489172
1488.3,0.01239299501697555
1488.4,0.012388736764629107
1488.5,0.012384438376155391
1488.6000000000001,0.012380099451978167
1488.7,0.012375719581936197
1488.8,0.0123712983449691
1488.9,0.01236683530879188
1489.0,0.012362330029557618
1489.1000000000001,0.012357782051507747
1489.2,0.012353190906609452
1489.3,0.012348556114179529
1489.4,0.01234387718049415
1489.5,0.0123391535983839
1489.6000000000001,0.012334384846813339
1489.7,0.012329570390444486
1489.8,0.012324709679183393
1489.9,0.012319802147709065
1490.0,0.012314847214983885
1490.1000000000001,0.01230984428374466
1490.2,0.0123047927399734
1490.3,0.0122996919523468
1490.4,0.012294541271663463
1490.5,0.012289340030247725
1490.6000000000001,0.012284087541328962
1490.7,0.012278783098395184
1490.8,0.012273425974519584
1490.9,0.012268015421658745
1491.0,0.012262550669921041
1491.1000000000001,0.012257030926803723
1491.2,0.012251455376397083
1491.3,0.012245823178554001
1491.4,0.01224013346802306
1491.5,0.012234385353543353
1491.6000000000001,0.012228577916898891
1491.7,0.012222710211930535
1491.8,0.012216781263503113
1491.9,0.012210790066425321
1492.0,0.012204735584319854
1492.1000000000001,0.012198616748440964
1492.2,0.012192432456436607
1492.3,0.012186181571052031
1492.4,0.012179862918771522
1492.5,0.012173475288394813
1492.6000000000001,0.012167017429544366
1492.7,0.01216048805109962
1492.8,0.01215388581955384
1492.9,0.012147209357289142
1493.0,0.012140457240764782
1493.1000000000001,0.01213362799861354
1493.2,0.012126720109640709
1493.3,0.01211973200071974
1493.4,0.012112662044578242
1493.5,0.012105508557467599
1493.6000000000001,0.012098269796708909
1493.7,0.012090943958107574
1493.8,0.012083529173228151
1493.9,0.012076023506520645
1494.0,0.01206842495228865
1494.1000000000001,0.012060731431489086
1494.2,0.012052940788352597
1494.3,0.012045050786812735
1494.4,0.012037059106731305
1494.5,0.012028963339906225
1494.6000000000001,0.01202076098584721
1494.7,0.012012449447303614
1494.8,0.012004026025527371
1494.9,0.011995487915252886
1495.0,0.011986832199374178
1495.1000000000001,0.011978055843298162
1495.2,0.011969155688951327
1495.3,0.011960128448415236
1495.4,0.011950970697164515
1495.5,0.01194167886687887
1495.6000000000001,0.01193224923779849
1495.7,0.01192267793058997
1495.8,0.011912960897687177
1495.9,0.011903093914068998
1496.0,0.011893072567432958
1496.1000000000001,0.011882892247720628
1496.2,0.01187254813594769
1496.3,0.011862035192287977
1496.4,0.011851348143357478
1496.5,0.011840481468640585
1496.6000000000001,0.01182942938599717
1496.7,0.011818185836185506
1496.8,0.011806744466332265
1496.9,0.011795098612277548
1497.0,0.011783241279719792
1497.1000000000001,0.011771165124082845
1497.2,0.011758862429025985
1497.3,0.011746325083517112
1497.4,0.011733544557390733
1497.5,0.011720511875316055
1497.6000000000001,0.011707217589107309
1497.7,0.01169365174831988
1497.8,0.011679803869092753
1497.9,0.011665662901222723
1498.0,0.011651217193490935
1498.1000000000001,0.011636454457310924
1498.2,0.01162136172883403
1498.3,0.011605925329738085
1498.4,0.011590130827046583
1498.5,0.011573962992487532
1498.6000000000001,0.011557405762117078
1498.7,0.011540442197219883
1498.8,0.011523054447878421
1498.9,0.011505223721107412
1499.0,0.01148693025611649
1499.1000000000001,0.011468153310147477
1499.2,0.011448871159501859
1499.3,0.011429061121922917
1499.4,0.011408699608549518
1499.5,0.011387762216379447
1499.6000000000001,0.011366223875788084
1499.7,0.011344059072431103
1499.8,0.011321242169195141
1499.9,0.011297747862237799
1500.0,0.011273551816201613
