N_res,best_score,evaluation_seed_count,evaluation_seeds,input_scaling,iteration,leaky_coefficient,optimizer,optimizer_random_seed,p,reason,reason_seed_42,regularization,reservoir_seed,score,score_aggregation,spectral_radius,stable,stable_seed_42,validation_aggregation,validation_divergent_window_count,validation_inter_spike_interval_units,validation_isi_rel_error,validation_mean_gap,validation_mean_isi_pred,validation_mean_isi_true,validation_nrmse,validation_nrmse_x,validation_num_windows,validation_penalty,validation_score,validation_score_max,validation_score_min,validation_score_seed_42,validation_score_std,validation_spike_count_pred,validation_spike_count_true,validation_spike_frequency_pred,validation_spike_frequency_rel_error,validation_spike_frequency_true,validation_spike_frequency_units,validation_std_ratio,validation_window_length,validation_window_metrics_json,washout,window_0_end_in_validation_block,window_0_inter_spike_interval_units,window_0_isi_rel_error,window_0_mean_gap,window_0_mean_isi_pred,window_0_mean_isi_true,window_0_nrmse,window_0_nrmse_x,window_0_penalty,window_0_score,window_0_spike_count_pred,window_0_spike_count_true,window_0_spike_frequency_pred,window_0_spike_frequency_rel_error,window_0_spike_frequency_true,window_0_spike_frequency_units,window_0_stable,window_0_start_in_validation_block,window_0_std_ratio,window_1_end_in_validation_block,window_1_inter_spike_interval_units,window_1_isi_rel_error,window_1_mean_gap,window_1_mean_isi_pred,window_1_mean_isi_true,window_1_nrmse,window_1_nrmse_x,window_1_penalty,window_1_score,window_1_spike_count_pred,window_1_spike_count_true,window_1_spike_frequency_pred,window_1_spike_frequency_rel_error,window_1_spike_frequency_true,window_1_spike_frequency_units,window_1_stable,window_1_start_in_validation_block,window_1_std_ratio,window_2_end_in_validation_block,window_2_inter_spike_interval_units,window_2_isi_rel_error,window_2_mean_gap,window_2_mean_isi_pred,window_2_mean_isi_true,window_2_nrmse,window_2_nrmse_x,window_2_penalty,window_2_score,window_2_spike_count_pred,window_2_spike_count_true,window_2_spike_frequency_pred,window_2_spike_frequency_rel_error,window_2_spike_frequency_true,window_2_spike_frequency_units,window_2_stable,window_2_start_in_validation_block,window_2_std_ratio
688,0.0028992552418464377,1,[42],0.47354111521091163,1,0.517795110562541,gp,42,0.05301826217590949,ok,ok,5.009846399533703e-10,42,0.0028992552418464377,mean,1.0457837001909387,True,True,mean_plus_max,0.0,time_unit,0.0,7.665712064005884e-05,11.408888888888889,11.408888888888889,0.0020229390799170023,0.002370682965315728,3,0.0,0.0028992552418464377,0.0028992552418464377,0.0028992552418464377,0.0028992552418464377,0.0,2.6666666666666665,2.6666666666666665,0.03333333333333333,0.0,0.03333333333333333,inverse_time_unit,1.000061800721527,8000,"[{""end_in_validation_block"": 8000, ""inter_spike_interval_units"": ""time_unit"", ""isi_rel_error"": 0.0, ""mean_gap"": 2.9000993331403767e-06, ""mean_isi_pred"": 11.32, ""mean_isi_true"": 11.32, ""nrmse"": 0.0007106847342913282, ""nrmse_x"": 0.0010944863996977978, ""penalty"": 0.0, ""score"": 0.000779638703406621, ""spike_count_pred"": 4, ""spike_count_true"": 4, ""spike_frequency_pred"": 0.05, ""spike_frequency_rel_error"": 0.0, ""spike_frequency_true"": 0.05, ""spike_frequency_units"": ""inverse_time_unit"", ""stable"": true, ""start_in_validation_block"": 0, ""std_ratio"": 1.000001886536546, ""window_index"": 0}, {""end_in_validation_block"": 16000, ""inter_spike_interval_units"": ""time_unit"", ""isi_rel_error"": 0.0, ""mean_gap"": 3.490797100293215e-06, ""mean_isi_pred"": 22.906666666666666, ""mean_isi_true"": 22.906666666666666, ""nrmse"": 0.005064197263789138, ""nrmse_x"": 0.005622781905139747, ""penalty"": 0.0, ""score"": 0.004358579363774146, ""spike_count_pred"": 4, ""spike_count_true"": 4, ""spike_frequency_pred"": 0.05, ""spike_frequency_rel_error"": 0.0, ""spike_frequency_true"": 0.05, ""spike_frequency_units"": ""inverse_time_unit"", ""stable"": true, ""start_in_validation_block"": 8000, ""std_ratio"": 0.9999987496144133, ""window_index"": 1}, {""end_in_validation_block"": 24000, ""inter_spike_interval_units"": ""time_unit"", ""isi_rel_error"": 0.0, ""mean_gap"": 0.00022358046548674293, ""mean_isi_pred"": 0.0, ""mean_isi_true"": 0.0, ""nrmse"": 0.00029393524167054094, ""nrmse_x"": 0.0003947805911096386, ""penalty"": 0.0, ""score"": 0.00029061313552793653, ""spike_count_pred"": 0, ""spike_count_true"": 0, ""spike_frequency_pred"": 0.0, ""spike_frequency_rel_error"": 0.0, ""spike_frequency_true"": 0.0, ""spike_frequency_units"": ""inverse_time_unit"", ""stable"": true, ""start_in_validation_block"": 16000, ""std_ratio"": 1.0001847660136214, ""window_index"": 2}]",257,8000,time_unit,0.0,2.9000993331403767e-06,11.32,11.32,0.0007106847342913282,0.0010944863996977978,0.0,0.000779638703406621,4,4,0.05,0.0,0.05,inverse_time_unit,True,0,1.000001886536546,16000,time_unit,0.0,3.490797100293215e-06,22.906666666666666,22.906666666666666,0.005064197263789138,0.005622781905139747,0.0,0.004358579363774146,4,4,0.05,0.0,0.05,inverse_time_unit,True,8000,0.9999987496144133,24000,time_unit,0.0,0.00022358046548674293,0.0,0.0,0.00029393524167054094,0.0003947805911096386,0.0,0.00029061313552793653,0,0,0.0,0.0,0.0,inverse_time_unit,True,16000,1.0001847660136214
434,0.0028992552418464377,1,[42],0.7358988336534836,2,0.1394881053189702,gp,42,0.04571602722594935,ok,ok,0.000371423145064471,42,0.08215142871656794,mean,0.9556219310641971,True,True,mean_plus_max,0.0,time_unit,0.0011156383391540744,0.004317205065272624,11.434444444444445,11.408888888888889,0.056467174641411266,0.06627454663256462,3,0.0,0.08215142871656794,0.08215142871656794,0.08215142871656794,0.08215142871656794,0.0,2.6666666666666665,2.6666666666666665,0.03333333333333333,0.0,0.03333333333333333,inverse_time_unit,1.0026360330615998,8000,"[{""end_in_validation_block"": 8000, ""inter_spike_interval_units"": ""time_unit"", ""isi_rel_error"": 0.0, ""mean_gap"": 0.00014476511836872272, ""mean_isi_pred"": 11.32, ""mean_isi_true"": 11.32, ""nrmse"": 0.013209164610014831, ""nrmse_x"": 0.020328949941466463, ""penalty"": 0.0, ""score"": 0.014483213620310263, ""spike_count_pred"": 4, ""spike_count_true"": 4, ""spike_frequency_pred"": 0.05, ""spike_frequency_rel_error"": 0.0, ""spike_frequency_true"": 0.05, ""spike_frequency_units"": ""inverse_time_unit"", ""stable"": true, ""start_in_validation_block"": 0, ""std_ratio"": 0.9999814483450665, ""window_index"": 0}, {""end_in_validation_block"": 16000, ""inter_spike_interval_units"": ""time_unit"", ""isi_rel_error"": 0.0033469150174622233, ""mean_gap"": 0.00024468096825841154, ""mean_isi_pred"": 22.983333333333334, ""mean_isi_true"": 22.906666666666666, ""nrmse"": 0.1421598142419561, ""nrmse_x"": 0.15798154524670915, ""penalty"": 0.0, ""score"": 0.12410326095491019, ""spike_count_pred"": 4, ""spike_count_true"": 4, ""spike_frequency_pred"": 0.05, ""spike_frequency_rel_error"": 0.0, ""spike_frequency_true"": 0.05, ""spike_frequency_units"": ""inverse_time_unit"", ""stable"": true, ""start_in_validation_block"": 8000, ""std_ratio"": 1.0001328169153931, ""window_index"": 1}, {""end_in_validation_block"": 24000, ""inter_spike_interval_units"": ""time_unit"", ""isi_rel_error"": 0.0, ""mean_gap"": 0.01256216910919074, ""mean_isi_pred"": 0.0, ""mean_isi_true"": 0.0, ""nrmse"": 0.014032545072262861, ""nrmse_x"": 0.020513144709518243, ""penalty"": 0.0, ""score"": 0.01479036585830075, ""spike_count_pred"": 0, ""spike_count_true"": 0, ""spike_frequency_pred"": 0.0, ""spike_frequency_rel_error"": 0.0, ""spike_frequency_true"": 0.0, ""spike_frequency_units"": ""inverse_time_unit"", ""stable"": true, ""start_in_validation_block"": 16000, ""std_ratio"": 1.00779383392434, ""window_index"": 2}]",50,8000,time_unit,0.0,0.00014476511836872272,11.32,11.32,0.013209164610014831,0.020328949941466463,0.0,0.014483213620310263,4,4,0.05,0.0,0.05,inverse_time_unit,True,0,0.9999814483450665,16000,time_unit,0.0033469150174622233,0.00024468096825841154,22.983333333333334,22.906666666666666,0.1421598142419561,0.15798154524670915,0.0,0.12410326095491019,4,4,0.05,0.0,0.05,inverse_time_unit,True,8000,1.0001328169153931,24000,time_unit,0.0,0.01256216910919074,0.0,0.0,0.014032545072262861,0.020513144709518243,0.0,0.01479036585830075,0,0,0.0,0.0,0.0,inverse_time_unit,True,16000,1.00779383392434
796,0.0028992552418464377,1,[42],0.07190930378934497,3,0.1049464136538022,gp,42,0.131146671732989,seed_42=non_finite_prediction,non_finite_prediction,4.7143586818602335e-07,42,1000000.0,mean,0.9281572123417967,False,False,mean_plus_max,1000000.0,time_unit,1000000.0,1000000.0,1000000.0,1000000.0,1000000.0,1000000.0,3,1000000.0,1000000.0,1000000.0,1000000.0,1000000.0,0.0,1000000.0,1000000.0,1000000.0,1000000.0,1000000.0,inverse_time_unit,1000000.0,8000,,230,,,,,,,,,,,,,,,,,,,,,,,,,,,,,,,,,,,,,,,,,,,,,,,,,,,,,,,,,
276,0.0028992552418464377,1,[42],0.6374667088664331,4,0.16342450417297458,gp,42,0.1952759933914627,ok,ok,4.7559134096445433e-08,42,0.004964275263140727,mean,0.662939938301213,True,True,mean_plus_max,0.0,time_unit,9.701202949162042e-05,0.00011039728980693176,11.406666666666666,11.408888888888889,0.003334179143835096,0.0037765149699959372,3,0.0,0.004964275263140727,0.004964275263140727,0.004964275263140727,0.004964275263140727,0.0,2.6666666666666665,2.6666666666666665,0.03333333333333333,0.0,0.03333333333333333,inverse_time_unit,0.9998888749456079,8000,"[{""end_in_validation_block"": 8000, ""inter_spike_interval_units"": ""time_unit"", ""isi_rel_error"": 0.0, ""mean_gap"": 8.016353674363499e-06, ""mean_isi_pred"": 11.32, ""mean_isi_true"": 11.32, ""nrmse"": 0.0003583161243374558, ""nrmse_x"": 0.0005460411233383322, ""penalty"": 0.0, ""score"": 0.0003899016489204467, ""spike_count_pred"": 4, ""spike_count_true"": 4, ""spike_frequency_pred"": 0.05, ""spike_frequency_rel_error"": 0.0, ""spike_frequency_true"": 0.05, ""spike_frequency_units"": ""inverse_time_unit"", ""stable"": true, ""start_in_validation_block"": 0, ""std_ratio"": 1.000002601009196, ""window_index"": 0}, {""end_in_validation_block"": 16000, ""inter_spike_interval_units"": ""time_unit"", ""isi_rel_error"": 0.0002910360884748613, ""mean_gap"": 8.94266023241147e-06, ""mean_isi_pred"": 22.900000000000002, ""mean_isi_true"": 22.906666666666666, ""nrmse"": 0.009148693836680944, ""nrmse_x"": 0.010159769840628807, ""penalty"": 0.0, ""score"": 0.00802056491575351, ""spike_count_pred"": 4, ""spike_count_true"": 4, ""spike_frequency_pred"": 0.05, ""spike_frequency_rel_error"": 0.0, ""spike_frequency_true"": 0.05, ""spike_frequency_units"": ""inverse_time_unit"", ""stable"": true, ""start_in_validation_block"": 8000, ""std_ratio"": 1.0000030379124338, ""window_index"": 1}, {""end_in_validation_block"": 24000, ""inter_spike_interval_units"": ""time_unit"", ""isi_rel_error"": 0.0, ""mean_gap"": 0.0003142328555140203, ""mean_isi_pred"": 0.0, ""mean_isi_true"": 0.0, ""nrmse"": 0.0004955274704868866, ""nrmse_x"": 0.0006237339460206735, ""penalty"": 0.0, ""score"": 0.0004669355379330921, ""spike_count_pred"": 0, ""spike_count_true"": 0, ""spike_frequency_pred"": 0.0, ""spike_frequency_rel_error"": 0.0, ""spike_frequency_true"": 0.0, ""spike_frequency_units"": ""inverse_time_unit"", ""stable"": true, ""start_in_validation_block"": 16000, ""std_ratio"": 0.9996609859151934, ""window_index"": 2}]",492,8000,time_unit,0.0,8.016353674363499e-06,11.32,11.32,0.0003583161243374558,0.0005460411233383322,0.0,0.0003899016489204467,4,4,0.05,0.0,0.05,inverse_time_unit,True,0,1.000002601009196,16000,time_unit,0.0002910360884748613,8.94266023241147e-06,22.900000000000002,22.906666666666666,0.009148693836680944,0.010159769840628807,0.0,0.00802056491575351,4,4,0.05,0.0,0.05,inverse_time_unit,True,8000,1.0000030379124338,24000,time_unit,0.0,0.0003142328555140203,0.0,0.0,0.0004955274704868866,0.0006237339460206735,0.0,0.0004669355379330921,0,0,0.0,0.0,0.0,inverse_time_unit,True,16000,0.9996609859151934
507,0.0028992552418464377,1,[42],0.06260171310187321,5,0.41534947637868025,gp,42,0.17478927321253776,ok,ok,0.0003939238626633632,42,5.3074888046914035,mean,0.9762152770114458,True,True,mean_plus_max,0.0,time_unit,0.3759167579653846,1.1996646684024541,16.725,11.408888888888889,1.291311163341778,2.2622577106409394,3,1.1949007449864586,5.3074888046914035,5.3074888046914035,5.3074888046914035,5.3074888046914035,0.0,3.6666666666666665,2.6666666666666665,0.04583333333333334,0.3333333333333333,0.03333333333333333,inverse_time_unit,1.4016172512410847,8000,"[{""end_in_validation_block"": 8000, ""inter_spike_interval_units"": ""time_unit"", ""isi_rel_error"": 0.061248527679623084, ""mean_gap"": 0.0021619209572564958, ""mean_isi_pred"": 10.626666666666667, ""mean_isi_true"": 11.32, ""nrmse"": 0.49458563925548893, ""nrmse_x"": 0.768321873992377, ""penalty"": 0.0, ""score"": 0.5768477043494912, ""spike_count_pred"": 4, ""spike_count_true"": 4, ""spike_frequency_pred"": 0.05, ""spike_frequency_rel_error"": 0.0, ""spike_frequency_true"": 0.05, ""spike_frequency_units"": ""inverse_time_unit"", ""stable"": true, ""start_in_validation_block"": 0, ""std_ratio"": 0.9885137606331611, ""window_index"": 0}, {""end_in_validation_block"": 16000, ""inter_spike_interval_units"": ""time_unit"", ""isi_rel_error"": 0.0665017462165307, ""mean_gap"": 0.012129849290729904, ""mean_isi_pred"": 21.383333333333336, ""mean_isi_true"": 22.906666666666666, ""nrmse"": 1.3395590385159581, ""nrmse_x"": 1.4688915765104744, ""penalty"": 0.0, ""score"": 1.1760309998180158, ""spike_count_pred"": 4, ""spike_count_true"": 4, ""spike_frequency_pred"": 0.05, ""spike_frequency_rel_error"": 0.0, ""spike_frequency_true"": 0.05, ""spike_frequency_units"": ""inverse_time_unit"", ""stable"": true, ""start_in_validation_block"": 8000, ""std_ratio"": 0.9986358810704709, ""window_index"": 1}, {""end_in_validation_block"": 24000, ""inter_spike_interval_units"": ""time_unit"", ""isi_rel_error"": 1.0, ""mean_gap"": 3.584702234959376, ""mean_isi_pred"": 18.165, ""mean_isi_true"": 0.0, ""nrmse"": 2.039788812253887, ""nrmse_x"": 4.549559681419967, ""penalty"": 3.584702234959376, ""score"": 8.09690726280383, ""spike_count_pred"": 3, ""spike_count_true"": 0, ""spike_frequency_pred"": 0.0375, ""spike_frequency_rel_error"": 1.0, ""spike_frequency_true"": 0.0, ""spike_frequency_units"": ""inverse_time_unit"", ""stable"": true, ""start_in_validation_block"": 16000, ""std_ratio"": 2.2177021120196216, ""window_index"": 2}]",303,8000,time_unit,0.061248527679623084,0.0021619209572564958,10.626666666666667,11.32,0.49458563925548893,0.768321873992377,0.0,0.5768477043494912,4,4,0.05,0.0,0.05,inverse_time_unit,True,0,0.9885137606331611,16000,time_unit,0.0665017462165307,0.012129849290729904,21.383333333333336,22.906666666666666,1.3395590385159581,1.4688915765104744,0.0,1.1760309998180158,4,4,0.05,0.0,0.05,inverse_time_unit,True,8000,0.9986358810704709,24000,time_unit,1.0,3.584702234959376,18.165,0.0,2.039788812253887,4.549559681419967,3.584702234959376,8.09690726280383,3,0,0.0375,1.0,0.0,inverse_time_unit,True,16000,2.2177021120196216
462,0.0028992552418464377,1,[42],0.6991003428841854,6,0.2687178262182083,gp,42,0.022873925399638555,ok,ok,1.861986828396592e-06,42,0.7915878900207244,mean,0.6616256779355043,True,True,mean_plus_max,0.0,time_unit,0.0007772388982358325,0.018824553352481656,11.392222222222223,11.408888888888889,0.5880249712216256,0.756390846758446,3,0.0,0.7915878900207244,0.7915878900207244,0.7915878900207244,0.7915878900207244,0.0,2.6666666666666665,2.6666666666666665,0.03333333333333333,0.0,0.03333333333333333,inverse_time_unit,0.987019439494277,8000,"[{""end_in_validation_block"": 8000, ""inter_spike_interval_units"": ""time_unit"", ""isi_rel_error"": 0.0002944640753826924, ""mean_gap"": 0.010625487902363801, ""mean_isi_pred"": 11.316666666666668, ""mean_isi_true"": 11.32, ""nrmse"": 0.6537769894670705, ""nrmse_x"": 1.014191815291226, ""penalty"": 0.0, ""score"": 0.7213969778146333, ""spike_count_pred"": 4, ""spike_count_true"": 4, ""spike_frequency_pred"": 0.05, ""spike_frequency_rel_error"": 0.0, ""spike_frequency_true"": 0.05, ""spike_frequency_units"": ""inverse_time_unit"", ""stable"": true, ""start_in_validation_block"": 0, ""std_ratio"": 0.9953565854291618, ""window_index"": 0}, {""end_in_validation_block"": 16000, ""inter_spike_interval_units"": ""time_unit"", ""isi_rel_error"": 0.002037252619324805, ""mean_gap"": 0.0016017000675284073, ""mean_isi_pred"": 22.86, ""mean_isi_true"": 22.906666666666666, ""nrmse"": 1.0544964851015648, ""nrmse_x"": 1.1783081829293915, ""penalty"": 0.0, ""score"": 0.912712248196219, ""spike_count_pred"": 4, ""spike_count_true"": 4, ""spike_frequency_pred"": 0.05, ""spike_frequency_rel_error"": 0.0, ""spike_frequency_true"": 0.05, ""spike_frequency_units"": ""inverse_time_unit"", ""stable"": true, ""start_in_validation_block"": 8000, ""std_ratio"": 1.0008704094850183, ""window_index"": 1}, {""end_in_validation_block"": 24000, ""inter_spike_interval_units"": ""time_unit"", ""isi_rel_error"": 0.0, ""mean_gap"": 0.04424647208755276, ""mean_isi_pred"": 0.0, ""mean_isi_true"": 0.0, ""nrmse"": 0.05580143909624126, ""nrmse_x"": 0.07667254205472071, ""penalty"": 0.0, ""score"": 0.056120257904156715, ""spike_count_pred"": 0, ""spike_count_true"": 0, ""spike_frequency_pred"": 0.0, ""spike_frequency_rel_error"": 0.0, ""spike_frequency_true"": 0.0, ""spike_frequency_units"": ""inverse_time_unit"", ""stable"": true, ""start_in_validation_block"": 16000, ""std_ratio"": 0.9648313235686508, ""window_index"": 2}]",425,8000,time_unit,0.0002944640753826924,0.010625487902363801,11.316666666666668,11.32,0.6537769894670705,1.014191815291226,0.0,0.7213969778146333,4,4,0.05,0.0,0.05,inverse_time_unit,True,0,0.9953565854291618,16000,time_unit,0.002037252619324805,0.0016017000675284073,22.86,22.906666666666666,1.0544964851015648,1.1783081829293915,0.0,0.912712248196219,4,4,0.05,0.0,0.05,inverse_time_unit,True,8000,1.0008704094850183,24000,time_unit,0.0,0.04424647208755276,0.0,0.0,0.05580143909624126,0.07667254205472071,0.0,0.056120257904156715,0,0,0.0,0.0,0.0,inverse_time_unit,True,16000,0.9648313235686508
345,0.0006410505903206819,1,[42],0.45389808076668253,7,0.628752987222357,gp,42,0.09039090936318338,ok,ok,2.8549048610706747e-09,42,0.0006410505903206819,mean,0.6275652614516436,True,True,mean_plus_max,0.0,time_unit,4.8506014745784366e-05,6.573110221865637e-06,11.40777777777778,11.408888888888889,0.00041137854733466517,0.00046735603009143704,3,0.0,0.0006410505903206819,0.0006410505903206819,0.0006410505903206819,0.0006410505903206819,0.0,2.6666666666666665,2.6666666666666665,0.03333333333333333,0.0,0.03333333333333333,inverse_time_unit,0.9999946264585758,8000,"[{""end_in_validation_block"": 8000, ""inter_spike_interval_units"": ""time_unit"", ""isi_rel_error"": 0.0, ""mean_gap"": 3.716589248572946e-06, ""mean_isi_pred"": 11.32, ""mean_isi_true"": 11.32, ""nrmse"": 8.910407527789236e-05, ""nrmse_x"": 0.00013476792755030435, ""penalty"": 0.0, ""score"": 9.639837897214049e-05, ""spike_count_pred"": 4, ""spike_count_true"": 4, ""spike_frequency_pred"": 0.05, ""spike_frequency_rel_error"": 0.0, ""spike_frequency_true"": 0.05, ""spike_frequency_units"": ""inverse_time_unit"", ""stable"": true, ""start_in_validation_block"": 0, ""std_ratio"": 1.0000009815711977, ""window_index"": 0}, {""end_in_validation_block"": 16000, ""inter_spike_interval_units"": ""time_unit"", ""isi_rel_error"": 0.0001455180442373531, ""mean_gap"": 3.3530135550433186e-06, ""mean_isi_pred"": 22.903333333333336, ""mean_isi_true"": 22.906666666666666, ""nrmse"": 0.0011095573999928118, ""nrmse_x"": 0.0012317820838880955, ""penalty"": 0.0, ""score"": 0.0010276285182553321, ""spike_count_pred"": 4, ""spike_count_true"": 4, ""spike_frequency_pred"": 0.05, ""spike_frequency_rel_error"": 0.0, ""spike_frequency_true"": 0.05, ""spike_frequency_units"": ""inverse_time_unit"", ""stable"": true, ""start_in_validation_block"": 8000, ""std_ratio"": 1.0000015301658642, ""window_index"": 1}, {""end_in_validation_block"": 24000, ""inter_spike_interval_units"": ""time_unit"", ""isi_rel_error"": 0.0, ""mean_gap"": 1.2649727861980645e-05, ""mean_isi_pred"": 0.0, ""mean_isi_true"": 0.0, ""nrmse"": 3.547416673329129e-05, ""nrmse_x"": 3.551807883591101e-05, ""penalty"": 0.0, ""score"": 2.840348504307388e-05, ""spike_count_pred"": 0, ""spike_count_true"": 0, ""spike_frequency_pred"": 0.0, ""spike_frequency_rel_error"": 0.0, ""spike_frequency_true"": 0.0, ""spike_frequency_units"": ""inverse_time_unit"", ""stable"": true, ""start_in_validation_block"": 16000, ""std_ratio"": 0.9999813676386656, ""window_index"": 2}]",305,8000,time_unit,0.0,3.716589248572946e-06,11.32,11.32,8.910407527789236e-05,0.00013476792755030435,0.0,9.639837897214049e-05,4,4,0.05,0.0,0.05,inverse_time_unit,True,0,1.0000009815711977,16000,time_unit,0.0001455180442373531,3.3530135550433186e-06,22.903333333333336,22.906666666666666,0.0011095573999928118,0.0012317820838880955,0.0,0.0010276285182553321,4,4,0.05,0.0,0.05,inverse_time_unit,True,8000,1.0000015301658642,24000,time_unit,0.0,1.2649727861980645e-05,0.0,0.0,3.547416673329129e-05,3.551807883591101e-05,0.0,2.840348504307388e-05,0,0,0.0,0.0,0.0,inverse_time_unit,True,16000,0.9999813676386656
267,0.0006410505903206819,1,[42],0.9303259225041047,8,0.3766051652012702,gp,42,0.1716112594270998,ok,ok,1.232832205450695e-05,42,2.993739356422738,mean,0.814827893358836,True,True,mean_plus_max,0.0,time_unit,0.0011687150031102498,0.6690331725848413,11.386666666666668,11.408888888888889,0.5344173269500057,1.10040001903659,3,0.6688013561775698,2.993739356422738,2.993739356422738,2.993739356422738,2.993739356422738,0.0,3.0,2.6666666666666665,0.0375,0.3333333333333333,0.03333333333333333,inverse_time_unit,1.2468765710678043,8000,"[{""end_in_validation_block"": 8000, ""inter_spike_interval_units"": ""time_unit"", ""isi_rel_error"": 0.0011778563015310834, ""mean_gap"": 0.0006119456742982006, ""mean_isi_pred"": 11.306666666666668, ""mean_isi_true"": 11.32, ""nrmse"": 0.07032137506241706, ""nrmse_x"": 0.10828537619830363, ""penalty"": 0.0, ""score"": 0.0777262288254368, ""spike_count_pred"": 4, ""spike_count_true"": 4, ""spike_frequency_pred"": 0.05, ""spike_frequency_rel_error"": 0.0, ""spike_frequency_true"": 0.05, ""spike_frequency_units"": ""inverse_time_unit"", ""stable"": true, ""start_in_validation_block"": 0, ""std_ratio"": 0.9996428750762747, ""window_index"": 0}, {""end_in_validation_block"": 16000, ""inter_spike_interval_units"": ""time_unit"", ""isi_rel_error"": 0.002328288707799666, ""mean_gap"": 8.350354751657539e-05, ""mean_isi_pred"": 22.853333333333335, ""mean_isi_true"": 22.906666666666666, ""nrmse"": 0.15918269032192142, ""nrmse_x"": 0.1766550056178546, ""penalty"": 0.0, ""score"": 0.13812007002420024, ""spike_count_pred"": 4, ""spike_count_true"": 4, ""spike_frequency_pred"": 0.05, ""spike_frequency_rel_error"": 0.0, ""spike_frequency_true"": 0.05, ""spike_frequency_units"": ""inverse_time_unit"", ""stable"": true, ""start_in_validation_block"": 8000, ""std_ratio"": 1.0000289908067608, ""window_index"": 1}, {""end_in_validation_block"": 24000, ""inter_spike_interval_units"": ""time_unit"", ""isi_rel_error"": 0.0, ""mean_gap"": 2.006404068532709, ""mean_isi_pred"": 0.0, ""mean_isi_true"": 0.0, ""nrmse"": 1.3737479154656784, ""nrmse_x"": 3.016259675293612, ""penalty"": 2.006404068532709, ""score"": 5.008783868810616, ""spike_count_pred"": 1, ""spike_count_true"": 0, ""spike_frequency_pred"": 0.0125, ""spike_frequency_rel_error"": 1.0, ""spike_frequency_true"": 0.0, ""spike_frequency_units"": ""inverse_time_unit"", ""stable"": true, ""start_in_validation_block"": 16000, ""std_ratio"": 1.7409578473203773, ""window_index"": 2}]",197,8000,time_unit,0.0011778563015310834,0.0006119456742982006,11.306666666666668,11.32,0.07032137506241706,0.10828537619830363,0.0,0.0777262288254368,4,4,0.05,0.0,0.05,inverse_time_unit,True,0,0.9996428750762747,16000,time_unit,0.002328288707799666,8.350354751657539e-05,22.853333333333335,22.906666666666666,0.15918269032192142,0.1766550056178546,0.0,0.13812007002420024,4,4,0.05,0.0,0.05,inverse_time_unit,True,8000,1.0000289908067608,24000,time_unit,0.0,2.006404068532709,0.0,0.0,1.3737479154656784,3.016259675293612,2.006404068532709,5.008783868810616,1,0,0.0125,1.0,0.0,inverse_time_unit,True,16000,1.7409578473203773
626,0.0006410505903206819,1,[42],1.0,9,0.8,gp,42,0.02,ok,ok,1e-10,42,3.8982639921515227,mean,0.5,True,True,mean_plus_max,0.0,time_unit,0.6666666666666666,0.838642154340894,0.0,11.408888888888889,2.1610311572497314,1.3191714027209898,3,0.7518801009489988,3.8982639921515227,3.8982639921515227,3.8982639921515227,3.8982639921515227,0.0,0.0,2.6666666666666665,0.0,0.6666666666666666,0.03333333333333333,inverse_time_unit,0.04386662866609115,8000,"[{""end_in_validation_block"": 8000, ""inter_spike_interval_units"": ""time_unit"", ""isi_rel_error"": 1.0, ""mean_gap"": 0.43088125329096055, ""mean_isi_pred"": 0.0, ""mean_isi_true"": 11.32, ""nrmse"": 1.0546298354328107, ""nrmse_x"": 1.0531280780054892, ""penalty"": 0.0, ""score"": 2.342877901761222, ""spike_count_pred"": 0, ""spike_count_true"": 4, ""spike_frequency_pred"": 0.0, ""spike_frequency_rel_error"": 1.0, ""spike_frequency_true"": 0.05, ""spike_frequency_units"": ""inverse_time_unit"", ""stable"": true, ""start_in_validation_block"": 0, ""std_ratio"": 0.1315998859982733, ""window_index"": 0}, {""end_in_validation_block"": 16000, ""inter_spike_interval_units"": ""time_unit"", ""isi_rel_error"": 1.0, ""mean_gap"": 0.8294049068847243, ""mean_isi_pred"": 0.0, ""mean_isi_true"": 22.906666666666666, ""nrmse"": 3.2310761786073203, ""nrmse_x"": 1.299196867131559, ""penalty"": 0.49999999999999967, ""score"": 3.522327321574187, ""spike_count_pred"": 0, ""spike_count_true"": 4, ""spike_frequency_pred"": 0.0, ""spike_frequency_rel_error"": 1.0, ""spike_frequency_true"": 0.05, ""spike_frequency_units"": ""inverse_time_unit"", ""stable"": true, ""start_in_validation_block"": 8000, ""std_ratio"": 7.15303951638237e-17, ""window_index"": 1}, {""end_in_validation_block"": 24000, ""inter_spike_interval_units"": ""time_unit"", ""isi_rel_error"": 0.0, ""mean_gap"": 1.2556403028469971, ""mean_isi_pred"": 0.0, ""mean_isi_true"": 0.0, ""nrmse"": 2.197387457709064, ""nrmse_x"": 1.6051892630259212, ""penalty"": 1.7556403028469967, ""score"": 3.1878412619385195, ""spike_count_pred"": 0, ""spike_count_true"": 0, ""spike_frequency_pred"": 0.0, ""spike_frequency_rel_error"": 0.0, ""spike_frequency_true"": 0.0, ""spike_frequency_units"": ""inverse_time_unit"", ""stable"": true, ""start_in_validation_block"": 16000, ""std_ratio"": 8.46846064903971e-17, ""window_index"": 2}]",500,8000,time_unit,1.0,0.43088125329096055,0.0,11.32,1.0546298354328107,1.0531280780054892,0.0,2.342877901761222,0,4,0.0,1.0,0.05,inverse_time_unit,True,0,0.1315998859982733,16000,time_unit,1.0,0.8294049068847243,0.0,22.906666666666666,3.2310761786073203,1.299196867131559,0.49999999999999967,3.522327321574187,0,4,0.0,1.0,0.05,inverse_time_unit,True,8000,7.15303951638237e-17,24000,time_unit,0.0,1.2556403028469971,0.0,0.0,2.197387457709064,1.6051892630259212,1.7556403028469967,3.1878412619385195,0,0,0.0,0.0,0.0,inverse_time_unit,True,16000,8.46846064903971e-17
662,0.0006410505903206819,1,[42],0.05,10,0.1,gp,42,0.2,seed_42=non_finite_prediction,non_finite_prediction,0.001,42,1000000.0,mean,1.2,False,False,mean_plus_max,1000000.0,time_unit,1000000.0,1000000.0,1000000.0,1000000.0,1000000.0,1000000.0,3,1000000.0,1000000.0,1000000.0,1000000.0,1000000.0,0.0,1000000.0,1000000.0,1000000.0,1000000.0,1000000.0,inverse_time_unit,1000000.0,8000,,50,,,,,,,,,,,,,,,,,,,,,,,,,,,,,,,,,,,,,,,,,,,,,,,,,,,,,,,,,
250,0.0006410505903206819,1,[42],0.05,11,0.5704954193508147,gp,42,0.2,seed_42=non_finite_prediction,non_finite_prediction,0.001,42,1000000.0,mean,1.2,False,False,mean_plus_max,1000000.0,time_unit,1000000.0,1000000.0,1000000.0,1000000.0,1000000.0,1000000.0,3,1000000.0,1000000.0,1000000.0,1000000.0,1000000.0,0.0,1000000.0,1000000.0,1000000.0,1000000.0,1000000.0,inverse_time_unit,1000000.0,8000,,283,,,,,,,,,,,,,,,,,,,,,,,,,,,,,,,,,,,,,,,,,,,,,,,,,,,,,,,,,
387,0.0006410505903206819,1,[42],0.6903647877831307,12,0.6045475258927888,gp,42,0.0345526466438821,ok,ok,6.190547626593066e-10,42,0.0010199763406051948,mean,0.6398491912158586,True,True,mean_plus_max,0.0,time_unit,4.8506014745784366e-05,3.0421979139678678e-05,11.40777777777778,11.408888888888889,0.0006761694326201257,0.0007820898951048824,3,0.0,0.0010199763406051948,0.0010199763406051948,0.0010199763406051948,0.0010199763406051948,0.0,2.6666666666666665,2.6666666666666665,0.03333333333333333,0.0,0.03333333333333333,inverse_time_unit,0.9999790623463639,8000,"[{""end_in_validation_block"": 8000, ""inter_spike_interval_units"": ""time_unit"", ""isi_rel_error"": 0.0, ""mean_gap"": 1.6930537911185014e-07, ""mean_isi_pred"": 11.32, ""mean_isi_true"": 11.32, ""nrmse"": 0.0001635536266968083, ""nrmse_x"": 0.0002518638149675922, ""penalty"": 0.0, ""score"": 0.0001794135049063778, ""spike_count_pred"": 4, ""spike_count_true"": 4, ""spike_frequency_pred"": 0.05, ""spike_frequency_rel_error"": 0.0, ""spike_frequency_true"": 0.05, ""spike_frequency_units"": ""inverse_time_unit"", ""stable"": true, ""start_in_validation_block"": 0, ""std_ratio"": 0.9999998616678499, ""window_index"": 0}, {""end_in_validation_block"": 16000, ""inter_spike_interval_units"": ""time_unit"", ""isi_rel_error"": 0.0001455180442373531, ""mean_gap"": 5.834885073227659e-07, ""mean_isi_pred"": 22.903333333333336, ""mean_isi_true"": 22.906666666666666, ""nrmse"": 0.0017581863942467168, ""nrmse_x"": 0.00195240092799634, ""penalty"": 0.0, ""score"": 0.0015861261310783428, ""spike_count_pred"": 4, ""spike_count_true"": 4, ""spike_frequency_pred"": 0.05, ""spike_frequency_rel_error"": 0.0, ""spike_frequency_true"": 0.05, ""spike_frequency_units"": ""inverse_time_unit"", ""stable"": true, ""start_in_validation_block"": 8000, ""std_ratio"": 1.0000001035370678, ""window_index"": 1}, {""end_in_validation_block"": 24000, ""inter_spike_interval_units"": ""time_unit"", ""isi_rel_error"": 0.0, ""mean_gap"": 9.051314353260142e-05, ""mean_isi_pred"": 0.0, ""mean_isi_true"": 0.0, ""nrmse"": 0.00010676827691685199, ""nrmse_x"": 0.000142004942350715, ""penalty"": 0.0, ""score"": 0.00010479478752210626, ""spike_count_pred"": 0, ""spike_count_true"": 0, ""spike_frequency_pred"": 0.0, ""spike_frequency_rel_error"": 0.0, ""spike_frequency_true"": 0.0, ""spike_frequency_units"": ""inverse_time_unit"", ""stable"": true, ""start_in_validation_block"": 16000, ""std_ratio"": 0.9999372218341743, ""window_index"": 2}]",371,8000,time_unit,0.0,1.6930537911185014e-07,11.32,11.32,0.0001635536266968083,0.0002518638149675922,0.0,0.0001794135049063778,4,4,0.05,0.0,0.05,inverse_time_unit,True,0,0.9999998616678499,16000,time_unit,0.0001455180442373531,5.834885073227659e-07,22.903333333333336,22.906666666666666,0.0017581863942467168,0.00195240092799634,0.0,0.0015861261310783428,4,4,0.05,0.0,0.05,inverse_time_unit,True,8000,1.0000001035370678,24000,time_unit,0.0,9.051314353260142e-05,0.0,0.0,0.00010676827691685199,0.000142004942350715,0.0,0.00010479478752210626,0,0,0.0,0.0,0.0,inverse_time_unit,True,16000,0.9999372218341743
563,0.0006410505903206819,1,[42],0.3713481000793603,13,0.3826810635205976,gp,42,0.1362960899333204,ok,ok,8.279295201272793e-07,42,9.850596748974795,mean,0.7655611069167476,True,True,mean_plus_max,0.0,time_unit,0.6666666666666666,3.5383035446709883,0.0,11.408888888888889,2.474386654682601,3.7035303110794886,3,3.8716368780043218,9.850596748974795,9.850596748974795,9.850596748974795,9.850596748974795,0.0,0.0,2.6666666666666665,0.0,0.6666666666666666,0.03333333333333333,inverse_time_unit,0.10449910808161772,8000,"[{""end_in_validation_block"": 8000, ""inter_spike_interval_units"": ""time_unit"", ""isi_rel_error"": 1.0, ""mean_gap"": 2.2380009349393104, ""mean_isi_pred"": 0.0, ""mean_isi_true"": 11.32, ""nrmse"": 1.6962845180322998, ""nrmse_x"": 2.482928812884268, ""penalty"": 2.2380009349393104, ""score"": 5.5276829115337325, ""spike_count_pred"": 0, ""spike_count_true"": 4, ""spike_frequency_pred"": 0.0, ""spike_frequency_rel_error"": 1.0, ""spike_frequency_true"": 0.05, ""spike_frequency_units"": ""inverse_time_unit"", ""stable"": true, ""start_in_validation_block"": 0, ""std_ratio"": 0.31349732424485316, ""window_index"": 0}, {""end_in_validation_block"": 16000, ""inter_spike_interval_units"": ""time_unit"", ""isi_rel_error"": 1.0, ""mean_gap"": 3.115186527887589, ""mean_isi_pred"": 0.0, ""mean_isi_true"": 22.906666666666666, ""nrmse"": 3.382017090208943, ""nrmse_x"": 3.271755966378351, ""penalty"": 3.615186527887589, ""score"": 7.760156581947918, ""spike_count_pred"": 0, ""spike_count_true"": 4, ""spike_frequency_pred"": 0.0, ""spike_frequency_rel_error"": 1.0, ""spike_frequency_true"": 0.05, ""spike_frequency_units"": ""inverse_time_unit"", ""stable"": true, ""start_in_validation_block"": 8000, ""std_ratio"": 0.0, ""window_index"": 1}, {""end_in_validation_block"": 24000, ""inter_spike_interval_units"": ""time_unit"", ""isi_rel_error"": 0.0, ""mean_gap"": 5.261723171186065, ""mean_isi_pred"": 0.0, ""mean_isi_true"": 0.0, ""nrmse"": 2.3448583558065605, ""nrmse_x"": 5.355906153975846, ""penalty"": 5.761723171186065, ""score"": 9.29368614482442, ""spike_count_pred"": 0, ""spike_count_true"": 0, ""spike_frequency_pred"": 0.0, ""spike_frequency_rel_error"": 0.0, ""spike_frequency_true"": 0.0, ""spike_frequency_units"": ""inverse_time_unit"", ""stable"": true, ""start_in_validation_block"": 16000, ""std_ratio"": 0.0, ""window_index"": 2}]",245,8000,time_unit,1.0,2.2380009349393104,0.0,11.32,1.6962845180322998,2.482928812884268,2.2380009349393104,5.5276829115337325,0,4,0.0,1.0,0.05,inverse_time_unit,True,0,0.31349732424485316,16000,time_unit,1.0,3.115186527887589,0.0,22.906666666666666,3.382017090208943,3.271755966378351,3.615186527887589,7.760156581947918,0,4,0.0,1.0,0.05,inverse_time_unit,True,8000,0.0,24000,time_unit,0.0,5.261723171186065,0.0,0.0,2.3448583558065605,5.355906153975846,5.761723171186065,9.29368614482442,0,0,0.0,0.0,0.0,inverse_time_unit,True,16000,0.0
733,0.0006410505903206819,1,[42],0.6417021640682131,14,0.7334880262137997,gp,42,0.040768806703799926,ok,ok,1e-10,42,5.880324431436669,mean,0.5,True,True,mean_plus_max,0.0,time_unit,0.6666666666666666,1.4847496622682392,0.0,11.408888888888889,2.0658669694631047,1.7964284982892893,3,1.9473375288999148,5.880324431436669,5.880324431436669,5.880324431436669,5.880324431436669,0.0,0.0,2.6666666666666665,0.0,0.6666666666666666,0.03333333333333333,inverse_time_unit,0.007482426673664923,8000,"[{""end_in_validation_block"": 8000, ""inter_spike_interval_units"": ""time_unit"", ""isi_rel_error"": 1.0, ""mean_gap"": 1.1723913406073019, ""mean_isi_pred"": 0.0, ""mean_isi_true"": 11.32, ""nrmse"": 1.795427995102345, ""nrmse_x"": 1.542793647295438, ""penalty"": 1.560154940502328, ""score"": 4.357548445290405, ""spike_count_pred"": 0, ""spike_count_true"": 4, ""spike_frequency_pred"": 0.0, ""spike_frequency_rel_error"": 1.0, ""spike_frequency_true"": 0.05, ""spike_frequency_units"": ""inverse_time_unit"", ""stable"": true, ""start_in_validation_block"": 0, ""std_ratio"": 0.02244728002099477, ""window_index"": 0}, {""end_in_validation_block"": 16000, ""inter_spike_interval_units"": ""time_unit"", ""isi_rel_error"": 1.0, ""mean_gap"": 1.7922302191150943, ""mean_isi_pred"": 0.0, ""mean_isi_true"": 22.906666666666666, ""nrmse"": 3.171688431128033, ""nrmse_x"": 2.052337486455222, ""penalty"": 2.292230219115094, ""score"": 5.7139379444474745, ""spike_count_pred"": 0, ""spike_count_true"": 4, ""spike_frequency_pred"": 0.0, ""spike_frequency_rel_error"": 1.0, ""spike_frequency_true"": 0.05, ""spike_frequency_units"": ""inverse_time_unit"", ""stable"": true, ""start_in_validation_block"": 8000, ""std_ratio"": 0.0, ""window_index"": 1}, {""end_in_validation_block"": 24000, ""inter_spike_interval_units"": ""time_unit"", ""isi_rel_error"": 0.0, ""mean_gap"": 1.489627427082322, ""mean_isi_pred"": 0.0, ""mean_isi_true"": 0.0, ""nrmse"": 1.2304844821589356, ""nrmse_x"": 1.7941543611172082, ""penalty"": 1.989627427082322, ""score"": 3.2840334462365206, ""spike_count_pred"": 0, ""spike_count_true"": 0, ""spike_frequency_pred"": 0.0, ""spike_frequency_rel_error"": 0.0, ""spike_frequency_true"": 0.0, ""spike_frequency_units"": ""inverse_time_unit"", ""stable"": true, ""start_in_validation_block"": 16000, ""std_ratio"": 0.0, ""window_index"": 2}]",143,8000,time_unit,1.0,1.1723913406073019,0.0,11.32,1.795427995102345,1.542793647295438,1.560154940502328,4.357548445290405,0,4,0.0,1.0,0.05,inverse_time_unit,True,0,0.02244728002099477,16000,time_unit,1.0,1.7922302191150943,0.0,22.906666666666666,3.171688431128033,2.052337486455222,2.292230219115094,5.7139379444474745,0,4,0.0,1.0,0.05,inverse_time_unit,True,8000,0.0,24000,time_unit,0.0,1.489627427082322,0.0,0.0,1.2304844821589356,1.7941543611172082,1.989627427082322,3.2840334462365206,0,0,0.0,0.0,0.0,inverse_time_unit,True,16000,0.0
300,0.0005909412876520319,1,[42],0.6826237946207999,15,0.449887933960747,gp,42,0.028882755385841802,ok,ok,5.890186130865035e-10,42,0.0005909412876520319,mean,0.6093962870121012,True,True,mean_plus_max,0.0,time_unit,4.8506014745784366e-05,9.572892967345633e-06,11.40777777777778,11.408888888888889,0.0003768981204446411,0.0004245551290817009,3,0.0,0.0005909412876520319,0.0005909412876520319,0.0005909412876520319,0.0005909412876520319,0.0,2.6666666666666665,2.6666666666666665,0.03333333333333333,0.0,0.03333333333333333,inverse_time_unit,0.9999842822535463,8000,"[{""end_in_validation_block"": 8000, ""inter_spike_interval_units"": ""time_unit"", ""isi_rel_error"": 0.0, ""mean_gap"": 1.6471793927683208e-06, ""mean_isi_pred"": 11.32, ""mean_isi_true"": 11.32, ""nrmse"": 3.950229470717804e-05, ""nrmse_x"": 5.984972615568654e-05, ""penalty"": 0.0, ""score"": 4.2792923062422104e-05, ""spike_count_pred"": 4, ""spike_count_true"": 4, ""spike_frequency_pred"": 0.05, ""spike_frequency_rel_error"": 0.0, ""spike_frequency_true"": 0.05, ""spike_frequency_units"": ""inverse_time_unit"", ""stable"": true, ""start_in_validation_block"": 0, ""std_ratio"": 1.0000004965102733, ""window_index"": 0}, {""end_in_validation_block"": 16000, ""inter_spike_interval_units"": ""time_unit"", ""isi_rel_error"": 0.0001455180442373531, ""mean_gap"": 8.913392077533654e-07, ""mean_isi_pred"": 22.903333333333336, ""mean_isi_true"": 22.906666666666666, ""nrmse"": 0.0010258239310760701, ""nrmse_x"": 0.0011393067487354216, ""penalty"": 0.0, ""score"": 0.0009558337166921759, ""spike_count_pred"": 4, ""spike_count_true"": 4, ""spike_frequency_pred"": 0.05, ""spike_frequency_rel_error"": 0.0, ""spike_frequency_true"": 0.05, ""spike_frequency_units"": ""inverse_time_unit"", ""stable"": true, ""start_in_validation_block"": 8000, ""std_ratio"": 1.000000319360381, ""window_index"": 1}, {""end_in_validation_block"": 24000, ""inter_spike_interval_units"": ""time_unit"", ""isi_rel_error"": 0.0, ""mean_gap"": 2.6180160301515216e-05, ""mean_isi_pred"": 0.0, ""mean_isi_true"": 0.0, ""nrmse"": 6.536813555067511e-05, ""nrmse_x"": 7.450891235399441e-05, ""penalty"": 0.0, ""score"": 5.732193568236571e-05, ""spike_count_pred"": 0, ""spike_count_true"": 0, ""spike_frequency_pred"": 0.0, ""spike_frequency_rel_error"": 0.0, ""spike_frequency_true"": 0.0, ""spike_frequency_units"": ""inverse_time_unit"", ""stable"": true, ""start_in_validation_block"": 16000, ""std_ratio"": 0.9999520308899844, ""window_index"": 2}]",338,8000,time_unit,0.0,1.6471793927683208e-06,11.32,11.32,3.950229470717804e-05,5.984972615568654e-05,0.0,4.2792923062422104e-05,4,4,0.05,0.0,0.05,inverse_time_unit,True,0,1.0000004965102733,16000,time_unit,0.0001455180442373531,8.913392077533654e-07,22.903333333333336,22.906666666666666,0.0010258239310760701,0.0011393067487354216,0.0,0.0009558337166921759,4,4,0.05,0.0,0.05,inverse_time_unit,True,8000,1.000000319360381,24000,time_unit,0.0,2.6180160301515216e-05,0.0,0.0,6.536813555067511e-05,7.450891235399441e-05,0.0,5.732193568236571e-05,0,0,0.0,0.0,0.0,inverse_time_unit,True,16000,0.9999520308899844
595,0.0005909412876520319,1,[42],0.6192766876697827,16,0.6940393742992247,gp,42,0.14365601646669793,ok,ok,1.131307069455768e-06,42,17.38947750253316,mean,1.1119906448210126,True,True,mean_plus_max,0.0,time_unit,0.6666666666666666,6.7381278016989725,0.0,11.408888888888889,3.667772476945359,6.837541289842423,3,7.0714611350323,17.38947750253316,17.38947750253316,17.38947750253316,17.38947750253316,0.0,0.0,2.6666666666666665,0.0,0.6666666666666666,0.03333333333333333,inverse_time_unit,0.1309313859243523,8000,"[{""end_in_validation_block"": 8000, ""inter_spike_interval_units"": ""time_unit"", ""isi_rel_error"": 1.0, ""mean_gap"": 3.9136302171372215, ""mean_isi_pred"": 0.0, ""mean_isi_true"": 11.32, ""nrmse"": 2.572090614569533, ""nrmse_x"": 4.071254207179105, ""penalty"": 3.9136302171372215, ""score"": 8.295842684728113, ""spike_count_pred"": 0, ""spike_count_true"": 4, ""spike_frequency_pred"": 0.0, ""spike_frequency_rel_error"": 1.0, ""spike_frequency_true"": 0.05, ""spike_frequency_units"": ""inverse_time_unit"", ""stable"": true, ""start_in_validation_block"": 0, ""std_ratio"": 0.392794157773053, ""window_index"": 0}, {""end_in_validation_block"": 16000, ""inter_spike_interval_units"": ""time_unit"", ""isi_rel_error"": 1.0, ""mean_gap"": 5.172652992323391, ""mean_isi_pred"": 0.0, ""mean_isi_true"": 22.906666666666666, ""nrmse"": 5.277289509433241, ""nrmse_x"": 5.268428511329741, ""penalty"": 5.6726529923233855, ""score"": 11.389611050913054, ""spike_count_pred"": 0, ""spike_count_true"": 4, ""spike_frequency_pred"": 0.0, ""spike_frequency_rel_error"": 1.0, ""spike_frequency_true"": 0.05, ""spike_frequency_units"": ""inverse_time_unit"", ""stable"": true, ""start_in_validation_block"": 8000, ""std_ratio"": 1.0107611682061856e-15, ""window_index"": 1}, {""end_in_validation_block"": 24000, ""inter_spike_interval_units"": ""time_unit"", ""isi_rel_error"": 0.0, ""mean_gap"": 11.128100195636307, ""mean_isi_pred"": 0.0, ""mean_isi_true"": 0.0, ""nrmse"": 3.1539373068333036, ""nrmse_x"": 11.172941151018419, ""penalty"": 11.628100195636293, ""score"": 18.56170215540475, ""spike_count_pred"": 0, ""spike_count_true"": 0, ""spike_frequency_pred"": 0.0, ""spike_frequency_rel_error"": 0.0, ""spike_frequency_true"": 0.0, ""spike_frequency_units"": ""inverse_time_unit"", ""stable"": true, ""start_in_validation_block"": 16000, ""std_ratio"": 2.8771637116972316e-15, ""window_index"": 2}]",220,8000,time_unit,1.0,3.9136302171372215,0.0,11.32,2.572090614569533,4.071254207179105,3.9136302171372215,8.295842684728113,0,4,0.0,1.0,0.05,inverse_time_unit,True,0,0.392794157773053,16000,time_unit,1.0,5.172652992323391,0.0,22.906666666666666,5.277289509433241,5.268428511329741,5.6726529923233855,11.389611050913054,0,4,0.0,1.0,0.05,inverse_time_unit,True,8000,1.0107611682061856e-15,24000,time_unit,0.0,11.128100195636307,0.0,0.0,3.1539373068333036,11.172941151018419,11.628100195636293,18.56170215540475,0,0,0.0,0.0,0.0,inverse_time_unit,True,16000,2.8771637116972316e-15
609,0.0005909412876520319,1,[42],0.4548223743993618,17,0.7827098110670896,gp,42,0.08532529903388168,ok,ok,1.5732480190637496e-09,42,0.003126508682131713,mean,0.8528851376248379,True,True,mean_plus_max,0.0,time_unit,0.0,4.223763142249033e-05,11.408888888888889,11.408888888888889,0.0023088982946961162,0.002909813440197592,3,0.0,0.003126508682131713,0.003126508682131713,0.003126508682131713,0.003126508682131713,0.0,2.6666666666666665,2.6666666666666665,0.03333333333333333,0.0,0.03333333333333333,inverse_time_unit,1.0000395075856476,8000,"[{""end_in_validation_block"": 8000, ""inter_spike_interval_units"": ""time_unit"", ""isi_rel_error"": 0.0, ""mean_gap"": 2.273683243937017e-05, ""mean_isi_pred"": 11.32, ""mean_isi_true"": 11.32, ""nrmse"": 0.002354870664045851, ""nrmse_x"": 0.003623135509598708, ""penalty"": 0.0, ""score"": 0.0025814421962907525, ""spike_count_pred"": 4, ""spike_count_true"": 4, ""spike_frequency_pred"": 0.05, ""spike_frequency_rel_error"": 0.0, ""spike_frequency_true"": 0.05, ""spike_frequency_units"": ""inverse_time_unit"", ""stable"": true, ""start_in_validation_block"": 0, ""std_ratio"": 1.0000111023469065, ""window_index"": 0}, {""end_in_validation_block"": 16000, ""inter_spike_interval_units"": ""time_unit"", ""isi_rel_error"": 0.0, ""mean_gap"": 3.1650086750923334e-06, ""mean_isi_pred"": 22.906666666666666, ""mean_isi_true"": 22.906666666666666, ""nrmse"": 0.004415365895073831, ""nrmse_x"": 0.004894009802959228, ""penalty"": 0.0, ""score"": 0.003795546865396034, ""spike_count_pred"": 4, ""spike_count_true"": 4, ""spike_frequency_pred"": 0.05, ""spike_frequency_rel_error"": 0.0, ""spike_frequency_true"": 0.05, ""spike_frequency_units"": ""inverse_time_unit"", ""stable"": true, ""start_in_validation_block"": 8000, ""std_ratio"": 0.9999985524966171, ""window_index"": 1}, {""end_in_validation_block"": 24000, ""inter_spike_interval_units"": ""time_unit"", ""isi_rel_error"": 0.0, ""mean_gap"": 0.00010081105315300849, ""mean_isi_pred"": 0.0, ""mean_isi_true"": 0.0, ""nrmse"": 0.0001564583249686664, ""nrmse_x"": 0.00021229500803483965, ""penalty"": 0.0, ""score"": 0.00015587683566132843, ""spike_count_pred"": 0, ""spike_count_true"": 0, ""spike_frequency_pred"": 0.0, ""spike_frequency_rel_error"": 0.0, ""spike_frequency_true"": 0.0, ""spike_frequency_units"": ""inverse_time_unit"", ""stable"": true, ""start_in_validation_block"": 16000, ""std_ratio"": 1.000108867913419, ""window_index"": 2}]",322,8000,time_unit,0.0,2.273683243937017e-05,11.32,11.32,0.002354870664045851,0.003623135509598708,0.0,0.0025814421962907525,4,4,0.05,0.0,0.05,inverse_time_unit,True,0,1.0000111023469065,16000,time_unit,0.0,3.1650086750923334e-06,22.906666666666666,22.906666666666666,0.004415365895073831,0.004894009802959228,0.0,0.003795546865396034,4,4,0.05,0.0,0.05,inverse_time_unit,True,8000,0.9999985524966171,24000,time_unit,0.0,0.00010081105315300849,0.0,0.0,0.0001564583249686664,0.00021229500803483965,0.0,0.00015587683566132843,0,0,0.0,0.0,0.0,inverse_time_unit,True,16000,1.000108867913419
698,0.0005909412876520319,1,[42],0.698977729939638,18,0.7682091429565225,gp,42,0.05276007629298039,ok,ok,1.8550434011022823e-10,42,17.477828993307014,mean,0.7960734260700207,True,True,mean_plus_max,0.0,time_unit,0.6204358068315665,6.207693805224127,0.5233333333333333,11.408888888888889,3.101467874261715,6.371090800179407,3,6.541027138557452,17.477828993307014,17.477828993307014,17.477828993307014,17.477828993307014,0.0,1.3333333333333333,2.6666666666666665,0.016666666666666666,0.75,0.03333333333333333,inverse_time_unit,0.41511341188654777,8000,"[{""end_in_validation_block"": 8000, ""inter_spike_interval_units"": ""time_unit"", ""isi_rel_error"": 0.8613074204946997, ""mean_gap"": 2.454675243742688, ""mean_isi_pred"": 1.57, ""mean_isi_true"": 11.32, ""nrmse"": 2.527932088273844, ""nrmse_x"": 2.756186365899092, ""penalty"": 2.454675243742688, ""score"": 5.533214477303, ""spike_count_pred"": 2, ""spike_count_true"": 4, ""spike_frequency_pred"": 0.025, ""spike_frequency_rel_error"": 0.5, ""spike_frequency_true"": 0.05, ""spike_frequency_units"": ""inverse_time_unit"", ""stable"": true, ""start_in_validation_block"": 0, ""std_ratio"": 1.245340235659638, ""window_index"": 0}, {""end_in_validation_block"": 16000, ""inter_spike_interval_units"": ""time_unit"", ""isi_rel_error"": 1.0, ""mean_gap"": 3.2581302008446213, ""mean_isi_pred"": 0.0, ""mean_isi_true"": 22.906666666666666, ""nrmse"": 3.3513859017427268, ""nrmse_x"": 3.4081391411818593, ""penalty"": 3.7581302008446142, ""score"": 7.720453203930319, ""spike_count_pred"": 1, ""spike_count_true"": 4, ""spike_frequency_pred"": 0.0125, ""spike_frequency_rel_error"": 0.7500000000000001, ""spike_frequency_true"": 0.05, ""spike_frequency_units"": ""inverse_time_unit"", ""stable"": true, ""start_in_validation_block"": 8000, ""std_ratio"": 1.4256355131495505e-15, ""window_index"": 1}, {""end_in_validation_block"": 24000, ""inter_spike_interval_units"": ""time_unit"", ""isi_rel_error"": 0.0, ""mean_gap"": 12.910275971085072, ""mean_isi_pred"": 0.0, ""mean_isi_true"": 0.0, ""nrmse"": 3.4250856327685737, ""nrmse_x"": 12.948946893457272, ""penalty"": 13.410275971085053, ""score"": 22.388468170678696, ""spike_count_pred"": 1, ""spike_count_true"": 0, ""spike_frequency_pred"": 0.0125, ""spike_frequency_rel_error"": 1.0, ""spike_frequency_true"": 0.0, ""spike_frequency_units"": ""inverse_time_unit"", ""stable"": true, ""start_in_validation_block"": 16000, ""std_ratio"": 4.0648611115390615e-15, ""window_index"": 2}]",388,8000,time_unit,0.8613074204946997,2.454675243742688,1.57,11.32,2.527932088273844,2.756186365899092,2.454675243742688,5.533214477303,2,4,0.025,0.5,0.05,inverse_time_unit,True,0,1.245340235659638,16000,time_unit,1.0,3.2581302008446213,0.0,22.906666666666666,3.3513859017427268,3.4081391411818593,3.7581302008446142,7.720453203930319,1,4,0.0125,0.7500000000000001,0.05,inverse_time_unit,True,8000,1.4256355131495505e-15,24000,time_unit,0.0,12.910275971085072,0.0,0.0,3.4250856327685737,12.948946893457272,13.410275971085053,22.388468170678696,1,0,0.0125,1.0,0.0,inverse_time_unit,True,16000,4.0648611115390615e-15
335,0.0005909412876520319,1,[42],0.09372434526296475,19,0.3636791259347102,gp,42,0.2,ok,ok,0.00030682125454881934,42,3.8604509844910684,mean,0.5170947319852465,True,True,mean_plus_max,0.0,time_unit,0.24847891650932205,0.8216343419559845,6.930833333333333,11.408888888888889,1.2666464845234038,1.7047801559681706,3,0.7193551034478308,3.8604509844910684,3.8604509844910684,3.8604509844910684,3.8604509844910684,0.0,3.6666666666666665,2.6666666666666665,0.04583333333333334,0.5,0.03333333333333333,inverse_time_unit,1.3199214655281453,8000,"[{""end_in_validation_block"": 8000, ""inter_spike_interval_units"": ""time_unit"", ""isi_rel_error"": 0.31426678445229683, ""mean_gap"": 0.10766414319036087, ""mean_isi_pred"": 7.7625, ""mean_isi_true"": 11.32, ""nrmse"": 0.6540693891916902, ""nrmse_x"": 0.9942170123531856, ""penalty"": 0.0, ""score"": 1.117470096318323, ""spike_count_pred"": 5, ""spike_count_true"": 4, ""spike_frequency_pred"": 0.0625, ""spike_frequency_rel_error"": 0.24999999999999994, ""spike_frequency_true"": 0.05, ""spike_frequency_units"": ""inverse_time_unit"", ""stable"": true, ""start_in_validation_block"": 0, ""std_ratio"": 1.0276461078095411, ""window_index"": 0}, {""end_in_validation_block"": 16000, ""inter_spike_interval_units"": ""time_unit"", ""isi_rel_error"": 0.43116996507566935, ""mean_gap"": 0.19917357233410057, ""mean_isi_pred"": 13.030000000000001, ""mean_isi_true"": 22.906666666666666, ""nrmse"": 1.5122697454587126, ""nrmse_x"": 1.422309867501362, ""penalty"": 0.0, ""score"": 1.625922846028262, ""spike_count_pred"": 5, ""spike_count_true"": 4, ""spike_frequency_pred"": 0.0625, ""spike_frequency_rel_error"": 0.24999999999999994, ""spike_frequency_true"": 0.05, ""spike_frequency_units"": ""inverse_time_unit"", ""stable"": true, ""start_in_validation_block"": 8000, ""std_ratio"": 0.938385813417112, ""window_index"": 1}, {""end_in_validation_block"": 24000, ""inter_spike_interval_units"": ""time_unit"", ""isi_rel_error"": 0.0, ""mean_gap"": 2.1580653103434924, ""mean_isi_pred"": 0.0, ""mean_isi_true"": 0.0, ""nrmse"": 1.6336003189198087, ""nrmse_x"": 2.6978135880499647, ""penalty"": 2.1580653103434924, ""score"": 5.050262863500926, ""spike_count_pred"": 1, ""spike_count_true"": 0, ""spike_frequency_pred"": 0.0125, ""spike_frequency_rel_error"": 1.0, ""spike_frequency_true"": 0.0, ""spike_frequency_units"": ""inverse_time_unit"", ""stable"": true, ""start_in_validation_block"": 16000, ""std_ratio"": 1.9937324753577825, ""window_index"": 2}]",51,8000,time_unit,0.31426678445229683,0.10766414319036087,7.7625,11.32,0.6540693891916902,0.9942170123531856,0.0,1.117470096318323,5,4,0.0625,0.24999999999999994,0.05,inverse_time_unit,True,0,1.0276461078095411,16000,time_unit,0.43116996507566935,0.19917357233410057,13.030000000000001,22.906666666666666,1.5122697454587126,1.422309867501362,0.0,1.625922846028262,5,4,0.0625,0.24999999999999994,0.05,inverse_time_unit,True,8000,0.938385813417112,24000,time_unit,0.0,2.1580653103434924,0.0,0.0,1.6336003189198087,2.6978135880499647,2.1580653103434924,5.050262863500926,1,0,0.0125,1.0,0.0,inverse_time_unit,True,16000,1.9937324753577825
476,0.0005909412876520319,1,[42],0.7514990086213926,20,0.22912624805135795,gp,42,0.021140143183993505,ok,ok,3.83706499271753e-06,42,1.095914327585308,mean,0.7239793975109121,True,True,mean_plus_max,0.0,time_unit,0.010301557722957417,0.11312503724768064,11.19111111111111,11.408888888888889,0.8502760207425771,1.0454356449908844,3,0.0,1.095914327585308,1.095914327585308,1.095914327585308,1.095914327585308,0.0,2.6666666666666665,2.6666666666666665,0.03333333333333333,0.0,0.03333333333333333,inverse_time_unit,0.9529276893269268,8000,"[{""end_in_validation_block"": 8000, ""inter_spike_interval_units"": ""time_unit"", ""isi_rel_error"": 0.004711425206124805, ""mean_gap"": 0.05367482925718076, ""mean_isi_pred"": 11.266666666666667, ""mean_isi_true"": 11.32, ""nrmse"": 0.8396842878663592, ""nrmse_x"": 1.2612375407686012, ""penalty"": 0.0, ""score"": 0.905957431992383, ""spike_count_pred"": 4, ""spike_count_true"": 4, ""spike_frequency_pred"": 0.05, ""spike_frequency_rel_error"": 0.0, ""spike_frequency_true"": 0.05, ""spike_frequency_units"": ""inverse_time_unit"", ""stable"": true, ""start_in_validation_block"": 0, ""std_ratio"": 0.9765372506895715, ""window_index"": 0}, {""end_in_validation_block"": 16000, ""inter_spike_interval_units"": ""time_unit"", ""isi_rel_error"": 0.026193247962747444, ""mean_gap"": 0.020160734826816254, ""mean_isi_pred"": 22.306666666666665, ""mean_isi_true"": 22.906666666666666, ""nrmse"": 1.4158371827252907, ""nrmse_x"": 1.537752428200178, ""penalty"": 0.0, ""score"": 1.2128197551727942, ""spike_count_pred"": 4, ""spike_count_true"": 4, ""spike_frequency_pred"": 0.05, ""spike_frequency_rel_error"": 0.0, ""spike_frequency_true"": 0.05, ""spike_frequency_units"": ""inverse_time_unit"", ""stable"": true, ""start_in_validation_block"": 8000, ""std_ratio"": 1.0091143204238444, ""window_index"": 1}, {""end_in_validation_block"": 24000, ""inter_spike_interval_units"": ""time_unit"", ""isi_rel_error"": 0.0, ""mean_gap"": 0.2655395476590449, ""mean_isi_pred"": 0.0, ""mean_isi_true"": 0.0, ""nrmse"": 0.2953065916360815, ""nrmse_x"": 0.3373169660038741, ""penalty"": 0.0, ""score"": 0.25935097921115113, ""spike_count_pred"": 0, ""spike_count_true"": 0, ""spike_frequency_pred"": 0.0, ""spike_frequency_rel_error"": 0.0, ""spike_frequency_true"": 0.0, ""spike_frequency_units"": ""inverse_time_unit"", ""stable"": true, ""start_in_validation_block"": 16000, ""std_ratio"": 0.8731314968673646, ""window_index"": 2}]",414,8000,time_unit,0.004711425206124805,0.05367482925718076,11.266666666666667,11.32,0.8396842878663592,1.2612375407686012,0.0,0.905957431992383,4,4,0.05,0.0,0.05,inverse_time_unit,True,0,0.9765372506895715,16000,time_unit,0.026193247962747444,0.020160734826816254,22.306666666666665,22.906666666666666,1.4158371827252907,1.537752428200178,0.0,1.2128197551727942,4,4,0.05,0.0,0.05,inverse_time_unit,True,8000,1.0091143204238444,24000,time_unit,0.0,0.2655395476590449,0.0,0.0,0.2953065916360815,0.3373169660038741,0.0,0.25935097921115113,0,0,0.0,0.0,0.0,inverse_time_unit,True,16000,0.8731314968673646
800,0.0005909412876520319,1,[42],1.0,21,0.8,gp,42,0.02,ok,ok,0.001,42,21.103214258858408,mean,1.1435589667058768,True,True,mean_plus_max,0.0,time_unit,0.6666666666666666,8.35452408388956,0.0,11.408888888888889,3.945111846537183,8.434138256956212,3,8.687857417222894,21.103214258858408,21.103214258858408,21.103214258858408,21.103214258858408,0.0,0.0,2.6666666666666665,0.0,0.6666666666666666,0.03333333333333333,inverse_time_unit,0.11948988572955277,8000,"[{""end_in_validation_block"": 8000, ""inter_spike_interval_units"": ""time_unit"", ""isi_rel_error"": 1.0, ""mean_gap"": 4.786511838327124, ""mean_isi_pred"": 0.0, ""mean_isi_true"": 11.32, ""nrmse"": 3.197117930295139, ""nrmse_x"": 4.909805301538505, ""penalty"": 4.786511838327124, ""score"": 9.786184236747086, ""spike_count_pred"": 0, ""spike_count_true"": 4, ""spike_frequency_pred"": 0.0, ""spike_frequency_rel_error"": 1.0, ""spike_frequency_true"": 0.05, ""spike_frequency_units"": ""inverse_time_unit"", ""stable"": true, ""start_in_validation_block"": 0, ""std_ratio"": 0.3584696571886583, ""window_index"": 0}, {""end_in_validation_block"": 16000, ""inter_spike_interval_units"": ""time_unit"", ""isi_rel_error"": 1.0, ""mean_gap"": 6.20512148819812, ""mean_isi_pred"": 0.0, ""mean_isi_true"": 22.906666666666666, ""nrmse"": 5.317464839036558, ""nrmse_x"": 6.285183583897774, ""penalty"": 6.70512148819812, ""score"": 12.991338669101037, ""spike_count_pred"": 0, ""spike_count_true"": 4, ""spike_frequency_pred"": 0.0, ""spike_frequency_rel_error"": 1.0, ""spike_frequency_true"": 0.05, ""spike_frequency_units"": ""inverse_time_unit"", ""stable"": true, ""start_in_validation_block"": 8000, ""std_ratio"": 0.0, ""window_index"": 1}, {""end_in_validation_block"": 24000, ""inter_spike_interval_units"": ""time_unit"", ""isi_rel_error"": 0.0, ""mean_gap"": 14.071938925143435, ""mean_isi_pred"": 0.0, ""mean_isi_true"": 0.0, ""nrmse"": 3.320752770279853, ""nrmse_x"": 14.107425885432361, ""penalty"": 14.571938925143435, ""score"": 23.161211354701198, ""spike_count_pred"": 0, ""spike_count_true"": 0, ""spike_frequency_pred"": 0.0, ""spike_frequency_rel_error"": 0.0, ""spike_frequency_true"": 0.0, ""spike_frequency_units"": ""inverse_time_unit"", ""stable"": true, ""start_in_validation_block"": 16000, ""std_ratio"": 0.0, ""window_index"": 2}]",50,8000,time_unit,1.0,4.786511838327124,0.0,11.32,3.197117930295139,4.909805301538505,4.786511838327124,9.786184236747086,0,4,0.0,1.0,0.05,inverse_time_unit,True,0,0.3584696571886583,16000,time_unit,1.0,6.20512148819812,0.0,22.906666666666666,5.317464839036558,6.285183583897774,6.70512148819812,12.991338669101037,0,4,0.0,1.0,0.05,inverse_time_unit,True,8000,0.0,24000,time_unit,0.0,14.071938925143435,0.0,0.0,3.320752770279853,14.107425885432361,14.571938925143435,23.161211354701198,0,0,0.0,0.0,0.0,inverse_time_unit,True,16000,0.0
737,0.0005909412876520319,1,[42],1.0,22,0.5297080091812105,gp,42,0.2,ok,ok,4.724968047360861e-10,42,1.612406726414683,mean,0.5,True,True,mean_plus_max,0.0,time_unit,0.06412215197134384,0.24419916691103727,10.074444444444444,11.408888888888889,0.49119951591100247,0.9538575121654708,3,0.0,1.612406726414683,1.612406726414683,1.612406726414683,1.612406726414683,0.0,2.6666666666666665,2.6666666666666665,0.03333333333333333,0.4166666666666667,0.03333333333333333,inverse_time_unit,1.3894841636871575,8000,"[{""end_in_validation_block"": 8000, ""inter_spike_interval_units"": ""time_unit"", ""isi_rel_error"": 0.011778563015312089, ""mean_gap"": 0.005358120403314108, ""mean_isi_pred"": 11.453333333333333, ""mean_isi_true"": 11.32, ""nrmse"": 0.1249515307403054, ""nrmse_x"": 0.18749229194096473, ""penalty"": 0.0, ""score"": 0.14024792476026302, ""spike_count_pred"": 4, ""spike_count_true"": 4, ""spike_frequency_pred"": 0.05, ""spike_frequency_rel_error"": 0.0, ""spike_frequency_true"": 0.05, ""spike_frequency_units"": ""inverse_time_unit"", ""stable"": true, ""start_in_validation_block"": 0, ""std_ratio"": 0.997945417797783, ""window_index"": 0}, {""end_in_validation_block"": 16000, ""inter_spike_interval_units"": ""time_unit"", ""isi_rel_error"": 0.18058789289871946, ""mean_gap"": 0.131605769224513, ""mean_isi_pred"": 18.77, ""mean_isi_true"": 22.906666666666666, ""nrmse"": 0.8652166028382232, ""nrmse_x"": 0.9574033557632304, ""penalty"": 0.0, ""score"": 1.0831699428286923, ""spike_count_pred"": 3, ""spike_count_true"": 4, ""spike_frequency_pred"": 0.0375, ""spike_frequency_rel_error"": 0.25000000000000006, ""spike_frequency_true"": 0.05, ""spike_frequency_units"": ""inverse_time_unit"", ""stable"": true, ""start_in_validation_block"": 8000, ""std_ratio"": 0.8967115230936353, ""window_index"": 1}, {""end_in_validation_block"": 24000, ""inter_spike_interval_units"": ""time_unit"", ""isi_rel_error"": 0.0, ""mean_gap"": 0.5956336111052847, ""mean_isi_pred"": 0.0, ""mean_isi_true"": 0.0, ""nrmse"": 0.48343041415447874, ""nrmse_x"": 1.7166768887922175, ""penalty"": 0.0, ""score"": 2.0650298923743393, ""spike_count_pred"": 1, ""spike_count_true"": 0, ""spike_frequency_pred"": 0.0125, ""spike_frequency_rel_error"": 1.0, ""spike_frequency_true"": 0.0, ""spike_frequency_units"": ""inverse_time_unit"", ""stable"": true, ""start_in_validation_block"": 16000, ""std_ratio"": 2.2737955501700537, ""window_index"": 2}]",480,8000,time_unit,0.011778563015312089,0.005358120403314108,11.453333333333333,11.32,0.1249515307403054,0.18749229194096473,0.0,0.14024792476026302,4,4,0.05,0.0,0.05,inverse_time_unit,True,0,0.997945417797783,16000,time_unit,0.18058789289871946,0.131605769224513,18.77,22.906666666666666,0.8652166028382232,0.9574033557632304,0.0,1.0831699428286923,3,4,0.0375,0.25000000000000006,0.05,inverse_time_unit,True,8000,0.8967115230936353,24000,time_unit,0.0,0.5956336111052847,0.0,0.0,0.48343041415447874,1.7166768887922175,0.0,2.0650298923743393,1,0,0.0125,1.0,0.0,inverse_time_unit,True,16000,2.2737955501700537
250,0.0005909412876520319,1,[42],1.0,23,0.1,gp,42,0.2,ok,ok,1e-10,42,4.39765854863602,mean,0.5,True,True,mean_plus_max,0.0,time_unit,0.37574838667509497,0.8431899973052145,17.00888888888889,11.408888888888889,1.2380903452542287,2.1476633321170575,3,0.7471659390777455,4.39765854863602,4.39765854863602,4.39765854863602,4.39765854863602,0.0,3.0,2.6666666666666665,0.0375,0.4166666666666667,0.03333333333333333,inverse_time_unit,1.4523947720513821,8000,"[{""end_in_validation_block"": 8000, ""inter_spike_interval_units"": ""time_unit"", ""isi_rel_error"": 0.05535924617196704, ""mean_gap"": 0.06697764002331373, ""mean_isi_pred"": 11.946666666666667, ""mean_isi_true"": 11.32, ""nrmse"": 0.8620004449254991, ""nrmse_x"": 1.2691915356476904, ""penalty"": 0.0, ""score"": 0.941235078923588, ""spike_count_pred"": 4, ""spike_count_true"": 4, ""spike_frequency_pred"": 0.05, ""spike_frequency_rel_error"": 0.0, ""spike_frequency_true"": 0.05, ""spike_frequency_units"": ""inverse_time_unit"", ""stable"": true, ""start_in_validation_block"": 0, ""std_ratio"": 0.9759551619544637, ""window_index"": 0}, {""end_in_validation_block"": 16000, ""inter_spike_interval_units"": ""time_unit"", ""isi_rel_error"": 0.07188591385331773, ""mean_gap"": 0.22109453465909337, ""mean_isi_pred"": 21.26, ""mean_isi_true"": 22.906666666666666, ""nrmse"": 1.2995507428889697, ""nrmse_x"": 1.3716538369140376, ""penalty"": 0.0, ""score"": 1.365240252951622, ""spike_count_pred"": 3, ""spike_count_true"": 4, ""spike_frequency_pred"": 0.0375, ""spike_frequency_rel_error"": 0.25000000000000006, ""spike_frequency_true"": 0.05, ""spike_frequency_units"": ""inverse_time_unit"", ""stable"": true, ""start_in_validation_block"": 8000, ""std_ratio"": 0.9447143841967356, ""window_index"": 1}, {""end_in_validation_block"": 24000, ""inter_spike_interval_units"": ""time_unit"", ""isi_rel_error"": 1.0, ""mean_gap"": 2.2414978172332365, ""mean_isi_pred"": 17.82, ""mean_isi_true"": 0.0, ""nrmse"": 1.5527198479482176, ""nrmse_x"": 3.8021446237894447, ""penalty"": 2.2414978172332365, ""score"": 6.220857322304486, ""spike_count_pred"": 2, ""spike_count_true"": 0, ""spike_frequency_pred"": 0.025, ""spike_frequency_rel_error"": 1.0, ""spike_frequency_true"": 0.0, ""spike_frequency_units"": ""inverse_time_unit"", ""stable"": true, ""start_in_validation_block"": 16000, ""std_ratio"": 2.4365147700029475, ""window_index"": 2}]",500,8000,time_unit,0.05535924617196704,0.06697764002331373,11.946666666666667,11.32,0.8620004449254991,1.2691915356476904,0.0,0.941235078923588,4,4,0.05,0.0,0.05,inverse_time_unit,True,0,0.9759551619544637,16000,time_unit,0.07188591385331773,0.22109453465909337,21.26,22.906666666666666,1.2995507428889697,1.3716538369140376,0.0,1.365240252951622,3,4,0.0375,0.25000000000000006,0.05,inverse_time_unit,True,8000,0.9447143841967356,24000,time_unit,1.0,2.2414978172332365,17.82,0.0,1.5527198479482176,3.8021446237894447,2.2414978172332365,6.220857322304486,2,0,0.025,1.0,0.0,inverse_time_unit,True,16000,2.4365147700029475
250,0.0005909412876520319,1,[42],1.0,24,0.6749644584458095,gp,42,0.02,ok,ok,0.001,42,3.6981182786048286,mean,0.5,True,True,mean_plus_max,0.0,time_unit,0.23253089301801336,0.6971846491252128,9.413333333333334,11.408888888888889,1.0927255391540438,1.7826747433819399,3,0.620304472703476,3.6981182786048286,3.6981182786048286,3.6981182786048286,3.6981182786048286,0.0,2.3333333333333335,2.6666666666666665,0.029166666666666664,0.5,0.03333333333333333,inverse_time_unit,1.2084197229355855,8000,"[{""end_in_validation_block"": 8000, ""inter_spike_interval_units"": ""time_unit"", ""isi_rel_error"": 0.29196113074204944, ""mean_gap"": 0.12215460690681709, ""mean_isi_pred"": 14.625, ""mean_isi_true"": 11.32, ""nrmse"": 0.6636654977921717, ""nrmse_x"": 0.9714028463426956, ""penalty"": 0.0, ""score"": 1.0961685053075503, ""spike_count_pred"": 3, ""spike_count_true"": 4, ""spike_frequency_pred"": 0.0375, ""spike_frequency_rel_error"": 0.25000000000000006, ""spike_frequency_true"": 0.05, ""spike_frequency_units"": ""inverse_time_unit"", ""stable"": true, ""start_in_validation_block"": 0, ""std_ratio"": 0.899888521423609, ""window_index"": 0}, {""end_in_validation_block"": 16000, ""inter_spike_interval_units"": ""time_unit"", ""isi_rel_error"": 0.40563154831199066, ""mean_gap"": 0.10848592235839351, ""mean_isi_pred"": 13.615, ""mean_isi_true"": 22.906666666666666, ""nrmse"": 1.311076563909615, ""nrmse_x"": 1.3860551912130192, ""penalty"": 0.0, ""score"": 1.5429152703005597, ""spike_count_pred"": 3, ""spike_count_true"": 4, ""spike_frequency_pred"": 0.0375, ""spike_frequency_rel_error"": 0.25000000000000006, ""spike_frequency_true"": 0.05, ""spike_frequency_units"": ""inverse_time_unit"", ""stable"": true, ""start_in_validation_block"": 8000, ""std_ratio"": 0.8895906983474381, ""window_index"": 1}, {""end_in_validation_block"": 24000, ""inter_spike_interval_units"": ""time_unit"", ""isi_rel_error"": 0.0, ""mean_gap"": 1.8609134181104279, ""mean_isi_pred"": 0.0, ""mean_isi_true"": 0.0, ""nrmse"": 1.3034345557603448, ""nrmse_x"": 2.990566192590105, ""penalty"": 1.8609134181104279, ""score"": 4.831583462975072, ""spike_count_pred"": 1, ""spike_count_true"": 0, ""spike_frequency_pred"": 0.0125, ""spike_frequency_rel_error"": 1.0, ""spike_frequency_true"": 0.0, ""spike_frequency_units"": ""inverse_time_unit"", ""stable"": true, ""start_in_validation_block"": 16000, ""std_ratio"": 1.8357799490357096, ""window_index"": 2}]",50,8000,time_unit,0.29196113074204944,0.12215460690681709,14.625,11.32,0.6636654977921717,0.9714028463426956,0.0,1.0961685053075503,3,4,0.0375,0.25000000000000006,0.05,inverse_time_unit,True,0,0.899888521423609,16000,time_unit,0.40563154831199066,0.10848592235839351,13.615,22.906666666666666,1.311076563909615,1.3860551912130192,0.0,1.5429152703005597,3,4,0.0375,0.25000000000000006,0.05,inverse_time_unit,True,8000,0.8895906983474381,24000,time_unit,0.0,1.8609134181104279,0.0,0.0,1.3034345557603448,2.990566192590105,1.8609134181104279,4.831583462975072,1,0,0.0125,1.0,0.0,inverse_time_unit,True,16000,1.8357799490357096
358,0.0005909412876520319,1,[42],0.1639823698962234,25,0.5576460252389064,gp,42,0.17715699276476957,ok,ok,2.599380290207568e-05,42,1.1369206185053078,mean,0.5,True,True,mean_plus_max,0.0,time_unit,0.006452442623497773,0.09259185444587427,11.555555555555555,11.408888888888889,0.23086266548298795,0.554769631982556,3,0.0,1.1369206185053078,1.1369206185053078,1.1369206185053078,1.1369206185053078,0.0,3.0,2.6666666666666665,0.0375,0.3333333333333333,0.03333333333333333,inverse_time_unit,1.2290795406667614,8000,"[{""end_in_validation_block"": 8000, ""inter_spike_interval_units"": ""time_unit"", ""isi_rel_error"": 0.0002944640753826924, ""mean_gap"": 6.0380689321049955e-05, ""mean_isi_pred"": 11.323333333333332, ""mean_isi_true"": 11.32, ""nrmse"": 0.009137307005236765, ""nrmse_x"": 0.01404149553569299, ""penalty"": 0.0, ""score"": 0.010154381333631682, ""spike_count_pred"": 4, ""spike_count_true"": 4, ""spike_frequency_pred"": 0.05, ""spike_frequency_rel_error"": 0.0, ""spike_frequency_true"": 0.05, ""spike_frequency_units"": ""inverse_time_unit"", ""stable"": true, ""start_in_validation_block"": 0, ""std_ratio"": 0.999903582868328, ""window_index"": 0}, {""end_in_validation_block"": 16000, ""inter_spike_interval_units"": ""time_unit"", ""isi_rel_error"": 0.019062863795110626, ""mean_gap"": 0.04941782555019418, ""mean_isi_pred"": 23.343333333333334, ""mean_isi_true"": 22.906666666666666, ""nrmse"": 0.39386935315647076, ""nrmse_x"": 0.41809819036747065, ""penalty"": 0.0, ""score"": 0.33795277488878184, ""spike_count_pred"": 4, ""spike_count_true"": 4, ""spike_frequency_pred"": 0.05, ""spike_frequency_rel_error"": 0.0, ""spike_frequency_true"": 0.05, ""spike_frequency_units"": ""inverse_time_unit"", ""stable"": true, ""start_in_validation_block"": 8000, ""std_ratio"": 0.9338136537959446, ""window_index"": 1}, {""end_in_validation_block"": 24000, ""inter_spike_interval_units"": ""time_unit"", ""isi_rel_error"": 0.0, ""mean_gap"": 0.2282973570981076, ""mean_isi_pred"": 0.0, ""mean_isi_true"": 0.0, ""nrmse"": 0.2895813362872564, ""nrmse_x"": 1.2321692100445045, ""penalty"": 0.0, ""score"": 1.7500883995962915, ""spike_count_pred"": 1, ""spike_count_true"": 0, ""spike_frequency_pred"": 0.0125, ""spike_frequency_rel_error"": 1.0, ""spike_frequency_true"": 0.0, ""spike_frequency_units"": ""inverse_time_unit"", ""stable"": true, ""start_in_validation_block"": 16000, ""std_ratio"": 1.753521385336011, ""window_index"": 2}]",185,8000,time_unit,0.0002944640753826924,6.0380689321049955e-05,11.323333333333332,11.32,0.009137307005236765,0.01404149553569299,0.0,0.010154381333631682,4,4,0.05,0.0,0.05,inverse_time_unit,True,0,0.999903582868328,16000,time_unit,0.019062863795110626,0.04941782555019418,23.343333333333334,22.906666666666666,0.39386935315647076,0.41809819036747065,0.0,0.33795277488878184,4,4,0.05,0.0,0.05,inverse_time_unit,True,8000,0.9338136537959446,24000,time_unit,0.0,0.2282973570981076,0.0,0.0,0.2895813362872564,1.2321692100445045,0.0,1.7500883995962915,1,0,0.0125,1.0,0.0,inverse_time_unit,True,16000,1.753521385336011
423,0.0005909412876520319,1,[42],0.11008059988134322,26,0.4126176367536444,gp,42,0.18989509911804733,ok,ok,7.50637097887295e-07,42,0.13624966234998415,mean,0.5060406913579267,True,True,mean_plus_max,0.0,time_unit,0.0023813653717559965,0.002121333789591129,11.35888888888889,11.408888888888889,0.09169368491403139,0.10594628145019092,3,0.0,0.13624966234998415,0.13624966234998415,0.13624966234998415,0.13624966234998415,0.0,2.6666666666666665,2.6666666666666665,0.03333333333333333,0.0,0.03333333333333333,inverse_time_unit,0.9987011852501274,8000,"[{""end_in_validation_block"": 8000, ""inter_spike_interval_units"": ""time_unit"", ""isi_rel_error"": 0.0011778563015310834, ""mean_gap"": 1.8607362825171966e-05, ""mean_isi_pred"": 11.306666666666668, ""mean_isi_true"": 11.32, ""nrmse"": 0.02205352156128454, ""nrmse_x"": 0.03397930562769826, ""penalty"": 0.0, ""score"": 0.024790926636320723, ""spike_count_pred"": 4, ""spike_count_true"": 4, ""spike_frequency_pred"": 0.05, ""spike_frequency_rel_error"": 0.0, ""spike_frequency_true"": 0.05, ""spike_frequency_units"": ""inverse_time_unit"", ""stable"": true, ""start_in_validation_block"": 0, ""std_ratio"": 0.9998911509300555, ""window_index"": 0}, {""end_in_validation_block"": 16000, ""inter_spike_interval_units"": ""time_unit"", ""isi_rel_error"": 0.005966239813736906, ""mean_gap"": 0.00019649871414426223, ""mean_isi_pred"": 22.77, ""mean_isi_true"": 22.906666666666666, ""nrmse"": 0.24641075202393029, ""nrmse_x"": 0.27431746661658596, ""penalty"": 0.0, ""score"": 0.2154604145519733, ""spike_count_pred"": 4, ""spike_count_true"": 4, ""spike_frequency_pred"": 0.05, ""spike_frequency_rel_error"": 0.0, ""spike_frequency_true"": 0.05, ""spike_frequency_units"": ""inverse_time_unit"", ""stable"": true, ""start_in_validation_block"": 8000, ""std_ratio"": 0.999698073550706, ""window_index"": 1}, {""end_in_validation_block"": 24000, ""inter_spike_interval_units"": ""time_unit"", ""isi_rel_error"": 0.0, ""mean_gap"": 0.006148895291803953, ""mean_isi_pred"": 0.0, ""mean_isi_true"": 0.0, ""nrmse"": 0.006616781156879323, ""nrmse_x"": 0.009542072106288562, ""penalty"": 0.0, ""score"": 0.00690233494767854, ""spike_count_pred"": 0, ""spike_count_true"": 0, ""spike_frequency_pred"": 0.0, ""spike_frequency_rel_error"": 0.0, ""spike_frequency_true"": 0.0, ""spike_frequency_units"": ""inverse_time_unit"", ""stable"": true, ""start_in_validation_block"": 16000, ""std_ratio"": 0.996514331269621, ""window_index"": 2}]",125,8000,time_unit,0.0011778563015310834,1.8607362825171966e-05,11.306666666666668,11.32,0.02205352156128454,0.03397930562769826,0.0,0.024790926636320723,4,4,0.05,0.0,0.05,inverse_time_unit,True,0,0.9998911509300555,16000,time_unit,0.005966239813736906,0.00019649871414426223,22.77,22.906666666666666,0.24641075202393029,0.27431746661658596,0.0,0.2154604145519733,4,4,0.05,0.0,0.05,inverse_time_unit,True,8000,0.999698073550706,24000,time_unit,0.0,0.006148895291803953,0.0,0.0,0.006616781156879323,0.009542072106288562,0.0,0.00690233494767854,0,0,0.0,0.0,0.0,inverse_time_unit,True,16000,0.996514331269621
439,0.0005909412876520319,1,[42],0.5210254659419622,27,0.5323031096969667,gp,42,0.14219155736951808,ok,ok,8.648321839481114e-06,42,0.2564735034456448,mean,0.5973982263482716,True,True,mean_plus_max,0.0,time_unit,0.0009724056195218397,0.005294960359531142,11.42888888888889,11.408888888888889,0.18616509760138755,0.23703286972896778,3,0.0,0.2564735034456448,0.2564735034456448,0.2564735034456448,0.2564735034456448,0.0,2.6666666666666665,2.6666666666666665,0.03333333333333333,0.0,0.03333333333333333,inverse_time_unit,1.004346374999825,8000,"[{""end_in_validation_block"": 8000, ""inter_spike_interval_units"": ""time_unit"", ""isi_rel_error"": 0.0005889281507656986, ""mean_gap"": 0.0014753415938376655, ""mean_isi_pred"": 11.326666666666668, ""mean_isi_true"": 11.32, ""nrmse"": 0.17569748592986426, ""nrmse_x"": 0.27058546722900645, ""penalty"": 0.0, ""score"": 0.19304084253380246, ""spike_count_pred"": 4, ""spike_count_true"": 4, ""spike_frequency_pred"": 0.05, ""spike_frequency_rel_error"": 0.0, ""spike_frequency_true"": 0.05, ""spike_frequency_units"": ""inverse_time_unit"", ""stable"": true, ""start_in_validation_block"": 0, ""std_ratio"": 1.0006673962467847, ""window_index"": 0}, {""end_in_validation_block"": 16000, ""inter_spike_interval_units"": ""time_unit"", ""isi_rel_error"": 0.002328288707799821, ""mean_gap"": 0.0002465939346870511, ""mean_isi_pred"": 22.96, ""mean_isi_true"": 22.906666666666666, ""nrmse"": 0.36617398178745375, ""nrmse_x"": 0.4065530031593733, ""penalty"": 0.0, ""score"": 0.3163117915384187, ""spike_count_pred"": 4, ""spike_count_true"": 4, ""spike_frequency_pred"": 0.05, ""spike_frequency_rel_error"": 0.0, ""spike_frequency_true"": 0.05, ""spike_frequency_units"": ""inverse_time_unit"", ""stable"": true, ""start_in_validation_block"": 8000, ""std_ratio"": 1.0001831646793033, ""window_index"": 1}, {""end_in_validation_block"": 24000, ""inter_spike_interval_units"": ""time_unit"", ""isi_rel_error"": 0.0, ""mean_gap"": 0.014162945550068709, ""mean_isi_pred"": 0.0, ""mean_isi_true"": 0.0, ""nrmse"": 0.01662382508684468, ""nrmse_x"": 0.03396013879852351, ""penalty"": 0.0, ""score"": 0.022834032610899103, ""spike_count_pred"": 0, ""spike_count_true"": 0, ""spike_frequency_pred"": 0.0, ""spike_frequency_rel_error"": 0.0, ""spike_frequency_true"": 0.0, ""spike_frequency_units"": ""inverse_time_unit"", ""stable"": true, ""start_in_validation_block"": 16000, ""std_ratio"": 1.012188564073387, ""window_index"": 2}]",248,8000,time_unit,0.0005889281507656986,0.0014753415938376655,11.326666666666668,11.32,0.17569748592986426,0.27058546722900645,0.0,0.19304084253380246,4,4,0.05,0.0,0.05,inverse_time_unit,True,0,1.0006673962467847,16000,time_unit,0.002328288707799821,0.0002465939346870511,22.96,22.906666666666666,0.36617398178745375,0.4065530031593733,0.0,0.3163117915384187,4,4,0.05,0.0,0.05,inverse_time_unit,True,8000,1.0001831646793033,24000,time_unit,0.0,0.014162945550068709,0.0,0.0,0.01662382508684468,0.03396013879852351,0.0,0.022834032610899103,0,0,0.0,0.0,0.0,inverse_time_unit,True,16000,1.012188564073387
673,0.0005909412876520319,1,[42],1.0,28,0.6721082675491303,gp,42,0.02,ok,ok,1e-10,42,0.0013677474727513523,mean,1.0070745881028857,True,True,mean_plus_max,0.0,time_unit,4.8506014745784366e-05,5.325106618187949e-05,11.40777777777778,11.408888888888889,0.00091783586349555,0.0010623961072083298,3,0.0,0.0013677474727513523,0.0013677474727513523,0.0013677474727513523,0.0013677474727513523,0.0,2.6666666666666665,2.6666666666666665,0.03333333333333333,0.0,0.03333333333333333,inverse_time_unit,0.9999646904183909,8000,"[{""end_in_validation_block"": 8000, ""inter_spike_interval_units"": ""time_unit"", ""isi_rel_error"": 0.0, ""mean_gap"": 7.733570987734567e-06, ""mean_isi_pred"": 11.32, ""mean_isi_true"": 11.32, ""nrmse"": 0.0001963332441557829, ""nrmse_x"": 0.00029948651188015617, ""penalty"": 0.0, ""score"": 0.00021380089257303162, ""spike_count_pred"": 4, ""spike_count_true"": 4, ""spike_frequency_pred"": 0.05, ""spike_frequency_rel_error"": 0.0, ""spike_frequency_true"": 0.05, ""spike_frequency_units"": ""inverse_time_unit"", ""stable"": true, ""start_in_validation_block"": 0, ""std_ratio"": 1.0000044099309713, ""window_index"": 0}, {""end_in_validation_block"": 16000, ""inter_spike_interval_units"": ""time_unit"", ""isi_rel_error"": 0.0001455180442373531, ""mean_gap"": 7.041284380283827e-07, ""mean_isi_pred"": 22.903333333333336, ""mean_isi_true"": 22.906666666666666, ""nrmse"": 0.0023767896751798138, ""nrmse_x"": 0.0026398438568115165, ""penalty"": 0.0, ""score"": 0.002118870562159964, ""spike_count_pred"": 4, ""spike_count_true"": 4, ""spike_frequency_pred"": 0.05, ""spike_frequency_rel_error"": 0.0, ""spike_frequency_true"": 0.05, ""spike_frequency_units"": ""inverse_time_unit"", ""stable"": true, ""start_in_validation_block"": 8000, ""std_ratio"": 1.000000078710514, ""window_index"": 1}, {""end_in_validation_block"": 24000, ""inter_spike_interval_units"": ""time_unit"", ""isi_rel_error"": 0.0, ""mean_gap"": 0.00015131549911987554, ""mean_isi_pred"": 0.0, ""mean_isi_true"": 0.0, ""nrmse"": 0.0001803846711510536, ""nrmse_x"": 0.00024785795293331725, ""penalty"": 0.0, ""score"": 0.0001814180419010879, ""spike_count_pred"": 0, ""spike_count_true"": 0, ""spike_frequency_pred"": 0.0, ""spike_frequency_rel_error"": 0.0, ""spike_frequency_true"": 0.0, ""spike_frequency_units"": ""inverse_time_unit"", ""stable"": true, ""start_in_validation_block"": 16000, ""std_ratio"": 0.9998895826136877, ""window_index"": 2}]",50,8000,time_unit,0.0,7.733570987734567e-06,11.32,11.32,0.0001963332441557829,0.00029948651188015617,0.0,0.00021380089257303162,4,4,0.05,0.0,0.05,inverse_time_unit,True,0,1.0000044099309713,16000,time_unit,0.0001455180442373531,7.041284380283827e-07,22.903333333333336,22.906666666666666,0.0023767896751798138,0.0026398438568115165,0.0,0.002118870562159964,4,4,0.05,0.0,0.05,inverse_time_unit,True,8000,1.000000078710514,24000,time_unit,0.0,0.00015131549911987554,0.0,0.0,0.0001803846711510536,0.00024785795293331725,0.0,0.0001814180419010879,0,0,0.0,0.0,0.0,inverse_time_unit,True,16000,0.9998895826136877
350,0.0005909412876520319,1,[42],0.7944689481961305,29,0.6570951790117149,gp,42,0.15182147822951636,ok,ok,5.6483980455999226e-08,42,0.008736032011983367,mean,0.7048173944962527,True,True,mean_plus_max,0.0,time_unit,9.701202949162042e-05,0.00015454508773251555,11.406666666666666,11.408888888888889,0.006072594117123854,0.007111915982287727,3,0.0,0.008736032011983367,0.008736032011983367,0.008736032011983367,0.008736032011983367,0.0,2.6666666666666665,2.6666666666666665,0.03333333333333333,0.0,0.03333333333333333,inverse_time_unit,0.9998893731365559,8000,"[{""end_in_validation_block"": 8000, ""inter_spike_interval_units"": ""time_unit"", ""isi_rel_error"": 0.0, ""mean_gap"": 1.1605766042102449e-05, ""mean_isi_pred"": 11.32, ""mean_isi_true"": 11.32, ""nrmse"": 0.002576426743538527, ""nrmse_x"": 0.003966650940933631, ""penalty"": 0.0, ""score"": 0.002825764703398129, ""spike_count_pred"": 4, ""spike_count_true"": 4, ""spike_frequency_pred"": 0.05, ""spike_frequency_rel_error"": 0.0, ""spike_frequency_true"": 0.05, ""spike_frequency_units"": ""inverse_time_unit"", ""stable"": true, ""start_in_validation_block"": 0, ""std_ratio"": 0.9999930433973381, ""window_index"": 0}, {""end_in_validation_block"": 16000, ""inter_spike_interval_units"": ""time_unit"", ""isi_rel_error"": 0.0002910360884748613, ""mean_gap"": 4.895541170052574e-06, ""mean_isi_pred"": 22.900000000000002, ""mean_isi_true"": 22.906666666666666, ""nrmse"": 0.014972239691722858, ""nrmse_x"": 0.01662312135204586, ""penalty"": 0.0, ""score"": 0.013031294710793367, ""spike_count_pred"": 4, ""spike_count_true"": 4, ""spike_frequency_pred"": 0.05, ""spike_frequency_rel_error"": 0.0, ""spike_frequency_true"": 0.05, ""spike_frequency_units"": ""inverse_time_unit"", ""stable"": true, ""start_in_validation_block"": 8000, ""std_ratio"": 1.000002180030314, ""window_index"": 1}, {""end_in_validation_block"": 24000, ""inter_spike_interval_units"": ""time_unit"", ""isi_rel_error"": 0.0, ""mean_gap"": 0.00044713395598539165, ""mean_isi_pred"": 0.0, ""mean_isi_true"": 0.0, ""nrmse"": 0.0006691159161101803, ""nrmse_x"": 0.0007459756538836881, ""penalty"": 0.0, ""score"": 0.0005775655886635736, ""spike_count_pred"": 0, ""spike_count_true"": 0, ""spike_frequency_pred"": 0.0, ""spike_frequency_rel_error"": 0.0, ""spike_frequency_true"": 0.0, ""spike_frequency_units"": ""inverse_time_unit"", ""stable"": true, ""start_in_validation_block"": 16000, ""std_ratio"": 0.9996728959820154, ""window_index"": 2}]",234,8000,time_unit,0.0,1.1605766042102449e-05,11.32,11.32,0.002576426743538527,0.003966650940933631,0.0,0.002825764703398129,4,4,0.05,0.0,0.05,inverse_time_unit,True,0,0.9999930433973381,16000,time_unit,0.0002910360884748613,4.895541170052574e-06,22.900000000000002,22.906666666666666,0.014972239691722858,0.01662312135204586,0.0,0.013031294710793367,4,4,0.05,0.0,0.05,inverse_time_unit,True,8000,1.000002180030314,24000,time_unit,0.0,0.00044713395598539165,0.0,0.0,0.0006691159161101803,0.0007459756538836881,0.0,0.0005775655886635736,0,0,0.0,0.0,0.0,inverse_time_unit,True,16000,0.9996728959820154
659,0.0005909412876520319,1,[42],0.08523210467817943,30,0.5508325880349255,gp,42,0.174443182718269,ok,ok,2.4539789115690787e-05,42,1.0131544106732482,mean,0.9894020911174259,True,True,mean_plus_max,0.0,time_unit,0.005626697710516156,0.0584942266718724,11.537777777777778,11.408888888888889,0.20478275346149588,0.44102805358159775,3,0.0,1.0131544106732482,1.0131544106732482,1.0131544106732482,1.0131544106732482,0.0,3.0,2.6666666666666665,0.0375,0.3333333333333333,0.03333333333333333,inverse_time_unit,1.1390397765460856,8000,"[{""end_in_validation_block"": 8000, ""inter_spike_interval_units"": ""time_unit"", ""isi_rel_error"": 0.0, ""mean_gap"": 8.194039756273244e-05, ""mean_isi_pred"": 11.32, ""mean_isi_true"": 11.32, ""nrmse"": 0.002577735221028862, ""nrmse_x"": 0.003922168208258629, ""penalty"": 0.0, ""score"": 0.002801626319799462, ""spike_count_pred"": 4, ""spike_count_true"": 4, ""spike_frequency_pred"": 0.05, ""spike_frequency_rel_error"": 0.0, ""spike_frequency_true"": 0.05, ""spike_frequency_units"": ""inverse_time_unit"", ""stable"": true, ""start_in_validation_block"": 0, ""std_ratio"": 1.0000616710831043, ""window_index"": 0}, {""end_in_validation_block"": 16000, ""inter_spike_interval_units"": ""time_unit"", ""isi_rel_error"": 0.01688009313154847, ""mean_gap"": 0.028196394494554203, ""mean_isi_pred"": 23.293333333333337, ""mean_isi_true"": 22.906666666666666, ""nrmse"": 0.40530376777846394, ""nrmse_x"": 0.44394425935222975, ""penalty"": 0.0, ""score"": 0.35393533115411663, ""spike_count_pred"": 4, ""spike_count_true"": 4, ""spike_frequency_pred"": 0.05, ""spike_frequency_rel_error"": 0.0, ""spike_frequency_true"": 0.05, ""spike_frequency_units"": ""inverse_time_unit"", ""stable"": true, ""start_in_validation_block"": 8000, ""std_ratio"": 0.9693544399593456, ""window_index"": 1}, {""end_in_validation_block"": 24000, ""inter_spike_interval_units"": ""time_unit"", ""isi_rel_error"": 0.0, ""mean_gap"": 0.14720434512350028, ""mean_isi_pred"": 0.0, ""mean_isi_true"": 0.0, ""nrmse"": 0.20646675738499476, ""nrmse_x"": 0.8752177331843047, ""penalty"": 0.0, ""score"": 1.5329864425976163, ""spike_count_pred"": 1, ""spike_count_true"": 0, ""spike_frequency_pred"": 0.0125, ""spike_frequency_rel_error"": 1.0, ""spike_frequency_true"": 0.0, ""spike_frequency_units"": ""inverse_time_unit"", ""stable"": true, ""start_in_validation_block"": 16000, ""std_ratio"": 1.447703218595807, ""window_index"": 2}]",283,8000,time_unit,0.0,8.194039756273244e-05,11.32,11.32,0.002577735221028862,0.003922168208258629,0.0,0.002801626319799462,4,4,0.05,0.0,0.05,inverse_time_unit,True,0,1.0000616710831043,16000,time_unit,0.01688009313154847,0.028196394494554203,23.293333333333337,22.906666666666666,0.40530376777846394,0.44394425935222975,0.0,0.35393533115411663,4,4,0.05,0.0,0.05,inverse_time_unit,True,8000,0.9693544399593456,24000,time_unit,0.0,0.14720434512350028,0.0,0.0,0.20646675738499476,0.8752177331843047,0.0,1.5329864425976163,1,0,0.0125,1.0,0.0,inverse_time_unit,True,16000,1.447703218595807
527,0.006569266347107149,1,[42],0.6648635602734236,1,0.6430733485723287,dummy,142,0.08777908727828682,ok,ok,2.2515295259166658e-07,42,0.006569266347107149,mean,0.5801427704035438,True,True,mean_plus_max,0.0,time_unit,9.701202949162042e-05,0.00023154198176418428,11.406666666666666,11.408888888888889,0.004434676955115892,0.005085068410147124,3,0.0,0.006569266347107149,0.006569266347107149,0.006569266347107149,0.006569266347107149,0.0,2.6666666666666665,2.6666666666666665,0.03333333333333333,0.0,0.03333333333333333,inverse_time_unit,0.9998855042328559,8000,"[{""end_in_validation_block"": 8000, ""inter_spike_interval_units"": ""time_unit"", ""isi_rel_error"": 0.0, ""mean_gap"": 3.169211571900149e-05, ""mean_isi_pred"": 11.32, ""mean_isi_true"": 11.32, ""nrmse"": 0.0007002137637712002, ""nrmse_x"": 0.0010632594818499532, ""penalty"": 0.0, ""score"": 0.0007598461559602743, ""spike_count_pred"": 4, ""spike_count_true"": 4, ""spike_frequency_pred"": 0.05, ""spike_frequency_rel_error"": 0.0, ""spike_frequency_true"": 0.05, ""spike_frequency_units"": ""inverse_time_unit"", ""stable"": true, ""start_in_validation_block"": 0, ""std_ratio"": 1.0000164595350982, ""window_index"": 0}, {""end_in_validation_block"": 16000, ""inter_spike_interval_units"": ""time_unit"", ""isi_rel_error"": 0.0002910360884748613, ""mean_gap"": 1.1029909048709628e-05, ""mean_isi_pred"": 22.900000000000002, ""mean_isi_true"": 22.906666666666666, ""nrmse"": 0.011983539585409795, ""nrmse_x"": 0.013308747148028936, ""penalty"": 0.0, ""score"": 0.010461213872005794, ""spike_count_pred"": 4, ""spike_count_true"": 4, ""spike_frequency_pred"": 0.05, ""spike_frequency_rel_error"": 0.0, ""spike_frequency_true"": 0.05, ""spike_frequency_units"": ""inverse_time_unit"", ""stable"": true, ""start_in_validation_block"": 8000, ""std_ratio"": 1.0000037264104125, ""window_index"": 1}, {""end_in_validation_block"": 24000, ""inter_spike_interval_units"": ""time_unit"", ""isi_rel_error"": 0.0, ""mean_gap"": 0.0006519039205248417, ""mean_isi_pred"": 0.0, ""mean_isi_true"": 0.0, ""nrmse"": 0.0006202775161666802, ""nrmse_x"": 0.0008831986005624821, ""penalty"": 0.0, ""score"": 0.0006408286093510353, ""spike_count_pred"": 0, ""spike_count_true"": 0, ""spike_frequency_pred"": 0.0, ""spike_frequency_rel_error"": 0.0, ""spike_frequency_true"": 0.0, ""spike_frequency_units"": ""inverse_time_unit"", ""stable"": true, ""start_in_validation_block"": 16000, ""std_ratio"": 0.9996363267530574, ""window_index"": 2}]",446,8000,time_unit,0.0,3.169211571900149e-05,11.32,11.32,0.0007002137637712002,0.0010632594818499532,0.0,0.0007598461559602743,4,4,0.05,0.0,0.05,inverse_time_unit,True,0,1.0000164595350982,16000,time_unit,0.0002910360884748613,1.1029909048709628e-05,22.900000000000002,22.906666666666666,0.011983539585409795,0.013308747148028936,0.0,0.010461213872005794,4,4,0.05,0.0,0.05,inverse_time_unit,True,8000,1.0000037264104125,24000,time_unit,0.0,0.0006519039205248417,0.0,0.0,0.0006202775161666802,0.0008831986005624821,0.0,0.0006408286093510353,0,0,0.0,0.0,0.0,inverse_time_unit,True,16000,0.9996363267530574
389,0.006569266347107149,1,[42],0.7072781584877896,2,0.5677032519023893,dummy,142,0.06854709996142938,ok,ok,1.2245012238828303e-07,42,3.7363932047493162,mean,0.7192786460347291,True,True,mean_plus_max,0.0,time_unit,0.3609304562010683,0.5169022137207335,14.22888888888889,11.408888888888889,1.1434859956844334,2.020598327964279,3,0.5088398329895447,3.7363932047493162,3.7363932047493162,3.7363932047493162,3.7363932047493162,0.0,3.3333333333333335,2.6666666666666665,0.041666666666666664,0.3333333333333333,0.03333333333333333,inverse_time_unit,1.5761510595123873,8000,"[{""end_in_validation_block"": 8000, ""inter_spike_interval_units"": ""time_unit"", ""isi_rel_error"": 0.011778563015312089, ""mean_gap"": 0.012206449206274188, ""mean_isi_pred"": 11.186666666666667, ""mean_isi_true"": 11.32, ""nrmse"": 0.7400314515607439, ""nrmse_x"": 1.140042963693571, ""penalty"": 0.0, ""score"": 0.8179207744293061, ""spike_count_pred"": 4, ""spike_count_true"": 4, ""spike_frequency_pred"": 0.05, ""spike_frequency_rel_error"": 0.0, ""spike_frequency_true"": 0.05, ""spike_frequency_units"": ""inverse_time_unit"", ""stable"": true, ""start_in_validation_block"": 0, ""std_ratio"": 0.9951817456719758, ""window_index"": 0}, {""end_in_validation_block"": 16000, ""inter_spike_interval_units"": ""time_unit"", ""isi_rel_error"": 0.07101280558789283, ""mean_gap"": 0.011980692987292258, ""mean_isi_pred"": 21.28, ""mean_isi_true"": 22.906666666666666, ""nrmse"": 1.336675804001185, ""nrmse_x"": 1.4649161251878255, ""penalty"": 0.0, ""score"": 1.1753792226475468, ""spike_count_pred"": 4, ""spike_count_true"": 4, ""spike_frequency_pred"": 0.05, ""spike_frequency_rel_error"": 0.0, ""spike_frequency_true"": 0.05, ""spike_frequency_units"": ""inverse_time_unit"", ""stable"": true, ""start_in_validation_block"": 8000, ""std_ratio"": 1.00594179707548, ""window_index"": 1}, {""end_in_validation_block"": 24000, ""inter_spike_interval_units"": ""time_unit"", ""isi_rel_error"": 1.0, ""mean_gap"": 1.5265194989686341, ""mean_isi_pred"": 10.22, ""mean_isi_true"": 0.0, ""nrmse"": 1.353750731491371, ""nrmse_x"": 3.4568358950114395, ""penalty"": 1.5265194989686341, ""score"": 5.266216924097769, ""spike_count_pred"": 2, ""spike_count_true"": 0, ""spike_frequency_pred"": 0.025, ""spike_frequency_rel_error"": 1.0, ""spike_frequency_true"": 0.0, ""spike_frequency_units"": ""inverse_time_unit"", ""stable"": true, ""start_in_validation_block"": 16000, ""std_ratio"": 2.7273296357897063, ""window_index"": 2}]",455,8000,time_unit,0.011778563015312089,0.012206449206274188,11.186666666666667,11.32,0.7400314515607439,1.140042963693571,0.0,0.8179207744293061,4,4,0.05,0.0,0.05,inverse_time_unit,True,0,0.9951817456719758,16000,time_unit,0.07101280558789283,0.011980692987292258,21.28,22.906666666666666,1.336675804001185,1.4649161251878255,0.0,1.1753792226475468,4,4,0.05,0.0,0.05,inverse_time_unit,True,8000,1.00594179707548,24000,time_unit,1.0,1.5265194989686341,10.22,0.0,1.353750731491371,3.4568358950114395,1.5265194989686341,5.266216924097769,2,0,0.025,1.0,0.0,inverse_time_unit,True,16000,2.7273296357897063
561,0.006569266347107149,1,[42],0.20292064312199765,3,0.5295955554728332,dummy,142,0.17494831040392728,ok,ok,4.197015756796596e-06,42,0.035510731079780915,mean,1.069686512806277,True,True,mean_plus_max,0.0,time_unit,0.0004365541327124212,0.0013617935520901252,11.418888888888887,11.408888888888889,0.024407136326605516,0.02867136209339594,3,0.0,0.035510731079780915,0.035510731079780915,0.035510731079780915,0.035510731079780915,0.0,2.6666666666666665,2.6666666666666665,0.03333333333333333,0.0,0.03333333333333333,inverse_time_unit,1.000969776001705,8000,"[{""end_in_validation_block"": 8000, ""inter_spike_interval_units"": ""time_unit"", ""isi_rel_error"": 0.0, ""mean_gap"": 5.935810515117439e-05, ""mean_isi_pred"": 11.32, ""mean_isi_true"": 11.32, ""nrmse"": 0.007055434471255343, ""nrmse_x"": 0.010852315470866692, ""penalty"": 0.0, ""score"": 0.007732632126790517, ""spike_count_pred"": 4, ""spike_count_true"": 4, ""spike_frequency_pred"": 0.05, ""spike_frequency_rel_error"": 0.0, ""spike_frequency_true"": 0.05, ""spike_frequency_units"": ""inverse_time_unit"", ""stable"": true, ""start_in_validation_block"": 0, ""std_ratio"": 1.0000337220871915, ""window_index"": 0}, {""end_in_validation_block"": 16000, ""inter_spike_interval_units"": ""time_unit"", ""isi_rel_error"": 0.0013096623981372637, ""mean_gap"": 6.401278597415453e-05, ""mean_isi_pred"": 22.936666666666664, ""mean_isi_true"": 22.906666666666666, ""nrmse"": 0.061603206833605484, ""nrmse_x"": 0.06841827311664041, ""penalty"": 0.0, ""score"": 0.05368568312162223, ""spike_count_pred"": 4, ""spike_count_true"": 4, ""spike_frequency_pred"": 0.05, ""spike_frequency_rel_error"": 0.0, ""spike_frequency_true"": 0.05, ""spike_frequency_units"": ""inverse_time_unit"", ""stable"": true, ""start_in_validation_block"": 8000, ""std_ratio"": 1.0000348655687328, ""window_index"": 1}, {""end_in_validation_block"": 24000, ""inter_spike_interval_units"": ""time_unit"", ""isi_rel_error"": 0.0, ""mean_gap"": 0.003962009765145046, ""mean_isi_pred"": 0.0, ""mean_isi_true"": 0.0, ""nrmse"": 0.004562767674955727, ""nrmse_x"": 0.006743497692680717, ""penalty"": 0.0, ""score"": 0.004849615649713326, ""spike_count_pred"": 0, ""spike_count_true"": 0, ""spike_frequency_pred"": 0.0, ""spike_frequency_rel_error"": 0.0, ""spike_frequency_true"": 0.0, ""spike_frequency_units"": ""inverse_time_unit"", ""stable"": true, ""start_in_validation_block"": 16000, ""std_ratio"": 1.0028407403491897, ""window_index"": 2}]",165,8000,time_unit,0.0,5.935810515117439e-05,11.32,11.32,0.007055434471255343,0.010852315470866692,0.0,0.007732632126790517,4,4,0.05,0.0,0.05,inverse_time_unit,True,0,1.0000337220871915,16000,time_unit,0.0013096623981372637,6.401278597415453e-05,22.936666666666664,22.906666666666666,0.061603206833605484,0.06841827311664041,0.0,0.05368568312162223,4,4,0.05,0.0,0.05,inverse_time_unit,True,8000,1.0000348655687328,24000,time_unit,0.0,0.003962009765145046,0.0,0.0,0.004562767674955727,0.006743497692680717,0.0,0.004849615649713326,0,0,0.0,0.0,0.0,inverse_time_unit,True,16000,1.0028407403491897
721,0.006569266347107149,1,[42],0.6451496427836827,4,0.12326758066520005,dummy,142,0.13961254353623992,ok,ok,5.560197308321362e-07,42,5.309331963218758,mean,0.9631666566573209,True,True,mean_plus_max,0.0,time_unit,0.00834303453628246,1.7226258865863653,11.217777777777778,11.408888888888889,0.8195005931155697,2.133884774585115,3,1.722264969813445,5.309331963218758,5.309331963218758,5.309331963218758,5.309331963218758,0.0,2.6666666666666665,2.6666666666666665,0.03333333333333333,0.0,0.03333333333333333,inverse_time_unit,1.7828391536953874,8000,"[{""end_in_validation_block"": 8000, ""inter_spike_interval_units"": ""time_unit"", ""isi_rel_error"": 0.0, ""mean_gap"": 6.438108113288077e-06, ""mean_isi_pred"": 11.32, ""mean_isi_true"": 11.32, ""nrmse"": 0.002016403592630513, ""nrmse_x"": 0.0031077474768191355, ""penalty"": 0.0, ""score"": 0.002213362010408153, ""spike_count_pred"": 4, ""spike_count_true"": 4, ""spike_frequency_pred"": 0.05, ""spike_frequency_rel_error"": 0.0, ""spike_frequency_true"": 0.05, ""spike_frequency_units"": ""inverse_time_unit"", ""stable"": true, ""start_in_validation_block"": 0, ""std_ratio"": 0.9999945084073594, ""window_index"": 0}, {""end_in_validation_block"": 16000, ""inter_spike_interval_units"": ""time_unit"", ""isi_rel_error"": 0.02502910360884738, ""mean_gap"": 0.0010763122106477753, ""mean_isi_pred"": 22.333333333333336, ""mean_isi_true"": 22.906666666666666, ""nrmse"": 0.5577269506019987, ""nrmse_x"": 0.6239096824285069, ""penalty"": 0.0, ""score"": 0.49509661479060213, ""spike_count_pred"": 4, ""spike_count_true"": 4, ""spike_frequency_pred"": 0.05, ""spike_frequency_rel_error"": 0.0, ""spike_frequency_true"": 0.05, ""spike_frequency_units"": ""inverse_time_unit"", ""stable"": true, ""start_in_validation_block"": 8000, ""std_ratio"": 1.0005589208734085, ""window_index"": 1}, {""end_in_validation_block"": 24000, ""inter_spike_interval_units"": ""time_unit"", ""isi_rel_error"": 0.0, ""mean_gap"": 5.166794909440335, ""mean_isi_pred"": 0.0, ""mean_isi_true"": 0.0, ""nrmse"": 1.8987584251520797, ""nrmse_x"": 5.774636893850018, ""penalty"": 5.166794909440335, ""score"": 8.817534807345865, ""spike_count_pred"": 0, ""spike_count_true"": 0, ""spike_frequency_pred"": 0.0, ""spike_frequency_rel_error"": 0.0, ""spike_frequency_true"": 0.0, ""spike_frequency_units"": ""inverse_time_unit"", ""stable"": true, ""start_in_validation_block"": 16000, ""std_ratio"": 3.347964031805395, ""window_index"": 2}]",410,8000,time_unit,0.0,6.438108113288077e-06,11.32,11.32,0.002016403592630513,0.0031077474768191355,0.0,0.002213362010408153,4,4,0.05,0.0,0.05,inverse_time_unit,True,0,0.9999945084073594,16000,time_unit,0.02502910360884738,0.0010763122106477753,22.333333333333336,22.906666666666666,0.5577269506019987,0.6239096824285069,0.0,0.49509661479060213,4,4,0.05,0.0,0.05,inverse_time_unit,True,8000,1.0005589208734085,24000,time_unit,0.0,5.166794909440335,0.0,0.0,1.8987584251520797,5.774636893850018,5.166794909440335,8.817534807345865,0,0,0.0,0.0,0.0,inverse_time_unit,True,16000,3.347964031805395
414,0.006569266347107149,1,[42],0.5012273196470344,5,0.7678752311721836,dummy,142,0.11953462814269088,ok,ok,6.87340313469286e-07,42,3.8666966731417576,mean,1.0986872427043834,True,True,mean_plus_max,0.0,time_unit,0.37149059840310666,0.8686253851040037,13.26,11.408888888888889,1.3017630307805728,1.6589680759764704,3,0.6714540115374263,3.8666966731417576,3.8666966731417576,3.8666966731417576,3.8666966731417576,0.0,2.0,2.6666666666666665,0.024999999999999998,0.5833333333333334,0.03333333333333333,inverse_time_unit,1.1176099155886308,8000,"[{""end_in_validation_block"": 8000, ""inter_spike_interval_units"": ""time_unit"", ""isi_rel_error"": 0.9081272084805655, ""mean_gap"": 0.15753272366020193, ""mean_isi_pred"": 21.6, ""mean_isi_true"": 11.32, ""nrmse"": 1.3123179055438379, ""nrmse_x"": 1.1163507233841978, ""penalty"": 0.0, ""score"": 1.646135978487551, ""spike_count_pred"": 3, ""spike_count_true"": 4, ""spike_frequency_pred"": 0.0375, ""spike_frequency_rel_error"": 0.25000000000000006, ""spike_frequency_true"": 0.05, ""spike_frequency_units"": ""inverse_time_unit"", ""stable"": true, ""start_in_validation_block"": 0, ""std_ratio"": 0.7661306147706483, ""window_index"": 0}, {""end_in_validation_block"": 16000, ""inter_spike_interval_units"": ""time_unit"", ""isi_rel_error"": 0.20634458672875436, ""mean_gap"": 0.4339813970395302, ""mean_isi_pred"": 18.18, ""mean_isi_true"": 22.906666666666666, ""nrmse"": 1.3879201137533899, ""nrmse_x"": 1.2468471127714513, ""penalty"": 0.0, ""score"": 1.635918233827023, ""spike_count_pred"": 2, ""spike_count_true"": 4, ""spike_frequency_pred"": 0.025, ""spike_frequency_rel_error"": 0.5, ""spike_frequency_true"": 0.05, ""spike_frequency_units"": ""inverse_time_unit"", ""stable"": true, ""start_in_validation_block"": 8000, ""std_ratio"": 0.8276845077525506, ""window_index"": 1}, {""end_in_validation_block"": 24000, ""inter_spike_interval_units"": ""time_unit"", ""isi_rel_error"": 0.0, ""mean_gap"": 2.014362034612279, ""mean_isi_pred"": 0.0, ""mean_isi_true"": 0.0, ""nrmse"": 1.2050510730444903, ""nrmse_x"": 2.6137063917737624, ""penalty"": 2.014362034612279, ""score"": 4.753163318348971, ""spike_count_pred"": 1, ""spike_count_true"": 0, ""spike_frequency_pred"": 0.0125, ""spike_frequency_rel_error"": 1.0, ""spike_frequency_true"": 0.0, ""spike_frequency_units"": ""inverse_time_unit"", ""stable"": true, ""start_in_validation_block"": 16000, ""std_ratio"": 1.7590146242426932, ""window_index"": 2}]",191,8000,time_unit,0.9081272084805655,0.15753272366020193,21.6,11.32,1.3123179055438379,1.1163507233841978,0.0,1.646135978487551,3,4,0.0375,0.25000000000000006,0.05,inverse_time_unit,True,0,0.7661306147706483,16000,time_unit,0.20634458672875436,0.4339813970395302,18.18,22.906666666666666,1.3879201137533899,1.2468471127714513,0.0,1.635918233827023,2,4,0.025,0.5,0.05,inverse_time_unit,True,8000,0.8276845077525506,24000,time_unit,0.0,2.014362034612279,0.0,0.0,1.2050510730444903,2.6137063917737624,2.014362034612279,4.753163318348971,1,0,0.0125,1.0,0.0,inverse_time_unit,True,16000,1.7590146242426932
685,0.006569266347107149,1,[42],0.21734321720496824,6,0.5049538155526996,dummy,142,0.11695373413608652,ok,ok,2.0057883303148403e-05,42,0.10361053538686363,mean,1.0215799122831402,True,True,mean_plus_max,0.0,time_unit,0.0016006984866123316,0.0028010935439499625,11.445555555555556,11.408888888888889,0.06995825314734137,0.08140556275670434,3,0.0,0.10361053538686363,0.10361053538686363,0.10361053538686363,0.10361053538686363,0.0,2.6666666666666665,2.6666666666666665,0.03333333333333333,0.0,0.03333333333333333,inverse_time_unit,1.0049072380254838,8000,"[{""end_in_validation_block"": 8000, ""inter_spike_interval_units"": ""time_unit"", ""isi_rel_error"": 0.0, ""mean_gap"": 8.570018400728687e-05, ""mean_isi_pred"": 11.32, ""mean_isi_true"": 11.32, ""nrmse"": 0.00682081102809625, ""nrmse_x"": 0.010470486072796267, ""penalty"": 0.0, ""score"": 0.00746397009706201, ""spike_count_pred"": 4, ""spike_count_true"": 4, ""spike_frequency_pred"": 0.05, ""spike_frequency_rel_error"": 0.0, ""spike_frequency_true"": 0.05, ""spike_frequency_units"": ""inverse_time_unit"", ""stable"": true, ""start_in_validation_block"": 0, ""std_ratio"": 0.9999598989460907, ""window_index"": 0}, {""end_in_validation_block"": 16000, ""inter_spike_interval_units"": ""time_unit"", ""isi_rel_error"": 0.004802095459836995, ""mean_gap"": 0.0003185220527029167, ""mean_isi_pred"": 23.016666666666666, ""mean_isi_true"": 22.906666666666666, ""nrmse"": 0.18544772437136378, ""nrmse_x"": 0.20623140825341718, ""penalty"": 0.0, ""score"": 0.1621902533621389, ""spike_count_pred"": 4, ""spike_count_true"": 4, ""spike_frequency_pred"": 0.05, ""spike_frequency_rel_error"": 0.0, ""spike_frequency_true"": 0.05, ""spike_frequency_units"": ""inverse_time_unit"", ""stable"": true, ""start_in_validation_block"": 8000, ""std_ratio"": 1.0001771449921888, ""window_index"": 1}, {""end_in_validation_block"": 24000, ""inter_spike_interval_units"": ""time_unit"", ""isi_rel_error"": 0.0, ""mean_gap"": 0.007999058395139685, ""mean_isi_pred"": 0.0, ""mean_isi_true"": 0.0, ""nrmse"": 0.017606224042564074, ""nrmse_x"": 0.027514793943899548, ""penalty"": 0.0, ""score"": 0.01953469267978577, ""spike_count_pred"": 0, ""spike_count_true"": 0, ""spike_frequency_pred"": 0.0, ""spike_frequency_rel_error"": 0.0, ""spike_frequency_true"": 0.0, ""spike_frequency_units"": ""inverse_time_unit"", ""stable"": true, ""start_in_validation_block"": 16000, ""std_ratio"": 1.0145846701381722, ""window_index"": 2}]",478,8000,time_unit,0.0,8.570018400728687e-05,11.32,11.32,0.00682081102809625,0.010470486072796267,0.0,0.00746397009706201,4,4,0.05,0.0,0.05,inverse_time_unit,True,0,0.9999598989460907,16000,time_unit,0.004802095459836995,0.0003185220527029167,23.016666666666666,22.906666666666666,0.18544772437136378,0.20623140825341718,0.0,0.1621902533621389,4,4,0.05,0.0,0.05,inverse_time_unit,True,8000,1.0001771449921888,24000,time_unit,0.0,0.007999058395139685,0.0,0.0,0.017606224042564074,0.027514793943899548,0.0,0.01953469267978577,0,0,0.0,0.0,0.0,inverse_time_unit,True,16000,1.0145846701381722
774,0.001411659737545813,1,[42],0.4289203827139941,7,0.7322155563292653,dummy,142,0.06253523613507123,ok,ok,9.627426724455009e-09,42,0.001411659737545813,mean,0.7608018391653841,True,True,mean_plus_max,0.0,time_unit,4.8506014745784366e-05,1.2084408284941303e-05,11.40777777777778,11.408888888888889,0.000945165204549291,0.0010794683137146843,3,0.0,0.001411659737545813,0.001411659737545813,0.001411659737545813,0.001411659737545813,0.0,2.6666666666666665,2.6666666666666665,0.03333333333333333,0.0,0.03333333333333333,inverse_time_unit,0.9999895347643575,8000,"[{""end_in_validation_block"": 8000, ""inter_spike_interval_units"": ""time_unit"", ""isi_rel_error"": 0.0, ""mean_gap"": 8.58655427303091e-06, ""mean_isi_pred"": 11.32, ""mean_isi_true"": 11.32, ""nrmse"": 0.0002562342436900809, ""nrmse_x"": 0.00038997719500168126, ""penalty"": 0.0, ""score"": 0.0002785460181734449, ""spike_count_pred"": 4, ""spike_count_true"": 4, ""spike_frequency_pred"": 0.05, ""spike_frequency_rel_error"": 0.0, ""spike_frequency_true"": 0.05, ""spike_frequency_units"": ""inverse_time_unit"", ""stable"": true, ""start_in_validation_block"": 0, ""std_ratio"": 1.0000038504886117, ""window_index"": 0}, {""end_in_validation_block"": 16000, ""inter_spike_interval_units"": ""time_unit"", ""isi_rel_error"": 0.0001455180442373531, ""mean_gap"": 5.47868024983416e-06, ""mean_isi_pred"": 22.903333333333336, ""mean_isi_true"": 22.906666666666666, ""nrmse"": 0.002505940721878717, ""nrmse_x"": 0.0027825222243304183, ""penalty"": 0.0, ""score"": 0.002229631425970086, ""spike_count_pred"": 4, ""spike_count_true"": 4, ""spike_frequency_pred"": 0.05, ""spike_frequency_rel_error"": 0.0, ""spike_frequency_true"": 0.05, ""spike_frequency_units"": ""inverse_time_unit"", ""stable"": true, ""start_in_validation_block"": 8000, ""std_ratio"": 1.0000021748368475, ""window_index"": 1}, {""end_in_validation_block"": 24000, ""inter_spike_interval_units"": ""time_unit"", ""isi_rel_error"": 0.0, ""mean_gap"": 2.218799033195884e-05, ""mean_isi_pred"": 0.0, ""mean_isi_true"": 0.0, ""nrmse"": 7.332064807907536e-05, ""nrmse_x"": 6.590552181195308e-05, ""penalty"": 0.0, ""score"": 5.4578199016343036e-05, ""spike_count_pred"": 0, ""spike_count_true"": 0, ""spike_frequency_pred"": 0.0, ""spike_frequency_rel_error"": 0.0, ""spike_frequency_true"": 0.0, ""spike_frequency_units"": ""inverse_time_unit"", ""stable"": true, ""start_in_validation_block"": 16000, ""std_ratio"": 0.9999625789676136, ""window_index"": 2}]",196,8000,time_unit,0.0,8.58655427303091e-06,11.32,11.32,0.0002562342436900809,0.00038997719500168126,0.0,0.0002785460181734449,4,4,0.05,0.0,0.05,inverse_time_unit,True,0,1.0000038504886117,16000,time_unit,0.0001455180442373531,5.47868024983416e-06,22.903333333333336,22.906666666666666,0.002505940721878717,0.0027825222243304183,0.0,0.002229631425970086,4,4,0.05,0.0,0.05,inverse_time_unit,True,8000,1.0000021748368475,24000,time_unit,0.0,2.218799033195884e-05,0.0,0.0,7.332064807907536e-05,6.590552181195308e-05,0.0,5.4578199016343036e-05,0,0,0.0,0.0,0.0,inverse_time_unit,True,16000,0.9999625789676136
555,0.001411659737545813,1,[42],0.19389622103749315,8,0.7543602241657931,dummy,142,0.09264480814712188,ok,ok,0.00014554634253125995,42,0.1386535422736338,mean,0.8361255170622275,True,True,mean_plus_max,0.0,time_unit,0.001794722545595676,0.020450871473260874,11.450000000000001,11.408888888888889,0.09907786971328902,0.11951249713334339,3,0.0,0.1386535422736338,0.1386535422736338,0.1386535422736338,0.1386535422736338,0.0,2.6666666666666665,2.6666666666666665,0.03333333333333333,0.0,0.03333333333333333,inverse_time_unit,0.9982037181497542,8000,"[{""end_in_validation_block"": 8000, ""inter_spike_interval_units"": ""time_unit"", ""isi_rel_error"": 0.0, ""mean_gap"": 0.00011022250180843288, ""mean_isi_pred"": 11.32, ""mean_isi_true"": 11.32, ""nrmse"": 0.016775504787909692, ""nrmse_x"": 0.02578712754930557, ""penalty"": 0.0, ""score"": 0.01837679634909549, ""spike_count_pred"": 4, ""spike_count_true"": 4, ""spike_frequency_pred"": 0.05, ""spike_frequency_rel_error"": 0.0, ""spike_frequency_true"": 0.05, ""spike_frequency_units"": ""inverse_time_unit"", ""stable"": true, ""start_in_validation_block"": 0, ""std_ratio"": 1.000028970712235, ""window_index"": 0}, {""end_in_validation_block"": 16000, ""inter_spike_interval_units"": ""time_unit"", ""isi_rel_error"": 0.005384167636787028, ""mean_gap"": 0.0006362313930018699, ""mean_isi_pred"": 23.03, ""mean_isi_true"": 22.906666666666666, ""nrmse"": 0.21620088262172696, ""nrmse_x"": 0.24050373840522563, ""penalty"": 0.0, ""score"": 0.18901936059669935, ""spike_count_pred"": 4, ""spike_count_true"": 4, ""spike_frequency_pred"": 0.05, ""spike_frequency_rel_error"": 0.0, ""spike_frequency_true"": 0.05, ""spike_frequency_units"": ""inverse_time_unit"", ""stable"": true, ""start_in_validation_block"": 8000, ""std_ratio"": 1.000326306807848, ""window_index"": 1}, {""end_in_validation_block"": 24000, ""inter_spike_interval_units"": ""time_unit"", ""isi_rel_error"": 0.0, ""mean_gap"": 0.060606160524972315, ""mean_isi_pred"": 0.0, ""mean_isi_true"": 0.0, ""nrmse"": 0.0642572217302304, ""nrmse_x"": 0.09224662544549894, ""penalty"": 0.0, ""score"": 0.06679994942758202, ""spike_count_pred"": 0, ""spike_count_true"": 0, ""spike_frequency_pred"": 0.0, ""spike_frequency_rel_error"": 0.0, ""spike_frequency_true"": 0.0, ""spike_frequency_units"": ""inverse_time_unit"", ""stable"": true, ""start_in_validation_block"": 16000, ""std_ratio"": 0.9942558769291794, ""window_index"": 2}]",202,8000,time_unit,0.0,0.00011022250180843288,11.32,11.32,0.016775504787909692,0.02578712754930557,0.0,0.01837679634909549,4,4,0.05,0.0,0.05,inverse_time_unit,True,0,1.000028970712235,16000,time_unit,0.005384167636787028,0.0006362313930018699,23.03,22.906666666666666,0.21620088262172696,0.24050373840522563,0.0,0.18901936059669935,4,4,0.05,0.0,0.05,inverse_time_unit,True,8000,1.000326306807848,24000,time_unit,0.0,0.060606160524972315,0.0,0.0,0.0642572217302304,0.09224662544549894,0.0,0.06679994942758202,0,0,0.0,0.0,0.0,inverse_time_unit,True,16000,0.9942558769291794
614,0.001411659737545813,1,[42],0.10204871474979119,9,0.39867779368890477,dummy,142,0.10306095923152116,ok,ok,0.0009132088036748083,42,0.8080124725809887,mean,0.7328842431943376,True,True,mean_plus_max,0.0,time_unit,0.030078414057854344,0.03677888032384737,10.821111111111113,11.408888888888889,0.5650702270113422,0.7057872952948773,3,0.0,0.8080124725809887,0.8080124725809887,0.8080124725809887,0.8080124725809887,0.0,2.6666666666666665,2.6666666666666665,0.03333333333333333,0.0,0.03333333333333333,inverse_time_unit,1.005490299117399,8000,"[{""end_in_validation_block"": 8000, ""inter_spike_interval_units"": ""time_unit"", ""isi_rel_error"": 0.02620730270906951, ""mean_gap"": 0.0004878558236527131, ""mean_isi_pred"": 11.023333333333333, ""mean_isi_true"": 11.32, ""nrmse"": 0.4229788905040914, ""nrmse_x"": 0.6566743624501262, ""penalty"": 0.0, ""score"": 0.48001927332812705, ""spike_count_pred"": 4, ""spike_count_true"": 4, ""spike_frequency_pred"": 0.05, ""spike_frequency_rel_error"": 0.0, ""spike_frequency_true"": 0.05, ""spike_frequency_units"": ""inverse_time_unit"", ""stable"": true, ""start_in_validation_block"": 0, ""std_ratio"": 0.9963253722028846, ""window_index"": 0}, {""end_in_validation_block"": 16000, ""inter_spike_interval_units"": ""time_unit"", ""isi_rel_error"": 0.06402793946449352, ""mean_gap"": 0.00412444042230956, ""mean_isi_pred"": 21.44, ""mean_isi_true"": 22.906666666666666, ""nrmse"": 1.1901923085911115, ""nrmse_x"": 1.3173249793966357, ""penalty"": 0.0, ""score"": 1.0540907855481743, ""spike_count_pred"": 4, ""spike_count_true"": 4, ""spike_frequency_pred"": 0.05, ""spike_frequency_rel_error"": 0.0, ""spike_frequency_true"": 0.05, ""spike_frequency_units"": ""inverse_time_unit"", ""stable"": true, ""start_in_validation_block"": 8000, ""std_ratio"": 0.9970694371303147, ""window_index"": 1}, {""end_in_validation_block"": 24000, ""inter_spike_interval_units"": ""time_unit"", ""isi_rel_error"": 0.0, ""mean_gap"": 0.10572434472557984, ""mean_isi_pred"": 0.0, ""mean_isi_true"": 0.0, ""nrmse"": 0.0820394819388239, ""nrmse_x"": 0.14336254403786955, ""penalty"": 0.0, ""score"": 0.09935926970553424, ""spike_count_pred"": 0, ""spike_count_true"": 0, ""spike_frequency_pred"": 0.0, ""spike_frequency_rel_error"": 0.0, ""spike_frequency_true"": 0.0, ""spike_frequency_units"": ""inverse_time_unit"", ""stable"": true, ""start_in_validation_block"": 16000, ""std_ratio"": 1.023076088018998, ""window_index"": 2}]",105,8000,time_unit,0.02620730270906951,0.0004878558236527131,11.023333333333333,11.32,0.4229788905040914,0.6566743624501262,0.0,0.48001927332812705,4,4,0.05,0.0,0.05,inverse_time_unit,True,0,0.9963253722028846,16000,time_unit,0.06402793946449352,0.00412444042230956,21.44,22.906666666666666,1.1901923085911115,1.3173249793966357,0.0,1.0540907855481743,4,4,0.05,0.0,0.05,inverse_time_unit,True,8000,0.9970694371303147,24000,time_unit,0.0,0.10572434472557984,0.0,0.0,0.0820394819388239,0.14336254403786955,0.0,0.09935926970553424,0,0,0.0,0.0,0.0,inverse_time_unit,True,16000,1.023076088018998
792,0.001411659737545813,1,[42],0.5942317188129044,10,0.7226690562879456,dummy,142,0.06311258602973248,ok,ok,5.639434223798928e-09,42,0.33412017956282214,mean,0.8764271620221442,True,True,mean_plus_max,0.0,time_unit,4.850601474583606e-05,0.05307411337736997,11.410000000000002,11.408888888888889,0.23147558258818468,0.24422507629703158,3,0.0,0.33412017956282214,0.33412017956282214,0.33412017956282214,0.33412017956282214,0.0,2.6666666666666665,2.6666666666666665,0.03333333333333333,0.0,0.03333333333333333,inverse_time_unit,1.0008450738445378,8000,"[{""end_in_validation_block"": 8000, ""inter_spike_interval_units"": ""time_unit"", ""isi_rel_error"": 0.0, ""mean_gap"": 4.316669738018297e-06, ""mean_isi_pred"": 11.32, ""mean_isi_true"": 11.32, ""nrmse"": 0.000751925012391642, ""nrmse_x"": 0.0011548209207349347, ""penalty"": 0.0, ""score"": 0.0008231327595021247, ""spike_count_pred"": 4, ""spike_count_true"": 4, ""spike_frequency_pred"": 0.05, ""spike_frequency_rel_error"": 0.0, ""spike_frequency_true"": 0.05, ""spike_frequency_units"": ""inverse_time_unit"", ""stable"": true, ""start_in_validation_block"": 0, ""std_ratio"": 1.0000096711964777, ""window_index"": 0}, {""end_in_validation_block"": 16000, ""inter_spike_interval_units"": ""time_unit"", ""isi_rel_error"": 0.00014551804423750819, ""mean_gap"": 7.675025382304289e-06, ""mean_isi_pred"": 22.91, ""mean_isi_true"": 22.906666666666666, ""nrmse"": 0.009459346780398134, ""nrmse_x"": 0.0105038865390843, ""penalty"": 0.0, ""score"": 0.008214733313714652, ""spike_count_pred"": 4, ""spike_count_true"": 4, ""spike_frequency_pred"": 0.05, ""spike_frequency_rel_error"": 0.0, ""spike_frequency_true"": 0.05, ""spike_frequency_units"": ""inverse_time_unit"", ""stable"": true, ""start_in_validation_block"": 8000, ""std_ratio"": 0.9999970549760325, ""window_index"": 1}, {""end_in_validation_block"": 24000, ""inter_spike_interval_units"": ""time_unit"", ""isi_rel_error"": 0.0, ""mean_gap"": 0.15921034843698958, ""mean_isi_pred"": 0.0, ""mean_isi_true"": 0.0, ""nrmse"": 0.6842154759717642, ""nrmse_x"": 0.7210165214312755, ""penalty"": 0.0, ""score"": 0.5676129557801426, ""spike_count_pred"": 0, ""spike_count_true"": 0, ""spike_frequency_pred"": 0.0, ""spike_frequency_rel_error"": 0.0, ""spike_frequency_true"": 0.0, ""spike_frequency_units"": ""inverse_time_unit"", ""stable"": true, ""start_in_validation_block"": 16000, ""std_ratio"": 1.0025284953611036, ""window_index"": 2}]",474,8000,time_unit,0.0,4.316669738018297e-06,11.32,11.32,0.000751925012391642,0.0011548209207349347,0.0,0.0008231327595021247,4,4,0.05,0.0,0.05,inverse_time_unit,True,0,1.0000096711964777,16000,time_unit,0.00014551804423750819,7.675025382304289e-06,22.91,22.906666666666666,0.009459346780398134,0.0105038865390843,0.0,0.008214733313714652,4,4,0.05,0.0,0.05,inverse_time_unit,True,8000,0.9999970549760325,24000,time_unit,0.0,0.15921034843698958,0.0,0.0,0.6842154759717642,0.7210165214312755,0.0,0.5676129557801426,0,0,0.0,0.0,0.0,inverse_time_unit,True,16000,1.0025284953611036
695,0.001411659737545813,1,[42],0.44339805448809533,11,0.41073650523261096,dummy,142,0.1590886013391524,ok,ok,5.909922278344393e-07,42,19.293256183721358,mean,0.7453114487505285,True,True,mean_plus_max,0.0,time_unit,0.3875147232037692,7.259447207852017,3.16,11.408888888888889,3.422597404039504,7.673093189192765,3,7.51190659987854,19.293256183721358,19.293256183721358,19.293256183721358,19.293256183721358,0.0,1.3333333333333333,2.6666666666666665,0.016666666666666666,0.3333333333333333,0.03333333333333333,inverse_time_unit,0.4745702557147635,8000,"[{""end_in_validation_block"": 8000, ""inter_spike_interval_units"": ""time_unit"", ""isi_rel_error"": 0.1625441696113074, ""mean_gap"": 0.24262177773130222, ""mean_isi_pred"": 9.48, ""mean_isi_true"": 11.32, ""nrmse"": 0.905613856119327, ""nrmse_x"": 1.374168106451138, ""penalty"": 0.0, ""score"": 1.0634680073836114, ""spike_count_pred"": 4, ""spike_count_true"": 4, ""spike_frequency_pred"": 0.05, ""spike_frequency_rel_error"": 0.0, ""spike_frequency_true"": 0.05, ""spike_frequency_units"": ""inverse_time_unit"", ""stable"": true, ""start_in_validation_block"": 0, ""std_ratio"": 1.423710757906465, ""window_index"": 0}, {""end_in_validation_block"": 16000, ""inter_spike_interval_units"": ""time_unit"", ""isi_rel_error"": 1.0, ""mean_gap"": 6.531938842952684, ""mean_isi_pred"": 0.0, ""mean_isi_true"": 22.906666666666666, ""nrmse"": 5.604321645872553, ""nrmse_x"": 6.608042452103329, ""penalty"": 7.031938796763583, ""score"": 13.567442556888553, ""spike_count_pred"": 0, ""spike_count_true"": 4, ""spike_frequency_pred"": 0.0, ""spike_frequency_rel_error"": 1.0, ""spike_frequency_true"": 0.05, ""spike_frequency_units"": ""inverse_time_unit"", ""stable"": true, ""start_in_validation_block"": 8000, ""std_ratio"": 9.237820177376227e-09, ""window_index"": 1}, {""end_in_validation_block"": 24000, ""inter_spike_interval_units"": ""time_unit"", ""isi_rel_error"": 0.0, ""mean_gap"": 15.003781002872067, ""mean_isi_pred"": 0.0, ""mean_isi_true"": 0.0, ""nrmse"": 3.757856710126633, ""nrmse_x"": 15.03706900902383, ""penalty"": 15.50378100287204, ""score"": 24.713633135366806, ""spike_count_pred"": 0, ""spike_count_true"": 0, ""spike_frequency_pred"": 0.0, ""spike_frequency_rel_error"": 0.0, ""spike_frequency_true"": 0.0, ""spike_frequency_units"": ""inverse_time_unit"", ""stable"": true, ""start_in_validation_block"": 16000, ""std_ratio"": 5.4198148153854145e-15, ""window_index"": 2}]",422,8000,time_unit,0.1625441696113074,0.24262177773130222,9.48,11.32,0.905613856119327,1.374168106451138,0.0,1.0634680073836114,4,4,0.05,0.0,0.05,inverse_time_unit,True,0,1.423710757906465,16000,time_unit,1.0,6.531938842952684,0.0,22.906666666666666,5.604321645872553,6.608042452103329,7.031938796763583,13.567442556888553,0,4,0.0,1.0,0.05,inverse_time_unit,True,8000,9.237820177376227e-09,24000,time_unit,0.0,15.003781002872067,0.0,0.0,3.757856710126633,15.03706900902383,15.50378100287204,24.713633135366806,0,0,0.0,0.0,0.0,inverse_time_unit,True,16000,5.4198148153854145e-15
389,0.001411659737545813,1,[42],0.2760927916567018,12,0.5197209135225729,dummy,142,0.06738733348782444,ok,ok,5.856780225320913e-07,42,0.019986390911011336,mean,1.0446662064973824,True,True,mean_plus_max,0.0,time_unit,0.00034068476552335944,0.0002913867227195694,11.402222222222223,11.408888888888889,0.013632661304862508,0.015770589949106673,3,0.0,0.019986390911011336,0.019986390911011336,0.019986390911011336,0.019986390911011336,0.0,2.6666666666666665,2.6666666666666665,0.03333333333333333,0.0,0.03333333333333333,inverse_time_unit,0.9996368266647843,8000,"[{""end_in_validation_block"": 8000, ""inter_spike_interval_units"": ""time_unit"", ""isi_rel_error"": 0.0002944640753826924, ""mean_gap"": 1.1747280895779746e-05, ""mean_isi_pred"": 11.316666666666668, ""mean_isi_true"": 11.32, ""nrmse"": 0.003953775085303325, ""nrmse_x"": 0.006086552009817097, ""penalty"": 0.0, ""score"": 0.0044832794144165815, ""spike_count_pred"": 4, ""spike_count_true"": 4, ""spike_frequency_pred"": 0.05, ""spike_frequency_rel_error"": 0.0, ""spike_frequency_true"": 0.05, ""spike_frequency_units"": ""inverse_time_unit"", ""stable"": true, ""start_in_validation_block"": 0, ""std_ratio"": 0.9999985629882004, ""window_index"": 0}, {""end_in_validation_block"": 16000, ""inter_spike_interval_units"": ""time_unit"", ""isi_rel_error"": 0.0007275902211873859, ""mean_gap"": 4.8895676746963006e-05, ""mean_isi_pred"": 22.89, ""mean_isi_true"": 22.906666666666666, ""nrmse"": 0.03552554454293804, ""nrmse_x"": 0.03943827940686041, ""penalty"": 0.0, ""score"": 0.030936234920101432, ""spike_count_pred"": 4, ""spike_count_true"": 4, ""spike_frequency_pred"": 0.05, ""spike_frequency_rel_error"": 0.0, ""spike_frequency_true"": 0.05, ""spike_frequency_units"": ""inverse_time_unit"", ""stable"": true, ""start_in_validation_block"": 8000, ""std_ratio"": 1.0000188398720078, ""window_index"": 1}, {""end_in_validation_block"": 24000, ""inter_spike_interval_units"": ""time_unit"", ""isi_rel_error"": 0.0, ""mean_gap"": 0.0008135172105159655, ""mean_isi_pred"": 0.0, ""mean_isi_true"": 0.0, ""nrmse"": 0.0014186642863461521, ""nrmse_x"": 0.0017869384306425122, ""penalty"": 0.0, ""score"": 0.00133748220843992, ""spike_count_pred"": 0, ""spike_count_true"": 0, ""spike_frequency_pred"": 0.0, ""spike_frequency_rel_error"": 0.0, ""spike_frequency_true"": 0.0, ""spike_frequency_units"": ""inverse_time_unit"", ""stable"": true, ""start_in_validation_block"": 16000, ""std_ratio"": 0.9988930771341447, ""window_index"": 2}]",164,8000,time_unit,0.0002944640753826924,1.1747280895779746e-05,11.316666666666668,11.32,0.003953775085303325,0.006086552009817097,0.0,0.0044832794144165815,4,4,0.05,0.0,0.05,inverse_time_unit,True,0,0.9999985629882004,16000,time_unit,0.0007275902211873859,4.8895676746963006e-05,22.89,22.906666666666666,0.03552554454293804,0.03943827940686041,0.0,0.030936234920101432,4,4,0.05,0.0,0.05,inverse_time_unit,True,8000,1.0000188398720078,24000,time_unit,0.0,0.0008135172105159655,0.0,0.0,0.0014186642863461521,0.0017869384306425122,0.0,0.00133748220843992,0,0,0.0,0.0,0.0,inverse_time_unit,True,16000,0.9988930771341447
685,0.001411659737545813,1,[42],0.3386439205179448,13,0.12511969785736438,dummy,142,0.0943886272224324,ok,ok,0.00012864103903558187,42,5.294334886968229,mean,0.8537451359421879,True,True,mean_plus_max,0.0,time_unit,0.9390459363957597,1.1840550483062928,13.988333333333335,11.408888888888889,1.3662164728198996,2.02604778914086,3,0.928591044462778,5.294334886968229,5.294334886968229,5.294334886968229,5.294334886968229,0.0,2.0,2.6666666666666665,0.024999999999999998,0.75,0.03333333333333333,inverse_time_unit,1.276060754455205,8000,"[{""end_in_validation_block"": 8000, ""inter_spike_interval_units"": ""time_unit"", ""isi_rel_error"": 0.8171378091872792, ""mean_gap"": 0.06716468612593433, ""mean_isi_pred"": 20.57, ""mean_isi_true"": 11.32, ""nrmse"": 1.1397102599972952, ""nrmse_x"": 1.0924743486059774, ""penalty"": 0.0, ""score"": 1.5443573613262511, ""spike_count_pred"": 3, ""spike_count_true"": 4, ""spike_frequency_pred"": 0.0375, ""spike_frequency_rel_error"": 0.25000000000000006, ""spike_frequency_true"": 0.05, ""spike_frequency_units"": ""inverse_time_unit"", ""stable"": true, ""start_in_validation_block"": 0, ""std_ratio"": 0.8344537830162666, ""window_index"": 0}, {""end_in_validation_block"": 16000, ""inter_spike_interval_units"": ""time_unit"", ""isi_rel_error"": 1.0, ""mean_gap"": 0.6992273254046097, ""mean_isi_pred"": 0.0, ""mean_isi_true"": 22.906666666666666, ""nrmse"": 1.4066714348490978, ""nrmse_x"": 1.1901747933460065, ""penalty"": 0.0, ""score"": 2.5062639950525782, ""spike_count_pred"": 0, ""spike_count_true"": 4, ""spike_frequency_pred"": 0.0, ""spike_frequency_rel_error"": 1.0, ""spike_frequency_true"": 0.05, ""spike_frequency_units"": ""inverse_time_unit"", ""stable"": true, ""start_in_validation_block"": 8000, ""std_ratio"": 0.3193421982750852, ""window_index"": 1}, {""end_in_validation_block"": 24000, ""inter_spike_interval_units"": ""time_unit"", ""isi_rel_error"": 1.0, ""mean_gap"": 2.785773133388334, ""mean_isi_pred"": 21.395, ""mean_isi_true"": 0.0, ""nrmse"": 1.5522677236133058, ""nrmse_x"": 3.7954942254705966, ""penalty"": 2.785773133388334, ""score"": 6.761361888300489, ""spike_count_pred"": 3, ""spike_count_true"": 0, ""spike_frequency_pred"": 0.0375, ""spike_frequency_rel_error"": 1.0, ""spike_frequency_true"": 0.0, ""spike_frequency_units"": ""inverse_time_unit"", ""stable"": true, ""start_in_validation_block"": 16000, ""std_ratio"": 2.6743862820742628, ""window_index"": 2}]",394,8000,time_unit,0.8171378091872792,0.06716468612593433,20.57,11.32,1.1397102599972952,1.0924743486059774,0.0,1.5443573613262511,3,4,0.0375,0.25000000000000006,0.05,inverse_time_unit,True,0,0.8344537830162666,16000,time_unit,1.0,0.6992273254046097,0.0,22.906666666666666,1.4066714348490978,1.1901747933460065,0.0,2.5062639950525782,0,4,0.0,1.0,0.05,inverse_time_unit,True,8000,0.3193421982750852,24000,time_unit,1.0,2.785773133388334,21.395,0.0,1.5522677236133058,3.7954942254705966,2.785773133388334,6.761361888300489,3,0,0.0375,1.0,0.0,inverse_time_unit,True,16000,2.6743862820742628
687,0.001411659737545813,1,[42],0.11668730586558704,14,0.2961136875526058,dummy,142,0.09911258036030128,ok,ok,0.00030533123015892116,42,0.22732449771145036,mean,1.0704332290941805,True,True,mean_plus_max,0.0,time_unit,0.003106670268338265,0.019687640731974924,11.47777777777778,11.408888888888889,0.15286189781354376,0.20591805675480143,3,0.0,0.22732449771145036,0.22732449771145036,0.22732449771145036,0.22732449771145036,0.0,2.6666666666666665,2.6666666666666665,0.03333333333333333,0.0,0.03333333333333333,inverse_time_unit,1.0100638028763846,8000,"[{""end_in_validation_block"": 8000, ""inter_spike_interval_units"": ""time_unit"", ""isi_rel_error"": 0.0005889281507656986, ""mean_gap"": 0.0003079538550339732, ""mean_isi_pred"": 11.326666666666668, ""mean_isi_true"": 11.32, ""nrmse"": 0.04265234307762692, ""nrmse_x"": 0.06563911886782163, ""penalty"": 0.0, ""score"": 0.047059065222091474, ""spike_count_pred"": 4, ""spike_count_true"": 4, ""spike_frequency_pred"": 0.05, ""spike_frequency_rel_error"": 0.0, ""spike_frequency_true"": 0.05, ""spike_frequency_units"": ""inverse_time_unit"", ""stable"": true, ""start_in_validation_block"": 0, ""std_ratio"": 1.0002009263015166, ""window_index"": 0}, {""end_in_validation_block"": 16000, ""inter_spike_interval_units"": ""time_unit"", ""isi_rel_error"": 0.008731082654249095, ""mean_gap"": 0.0035767758364999348, ""mean_isi_pred"": 23.106666666666666, ""mean_isi_true"": 22.906666666666666, ""nrmse"": 0.33938747745292713, ""nrmse_x"": 0.37816475808120326, ""penalty"": 0.0, ""score"": 0.2972030276350181, ""spike_count_pred"": 4, ""spike_count_true"": 4, ""spike_frequency_pred"": 0.05, ""spike_frequency_rel_error"": 0.0, ""spike_frequency_true"": 0.05, ""spike_frequency_units"": ""inverse_time_unit"", ""stable"": true, ""start_in_validation_block"": 8000, ""std_ratio"": 1.0011891819353977, ""window_index"": 1}, {""end_in_validation_block"": 24000, ""inter_spike_interval_units"": ""time_unit"", ""isi_rel_error"": 0.0, ""mean_gap"": 0.05517819250439086, ""mean_isi_pred"": 0.0, ""mean_isi_true"": 0.0, ""nrmse"": 0.07654587291007718, ""nrmse_x"": 0.1739502933153793, ""penalty"": 0.0, ""score"": 0.11480912955097793, ""spike_count_pred"": 0, ""spike_count_true"": 0, ""spike_frequency_pred"": 0.0, ""spike_frequency_rel_error"": 0.0, ""spike_frequency_true"": 0.0, ""spike_frequency_units"": ""inverse_time_unit"", ""stable"": true, ""start_in_validation_block"": 16000, ""std_ratio"": 1.0288013003922398, ""window_index"": 2}]",330,8000,time_unit,0.0005889281507656986,0.0003079538550339732,11.326666666666668,11.32,0.04265234307762692,0.06563911886782163,0.0,0.047059065222091474,4,4,0.05,0.0,0.05,inverse_time_unit,True,0,1.0002009263015166,16000,time_unit,0.008731082654249095,0.0035767758364999348,23.106666666666666,22.906666666666666,0.33938747745292713,0.37816475808120326,0.0,0.2972030276350181,4,4,0.05,0.0,0.05,inverse_time_unit,True,8000,1.0011891819353977,24000,time_unit,0.0,0.05517819250439086,0.0,0.0,0.07654587291007718,0.1739502933153793,0.0,0.11480912955097793,0,0,0.0,0.0,0.0,inverse_time_unit,True,16000,1.0288013003922398
473,0.001411659737545813,1,[42],0.8977369474641983,15,0.19623583583414417,dummy,142,0.14221539218007734,ok,ok,0.0004280949261954299,42,10.48380038064813,mean,0.9937130097981415,True,True,mean_plus_max,0.0,time_unit,0.3745583038869258,3.7685607696049352,3.3066666666666666,11.408888888888889,2.2239540259793404,4.13302719485958,3,4.101894102938266,10.48380038064813,10.48380038064813,10.48380038064813,10.48380038064813,0.0,0.6666666666666666,2.6666666666666665,0.008333333333333333,0.5,0.03333333333333333,inverse_time_unit,0.4617488951422967,8000,"[{""end_in_validation_block"": 8000, ""inter_spike_interval_units"": ""time_unit"", ""isi_rel_error"": 0.12367491166077742, ""mean_gap"": 1.0051636480732693, ""mean_isi_pred"": 9.92, ""mean_isi_true"": 11.32, ""nrmse"": 1.1764720332601057, ""nrmse_x"": 1.8884163249489252, ""penalty"": 1.0051636480732693, ""score"": 2.8997480909405935, ""spike_count_pred"": 2, ""spike_count_true"": 4, ""spike_frequency_pred"": 0.025, ""spike_frequency_rel_error"": 0.5, ""spike_frequency_true"": 0.05, ""spike_frequency_units"": ""inverse_time_unit"", ""stable"": true, ""start_in_validation_block"": 0, ""std_ratio"": 1.3852466854268883, ""window_index"": 0}, {""end_in_validation_block"": 16000, ""inter_spike_interval_units"": ""time_unit"", ""isi_rel_error"": 1.0, ""mean_gap"": 3.614661427268298, ""mean_isi_pred"": 0.0, ""mean_isi_true"": 22.906666666666666, ""nrmse"": 3.263742690268445, ""nrmse_x"": 3.75043693904874, ""penalty"": 4.114661427268295, ""score"": 8.493337416312214, ""spike_count_pred"": 0, ""spike_count_true"": 4, ""spike_frequency_pred"": 0.0, ""spike_frequency_rel_error"": 1.0, ""spike_frequency_true"": 0.05, ""spike_frequency_units"": ""inverse_time_unit"", ""stable"": true, ""start_in_validation_block"": 8000, ""std_ratio"": 4.751227271420453e-16, ""window_index"": 1}, {""end_in_validation_block"": 24000, ""inter_spike_interval_units"": ""time_unit"", ""isi_rel_error"": 0.0, ""mean_gap"": 6.685857233473239, ""mean_isi_pred"": 0.0, ""mean_isi_true"": 0.0, ""nrmse"": 2.231647354409471, ""nrmse_x"": 6.760228320581075, ""penalty"": 7.185857233473232, ""score"": 11.461894648395191, ""spike_count_pred"": 0, ""spike_count_true"": 0, ""spike_frequency_pred"": 0.0, ""spike_frequency_rel_error"": 0.0, ""spike_frequency_true"": 0.0, ""spike_frequency_units"": ""inverse_time_unit"", ""stable"": true, ""start_in_validation_block"": 16000, ""std_ratio"": 1.3549537038463536e-15, ""window_index"": 2}]",84,8000,time_unit,0.12367491166077742,1.0051636480732693,9.92,11.32,1.1764720332601057,1.8884163249489252,1.0051636480732693,2.8997480909405935,2,4,0.025,0.5,0.05,inverse_time_unit,True,0,1.3852466854268883,16000,time_unit,1.0,3.614661427268298,0.0,22.906666666666666,3.263742690268445,3.75043693904874,4.114661427268295,8.493337416312214,0,4,0.0,1.0,0.05,inverse_time_unit,True,8000,4.751227271420453e-16,24000,time_unit,0.0,6.685857233473239,0.0,0.0,2.231647354409471,6.760228320581075,7.185857233473232,11.461894648395191,0,0,0.0,0.0,0.0,inverse_time_unit,True,16000,1.3549537038463536e-15
741,0.001411659737545813,1,[42],0.6032914498865021,16,0.7629056880933855,dummy,142,0.10122905812016332,ok,ok,4.178631141527525e-09,42,0.002151020940406586,mean,0.846799294702928,True,True,mean_plus_max,0.0,time_unit,4.8506014745784366e-05,6.60243316909319e-05,11.40777777777778,11.408888888888889,0.0014491114142172184,0.0016819778121109146,3,0.0,0.002151020940406586,0.002151020940406586,0.002151020940406586,0.002151020940406586,0.0,2.6666666666666665,2.6666666666666665,0.03333333333333333,0.0,0.03333333333333333,inverse_time_unit,0.9999851050620361,8000,"[{""end_in_validation_block"": 8000, ""inter_spike_interval_units"": ""time_unit"", ""isi_rel_error"": 0.0, ""mean_gap"": 1.1901168178815578e-05, ""mean_isi_pred"": 11.32, ""mean_isi_true"": 11.32, ""nrmse"": 0.0003848086850235325, ""nrmse_x"": 0.0005858003822347403, ""penalty"": 0.0, ""score"": 0.00041839238148499037, ""spike_count_pred"": 4, ""spike_count_true"": 4, ""spike_frequency_pred"": 0.05, ""spike_frequency_rel_error"": 0.0, ""spike_frequency_true"": 0.05, ""spike_frequency_units"": ""inverse_time_unit"", ""stable"": true, ""start_in_validation_block"": 0, ""std_ratio"": 1.0000049071310069, ""window_index"": 0}, {""end_in_validation_block"": 16000, ""inter_spike_interval_units"": ""time_unit"", ""isi_rel_error"": 0.0001455180442373531, ""mean_gap"": 1.0855019583155649e-05, ""mean_isi_pred"": 22.903333333333336, ""mean_isi_true"": 22.906666666666666, ""nrmse"": 0.0038172173095897986, ""nrmse_x"": 0.004237355966831664, ""penalty"": 0.0, ""score"": 0.003357609131273542, ""spike_count_pred"": 4, ""spike_count_true"": 4, ""spike_frequency_pred"": 0.05, ""spike_frequency_rel_error"": 0.0, ""spike_frequency_true"": 0.05, ""spike_frequency_units"": ""inverse_time_unit"", ""stable"": true, ""start_in_validation_block"": 8000, ""std_ratio"": 1.0000047925555613, ""window_index"": 1}, {""end_in_validation_block"": 24000, ""inter_spike_interval_units"": ""time_unit"", ""isi_rel_error"": 0.0, ""mean_gap"": 0.0001753168073108245, ""mean_isi_pred"": 0.0, ""mean_isi_true"": 0.0, ""nrmse"": 0.0001453082480383247, ""nrmse_x"": 0.0002227770872663397, ""penalty"": 0.0, ""score"": 0.00015885446000606803, ""spike_count_pred"": 0, ""spike_count_true"": 0, ""spike_frequency_pred"": 0.0, ""spike_frequency_rel_error"": 0.0, ""spike_frequency_true"": 0.0, ""spike_frequency_units"": ""inverse_time_unit"", ""stable"": true, ""start_in_validation_block"": 16000, ""std_ratio"": 0.99994561549954, ""window_index"": 2}]",109,8000,time_unit,0.0,1.1901168178815578e-05,11.32,11.32,0.0003848086850235325,0.0005858003822347403,0.0,0.00041839238148499037,4,4,0.05,0.0,0.05,inverse_time_unit,True,0,1.0000049071310069,16000,time_unit,0.0001455180442373531,1.0855019583155649e-05,22.903333333333336,22.906666666666666,0.0038172173095897986,0.004237355966831664,0.0,0.003357609131273542,4,4,0.05,0.0,0.05,inverse_time_unit,True,8000,1.0000047925555613,24000,time_unit,0.0,0.0001753168073108245,0.0,0.0,0.0001453082480383247,0.0002227770872663397,0.0,0.00015885446000606803,0,0,0.0,0.0,0.0,inverse_time_unit,True,16000,0.99994561549954
396,0.001411659737545813,1,[42],0.7777707760223171,17,0.1268641231928468,dummy,142,0.04027329727567848,ok,ok,2.746929223921367e-05,42,0.02660256855234265,mean,0.803474086907179,True,True,mean_plus_max,0.0,time_unit,0.00034068476552335944,0.0006654224281032684,11.402222222222223,11.408888888888889,0.018563150511212448,0.022092448694033,3,0.0,0.02660256855234265,0.02660256855234265,0.02660256855234265,0.02660256855234265,0.0,2.6666666666666665,2.6666666666666665,0.03333333333333333,0.0,0.03333333333333333,inverse_time_unit,0.9995266403643156,8000,"[{""end_in_validation_block"": 8000, ""inter_spike_interval_units"": ""time_unit"", ""isi_rel_error"": 0.0002944640753826924, ""mean_gap"": 8.239570155485727e-05, ""mean_isi_pred"": 11.316666666666668, ""mean_isi_true"": 11.32, ""nrmse"": 0.009019191937962922, ""nrmse_x"": 0.013887828629347084, ""penalty"": 0.0, ""score"": 0.010040335768322974, ""spike_count_pred"": 4, ""spike_count_true"": 4, ""spike_frequency_pred"": 0.05, ""spike_frequency_rel_error"": 0.0, ""spike_frequency_true"": 0.05, ""spike_frequency_units"": ""inverse_time_unit"", ""stable"": true, ""start_in_validation_block"": 0, ""std_ratio"": 0.9999451748272541, ""window_index"": 0}, {""end_in_validation_block"": 16000, ""inter_spike_interval_units"": ""time_unit"", ""isi_rel_error"": 0.0007275902211873859, ""mean_gap"": 1.795056182625649e-05, ""mean_isi_pred"": 22.89, ""mean_isi_true"": 22.906666666666666, ""nrmse"": 0.04438526209018963, ""nrmse_x"": 0.04927682983108679, ""penalty"": 0.0, ""score"": 0.03856236704023883, ""spike_count_pred"": 4, ""spike_count_true"": 4, ""spike_frequency_pred"": 0.05, ""spike_frequency_rel_error"": 0.0, ""spike_frequency_true"": 0.05, ""spike_frequency_units"": ""inverse_time_unit"", ""stable"": true, ""start_in_validation_block"": 8000, ""std_ratio"": 1.0000069832557326, ""window_index"": 1}, {""end_in_validation_block"": 24000, ""inter_spike_interval_units"": ""time_unit"", ""isi_rel_error"": 0.0, ""mean_gap"": 0.0018959210209286916, ""mean_isi_pred"": 0.0, ""mean_isi_true"": 0.0, ""nrmse"": 0.0022849975054847933, ""nrmse_x"": 0.0031126876216651302, ""penalty"": 0.0, ""score"": 0.0022832275682870204, ""spike_count_pred"": 0, ""spike_count_true"": 0, ""spike_frequency_pred"": 0.0, ""spike_frequency_rel_error"": 0.0, ""spike_frequency_true"": 0.0, ""spike_frequency_units"": ""inverse_time_unit"", ""stable"": true, ""start_in_validation_block"": 16000, ""std_ratio"": 0.99862776300996, ""window_index"": 2}]",200,8000,time_unit,0.0002944640753826924,8.239570155485727e-05,11.316666666666668,11.32,0.009019191937962922,0.013887828629347084,0.0,0.010040335768322974,4,4,0.05,0.0,0.05,inverse_time_unit,True,0,0.9999451748272541,16000,time_unit,0.0007275902211873859,1.795056182625649e-05,22.89,22.906666666666666,0.04438526209018963,0.04927682983108679,0.0,0.03856236704023883,4,4,0.05,0.0,0.05,inverse_time_unit,True,8000,1.0000069832557326,24000,time_unit,0.0,0.0018959210209286916,0.0,0.0,0.0022849975054847933,0.0031126876216651302,0.0,0.0022832275682870204,0,0,0.0,0.0,0.0,inverse_time_unit,True,16000,0.99862776300996
412,0.001411659737545813,1,[42],0.5593152150624762,18,0.36779664909720855,dummy,142,0.14850388868895317,ok,ok,4.906414132715852e-09,42,0.0037793534689656468,mean,0.9004196946866305,True,True,mean_plus_max,0.0,time_unit,0.0,7.632036875952288e-05,11.408888888888889,11.408888888888889,0.002643163169957271,0.0030935413605065096,3,0.0,0.0037793534689656468,0.0037793534689656468,0.0037793534689656468,0.0037793534689656468,0.0,2.6666666666666665,2.6666666666666665,0.03333333333333333,0.0,0.03333333333333333,inverse_time_unit,0.9999318402828004,8000,"[{""end_in_validation_block"": 8000, ""inter_spike_interval_units"": ""time_unit"", ""isi_rel_error"": 0.0, ""mean_gap"": 3.1733902430439117e-06, ""mean_isi_pred"": 11.32, ""mean_isi_true"": 11.32, ""nrmse"": 0.0010211444051022233, ""nrmse_x"": 0.001571728821477261, ""penalty"": 0.0, ""score"": 0.0011197369530880495, ""spike_count_pred"": 4, ""spike_count_true"": 4, ""spike_frequency_pred"": 0.05, ""spike_frequency_rel_error"": 0.0, ""spike_frequency_true"": 0.05, ""spike_frequency_units"": ""inverse_time_unit"", ""stable"": true, ""start_in_validation_block"": 0, ""std_ratio"": 0.999998055851529, ""window_index"": 0}, {""end_in_validation_block"": 16000, ""inter_spike_interval_units"": ""time_unit"", ""isi_rel_error"": 0.0, ""mean_gap"": 6.276112342017802e-06, ""mean_isi_pred"": 22.906666666666666, ""mean_isi_true"": 22.906666666666666, ""nrmse"": 0.006587006906356727, ""nrmse_x"": 0.007312196338548751, ""penalty"": 0.0, ""score"": 0.005668459712790995, ""spike_count_pred"": 4, ""spike_count_true"": 4, ""spike_frequency_pred"": 0.05, ""spike_frequency_rel_error"": 0.0, ""spike_frequency_true"": 0.05, ""spike_frequency_units"": ""inverse_time_unit"", ""stable"": true, ""start_in_validation_block"": 8000, ""std_ratio"": 1.0000027101849476, ""window_index"": 1}, {""end_in_validation_block"": 24000, ""inter_spike_interval_units"": ""time_unit"", ""isi_rel_error"": 0.0, ""mean_gap"": 0.00021951160369350695, ""mean_isi_pred"": 0.0, ""mean_isi_true"": 0.0, ""nrmse"": 0.0003213381984128621, ""nrmse_x"": 0.0003966989214935167, ""penalty"": 0.0, ""score"": 0.00029851895642464977, ""spike_count_pred"": 0, ""spike_count_true"": 0, ""spike_frequency_pred"": 0.0, ""spike_frequency_rel_error"": 0.0, ""spike_frequency_true"": 0.0, ""spike_frequency_units"": ""inverse_time_unit"", ""stable"": true, ""start_in_validation_block"": 16000, ""std_ratio"": 0.9997947548119246, ""window_index"": 2}]",260,8000,time_unit,0.0,3.1733902430439117e-06,11.32,11.32,0.0010211444051022233,0.001571728821477261,0.0,0.0011197369530880495,4,4,0.05,0.0,0.05,inverse_time_unit,True,0,0.999998055851529,16000,time_unit,0.0,6.276112342017802e-06,22.906666666666666,22.906666666666666,0.006587006906356727,0.007312196338548751,0.0,0.005668459712790995,4,4,0.05,0.0,0.05,inverse_time_unit,True,8000,1.0000027101849476,24000,time_unit,0.0,0.00021951160369350695,0.0,0.0,0.0003213381984128621,0.0003966989214935167,0.0,0.00029851895642464977,0,0,0.0,0.0,0.0,inverse_time_unit,True,16000,0.9997947548119246
422,0.001411659737545813,1,[42],0.23375617650549457,19,0.22658314754681239,dummy,142,0.15481153834804265,ok,ok,7.695427787400305e-05,42,3.6309550111560807,mean,1.1322580535806168,True,True,mean_plus_max,0.0,time_unit,0.33425609027580666,0.6779751993037507,14.744444444444445,11.408888888888889,0.6565660047564104,1.4654273788368026,3,0.6771616024241389,3.6309550111560807,3.6309550111560807,3.6309550111560807,3.6309550111560807,0.0,3.3333333333333335,2.6666666666666665,0.041666666666666664,0.3333333333333333,0.03333333333333333,inverse_time_unit,1.5768162381527542,8000,"[{""end_in_validation_block"": 8000, ""inter_spike_interval_units"": ""time_unit"", ""isi_rel_error"": 0.0002944640753826924, ""mean_gap"": 0.0019715050943855837, ""mean_isi_pred"": 11.323333333333332, ""mean_isi_true"": 11.32, ""nrmse"": 0.22086458230521824, ""nrmse_x"": 0.3402452193246713, ""penalty"": 0.0, ""score"": 0.2424982482425651, ""spike_count_pred"": 4, ""spike_count_true"": 4, ""spike_frequency_pred"": 0.05, ""spike_frequency_rel_error"": 0.0, ""spike_frequency_true"": 0.05, ""spike_frequency_units"": ""inverse_time_unit"", ""stable"": true, ""start_in_validation_block"": 0, ""std_ratio"": 1.0008818772974508, ""window_index"": 0}, {""end_in_validation_block"": 16000, ""inter_spike_interval_units"": ""time_unit"", ""isi_rel_error"": 0.002473806752037174, ""mean_gap"": 0.00046928554444983976, ""mean_isi_pred"": 22.85, ""mean_isi_true"": 22.906666666666666, ""nrmse"": 0.31009863453287195, ""nrmse_x"": 0.34393986952166283, ""penalty"": 0.0, ""score"": 0.2679284902461511, ""spike_count_pred"": 4, ""spike_count_true"": 4, ""spike_frequency_pred"": 0.05, ""spike_frequency_rel_error"": 0.0, ""spike_frequency_true"": 0.05, ""spike_frequency_units"": ""inverse_time_unit"", ""stable"": true, ""start_in_validation_block"": 8000, ""std_ratio"": 0.9997567185871572, ""window_index"": 1}, {""end_in_validation_block"": 24000, ""inter_spike_interval_units"": ""time_unit"", ""isi_rel_error"": 1.0, ""mean_gap"": 2.0314848072724168, ""mean_isi_pred"": 10.06, ""mean_isi_true"": 0.0, ""nrmse"": 1.4387347974311409, ""nrmse_x"": 3.712097047664074, ""penalty"": 2.0314848072724168, ""score"": 5.932821882845443, ""spike_count_pred"": 2, ""spike_count_true"": 0, ""spike_frequency_pred"": 0.025, ""spike_frequency_rel_error"": 1.0, ""spike_frequency_true"": 0.0, ""spike_frequency_units"": ""inverse_time_unit"", ""stable"": true, ""start_in_validation_block"": 16000, ""std_ratio"": 2.729810118573655, ""window_index"": 2}]",481,8000,time_unit,0.0002944640753826924,0.0019715050943855837,11.323333333333332,11.32,0.22086458230521824,0.3402452193246713,0.0,0.2424982482425651,4,4,0.05,0.0,0.05,inverse_time_unit,True,0,1.0008818772974508,16000,time_unit,0.002473806752037174,0.00046928554444983976,22.85,22.906666666666666,0.31009863453287195,0.34393986952166283,0.0,0.2679284902461511,4,4,0.05,0.0,0.05,inverse_time_unit,True,8000,0.9997567185871572,24000,time_unit,1.0,2.0314848072724168,10.06,0.0,1.4387347974311409,3.712097047664074,2.0314848072724168,5.932821882845443,2,0,0.025,1.0,0.0,inverse_time_unit,True,16000,2.729810118573655
342,0.001411659737545813,1,[42],0.27132594168358926,20,0.6659964079259317,dummy,142,0.08917583439236088,ok,ok,3.683259431622207e-06,42,0.6556558592206356,mean,1.1307784925612792,True,True,mean_plus_max,0.0,time_unit,0.00038804811796663683,0.3324368628409507,11.417777777777777,11.408888888888889,0.4838360104825812,0.47376879141135286,3,0.0,0.6556558592206356,0.6556558592206356,0.6556558592206356,0.6556558592206356,0.0,2.6666666666666665,2.6666666666666665,0.03333333333333333,0.0,0.03333333333333333,inverse_time_unit,1.2812018922353905,8000,"[{""end_in_validation_block"": 8000, ""inter_spike_interval_units"": ""time_unit"", ""isi_rel_error"": 0.0, ""mean_gap"": 2.4623125884560718e-05, ""mean_isi_pred"": 11.32, ""mean_isi_true"": 11.32, ""nrmse"": 0.0031201799080882607, ""nrmse_x"": 0.004789708247499568, ""penalty"": 0.0, ""score"": 0.0034143845131468275, ""spike_count_pred"": 4, ""spike_count_true"": 4, ""spike_frequency_pred"": 0.05, ""spike_frequency_rel_error"": 0.0, ""spike_frequency_true"": 0.05, ""spike_frequency_units"": ""inverse_time_unit"", ""stable"": true, ""start_in_validation_block"": 0, ""std_ratio"": 0.9999797932580613, ""window_index"": 0}, {""end_in_validation_block"": 16000, ""inter_spike_interval_units"": ""time_unit"", ""isi_rel_error"": 0.0011641443538999104, ""mean_gap"": 5.226325989147621e-06, ""mean_isi_pred"": 22.933333333333334, ""mean_isi_true"": 22.906666666666666, ""nrmse"": 0.05282740956963828, ""nrmse_x"": 0.05864415950192696, ""penalty"": 0.0, ""score"": 0.046043212295419356, ""spike_count_pred"": 4, ""spike_count_true"": 4, ""spike_frequency_pred"": 0.05, ""spike_frequency_rel_error"": 0.0, ""spike_frequency_true"": 0.05, ""spike_frequency_units"": ""inverse_time_unit"", ""stable"": true, ""start_in_validation_block"": 8000, ""std_ratio"": 1.0000108031557275, ""window_index"": 1}, {""end_in_validation_block"": 24000, ""inter_spike_interval_units"": ""time_unit"", ""isi_rel_error"": 0.0, ""mean_gap"": 0.9972807390709784, ""mean_isi_pred"": 0.0, ""mean_isi_true"": 0.0, ""nrmse"": 1.395560441970017, ""nrmse_x"": 1.357872506484632, ""penalty"": 0.0, ""score"": 1.0957199890590519, ""spike_count_pred"": 0, ""spike_count_true"": 0, ""spike_frequency_pred"": 0.0, ""spike_frequency_rel_error"": 0.0, ""spike_frequency_true"": 0.0, ""spike_frequency_units"": ""inverse_time_unit"", ""stable"": true, ""start_in_validation_block"": 16000, ""std_ratio"": 1.8436150802923823, ""window_index"": 2}]",72,8000,time_unit,0.0,2.4623125884560718e-05,11.32,11.32,0.0031201799080882607,0.004789708247499568,0.0,0.0034143845131468275,4,4,0.05,0.0,0.05,inverse_time_unit,True,0,0.9999797932580613,16000,time_unit,0.0011641443538999104,5.226325989147621e-06,22.933333333333334,22.906666666666666,0.05282740956963828,0.05864415950192696,0.0,0.046043212295419356,4,4,0.05,0.0,0.05,inverse_time_unit,True,8000,1.0000108031557275,24000,time_unit,0.0,0.9972807390709784,0.0,0.0,1.395560441970017,1.357872506484632,0.0,1.0957199890590519,0,0,0.0,0.0,0.0,inverse_time_unit,True,16000,1.8436150802923823
523,0.001411659737545813,1,[42],0.4686095815063114,21,0.34340043062487724,dummy,142,0.06152096312040688,ok,ok,0.00019499005042669166,42,8.705798365560828,mean,0.7529113547081286,True,True,mean_plus_max,0.0,time_unit,0.6995237684770053,2.1949511914940367,6.813515151515151,11.408888888888889,2.051920832049796,3.3270046303219747,3,1.9027558122788542,8.705798365560828,8.705798365560828,8.705798365560828,8.705798365560828,0.0,10.0,2.6666666666666665,0.125,1.1666666666666665,0.03333333333333333,inverse_time_unit,2.253839293573748,8000,"[{""end_in_validation_block"": 8000, ""inter_spike_interval_units"": ""time_unit"", ""isi_rel_error"": 0.3952296819787986, ""mean_gap"": 0.14272380029030715, ""mean_isi_pred"": 6.846, ""mean_isi_true"": 11.32, ""nrmse"": 0.7460710875063162, ""nrmse_x"": 0.9782034227409585, ""penalty"": 0.0, ""score"": 1.4221444953735052, ""spike_count_pred"": 6, ""spike_count_true"": 4, ""spike_frequency_pred"": 0.075, ""spike_frequency_rel_error"": 0.4999999999999999, ""spike_frequency_true"": 0.05, ""spike_frequency_units"": ""inverse_time_unit"", ""stable"": true, ""start_in_validation_block"": 0, ""std_ratio"": 1.16128162221735, ""window_index"": 0}, {""end_in_validation_block"": 16000, ""inter_spike_interval_units"": ""time_unit"", ""isi_rel_error"": 0.7033416234522171, ""mean_gap"": 0.733862337355241, ""mean_isi_pred"": 6.795454545454545, ""mean_isi_true"": 22.906666666666666, ""nrmse"": 2.844285215785603, ""nrmse_x"": 1.865526821501054, ""penalty"": 0.0, ""score"": 4.088781867498089, ""spike_count_pred"": 12, ""spike_count_true"": 4, ""spike_frequency_pred"": 0.15, ""spike_frequency_rel_error"": 1.9999999999999998, ""spike_frequency_true"": 0.05, ""spike_frequency_units"": ""inverse_time_unit"", ""stable"": true, ""start_in_validation_block"": 8000, ""std_ratio"": 1.4555768747658537, ""window_index"": 1}, {""end_in_validation_block"": 24000, ""inter_spike_interval_units"": ""time_unit"", ""isi_rel_error"": 1.0, ""mean_gap"": 5.708267436836563, ""mean_isi_pred"": 6.799090909090909, ""mean_isi_true"": 0.0, ""nrmse"": 2.5654061928574694, ""nrmse_x"": 7.137283646723912, ""penalty"": 5.708267436836563, ""score"": 11.775124990749081, ""spike_count_pred"": 12, ""spike_count_true"": 0, ""spike_frequency_pred"": 0.15, ""spike_frequency_rel_error"": 1.0, ""spike_frequency_true"": 0.0, ""spike_frequency_units"": ""inverse_time_unit"", ""stable"": true, ""start_in_validation_block"": 16000, ""std_ratio"": 4.14465938373804, ""window_index"": 2}]",413,8000,time_unit,0.3952296819787986,0.14272380029030715,6.846,11.32,0.7460710875063162,0.9782034227409585,0.0,1.4221444953735052,6,4,0.075,0.4999999999999999,0.05,inverse_time_unit,True,0,1.16128162221735,16000,time_unit,0.7033416234522171,0.733862337355241,6.795454545454545,22.906666666666666,2.844285215785603,1.865526821501054,0.0,4.088781867498089,12,4,0.15,1.9999999999999998,0.05,inverse_time_unit,True,8000,1.4555768747658537,24000,time_unit,1.0,5.708267436836563,6.799090909090909,0.0,2.5654061928574694,7.137283646723912,5.708267436836563,11.775124990749081,12,0,0.15,1.0,0.0,inverse_time_unit,True,16000,4.14465938373804
702,0.001411659737545813,1,[42],0.3316591909672046,22,0.3087133602846403,dummy,142,0.12479651849065881,ok,ok,8.1765024296593e-05,42,0.07169428220214928,mean,0.9845532778216972,True,True,mean_plus_max,0.0,time_unit,0.0010671323244082385,0.0037177124697545558,11.433333333333332,11.408888888888889,0.048295012104088465,0.05573691357877334,3,0.0,0.07169428220214928,0.07169428220214928,0.07169428220214928,0.07169428220214928,0.0,2.6666666666666665,2.6666666666666665,0.03333333333333333,0.0,0.03333333333333333,inverse_time_unit,1.002389874361395,8000,"[{""end_in_validation_block"": 8000, ""inter_spike_interval_units"": ""time_unit"", ""isi_rel_error"": 0.0, ""mean_gap"": 1.8728108556238608e-05, ""mean_isi_pred"": 11.32, ""mean_isi_true"": 11.32, ""nrmse"": 0.003257221295657948, ""nrmse_x"": 0.005002923297548598, ""penalty"": 0.0, ""score"": 0.0035659131375662158, ""spike_count_pred"": 4, ""spike_count_true"": 4, ""spike_frequency_pred"": 0.05, ""spike_frequency_rel_error"": 0.0, ""spike_frequency_true"": 0.05, ""spike_frequency_units"": ""inverse_time_unit"", ""stable"": true, ""start_in_validation_block"": 0, ""std_ratio"": 1.000022188927747, ""window_index"": 0}, {""end_in_validation_block"": 16000, ""inter_spike_interval_units"": ""time_unit"", ""isi_rel_error"": 0.0032013969732247152, ""mean_gap"": 0.00020215556787699055, ""mean_isi_pred"": 22.98, ""mean_isi_true"": 22.906666666666666, ""nrmse"": 0.13021033365021198, ""nrmse_x"": 0.14467883687859165, ""penalty"": 0.0, ""score"": 0.11372664218239077, ""spike_count_pred"": 4, ""spike_count_true"": 4, ""spike_frequency_pred"": 0.05, ""spike_frequency_rel_error"": 0.0, ""spike_frequency_true"": 0.05, ""spike_frequency_units"": ""inverse_time_unit"", ""stable"": true, ""start_in_validation_block"": 8000, ""std_ratio"": 1.0001047406261654, ""window_index"": 1}, {""end_in_validation_block"": 24000, ""inter_spike_interval_units"": ""time_unit"", ""isi_rel_error"": 0.0, ""mean_gap"": 0.010932253732830438, ""mean_isi_pred"": 0.0, ""mean_isi_true"": 0.0, ""nrmse"": 0.011417481366395466, ""nrmse_x"": 0.01752898056017979, ""penalty"": 0.0, ""score"": 0.012495309649697754, ""spike_count_pred"": 0, ""spike_count_true"": 0, ""spike_frequency_pred"": 0.0, ""spike_frequency_rel_error"": 0.0, ""spike_frequency_true"": 0.0, ""spike_frequency_units"": ""inverse_time_unit"", ""stable"": true, ""start_in_validation_block"": 16000, ""std_ratio"": 1.0070426935302725, ""window_index"": 2}]",355,8000,time_unit,0.0,1.8728108556238608e-05,11.32,11.32,0.003257221295657948,0.005002923297548598,0.0,0.0035659131375662158,4,4,0.05,0.0,0.05,inverse_time_unit,True,0,1.000022188927747,16000,time_unit,0.0032013969732247152,0.00020215556787699055,22.98,22.906666666666666,0.13021033365021198,0.14467883687859165,0.0,0.11372664218239077,4,4,0.05,0.0,0.05,inverse_time_unit,True,8000,1.0001047406261654,24000,time_unit,0.0,0.010932253732830438,0.0,0.0,0.011417481366395466,0.01752898056017979,0.0,0.012495309649697754,0,0,0.0,0.0,0.0,inverse_time_unit,True,16000,1.0070426935302725
698,0.001411659737545813,1,[42],0.495422523878314,23,0.5723200114709414,dummy,142,0.04121453370031769,ok,ok,8.803174700904573e-10,42,0.09920186462174314,mean,1.0810108524755084,True,True,mean_plus_max,0.0,time_unit,0.002384793358663933,0.0022364179507827946,11.440000000000003,11.408888888888889,0.06789677343326933,0.08067874026761598,3,0.0,0.09920186462174314,0.09920186462174314,0.09920186462174314,0.09920186462174314,0.0,2.6666666666666665,2.6666666666666665,0.03333333333333333,0.0,0.03333333333333333,inverse_time_unit,1.0023195164133478,8000,"[{""end_in_validation_block"": 8000, ""inter_spike_interval_units"": ""time_unit"", ""isi_rel_error"": 0.0020612485276796312, ""mean_gap"": 0.0005899383728274497, ""mean_isi_pred"": 11.296666666666667, ""mean_isi_true"": 11.32, ""nrmse"": 0.027356642721373278, ""nrmse_x"": 0.042238693684266984, ""penalty"": 0.0, ""score"": 0.03110106647052998, ""spike_count_pred"": 4, ""spike_count_true"": 4, ""spike_frequency_pred"": 0.05, ""spike_frequency_rel_error"": 0.0, ""spike_frequency_true"": 0.05, ""spike_frequency_units"": ""inverse_time_unit"", ""stable"": true, ""start_in_validation_block"": 0, ""std_ratio"": 0.9998536573204265, ""window_index"": 0}, {""end_in_validation_block"": 16000, ""inter_spike_interval_units"": ""time_unit"", ""isi_rel_error"": 0.005093131548312166, ""mean_gap"": 2.5276887671838966e-07, ""mean_isi_pred"": 23.023333333333337, ""mean_isi_true"": 22.906666666666666, ""nrmse"": 0.16732481173012836, ""nrmse_x"": 0.18594563825624, ""penalty"": 0.0, ""score"": 0.14664786974762017, ""spike_count_pred"": 4, ""spike_count_true"": 4, ""spike_frequency_pred"": 0.05, ""spike_frequency_rel_error"": 0.0, ""spike_frequency_true"": 0.05, ""spike_frequency_units"": ""inverse_time_unit"", ""stable"": true, ""start_in_validation_block"": 8000, ""std_ratio"": 1.0000126087744674, ""window_index"": 1}, {""end_in_validation_block"": 24000, ""inter_spike_interval_units"": ""time_unit"", ""isi_rel_error"": 0.0, ""mean_gap"": 0.006119062710644216, ""mean_isi_pred"": 0.0, ""mean_isi_true"": 0.0, ""nrmse"": 0.009008865848306334, ""nrmse_x"": 0.013851888862340995, ""penalty"": 0.0, ""score"": 0.009870755336364131, ""spike_count_pred"": 0, ""spike_count_true"": 0, ""spike_frequency_pred"": 0.0, ""spike_frequency_rel_error"": 0.0, ""spike_frequency_true"": 0.0, ""spike_frequency_units"": ""inverse_time_unit"", ""stable"": true, ""start_in_validation_block"": 16000, ""std_ratio"": 1.0070922831451496, ""window_index"": 2}]",340,8000,time_unit,0.0020612485276796312,0.0005899383728274497,11.296666666666667,11.32,0.027356642721373278,0.042238693684266984,0.0,0.03110106647052998,4,4,0.05,0.0,0.05,inverse_time_unit,True,0,0.9998536573204265,16000,time_unit,0.005093131548312166,2.5276887671838966e-07,23.023333333333337,22.906666666666666,0.16732481173012836,0.18594563825624,0.0,0.14664786974762017,4,4,0.05,0.0,0.05,inverse_time_unit,True,8000,1.0000126087744674,24000,time_unit,0.0,0.006119062710644216,0.0,0.0,0.009008865848306334,0.013851888862340995,0.0,0.009870755336364131,0,0,0.0,0.0,0.0,inverse_time_unit,True,16000,1.0070922831451496
519,0.0010159522701534943,1,[42],0.43140645788703313,24,0.4985511716185056,dummy,142,0.08166559813148597,ok,ok,7.43838077623047e-10,42,0.0010159522701534943,mean,0.9584533746842216,True,True,mean_plus_max,0.0,time_unit,4.8506014745784366e-05,1.6196858973538418e-05,11.40777777777778,11.408888888888889,0.0006908155533815021,0.000834180429686035,3,0.0,0.0010159522701534943,0.0010159522701534943,0.0010159522701534943,0.0010159522701534943,0.0,2.6666666666666665,2.6666666666666665,0.03333333333333333,0.0,0.03333333333333333,inverse_time_unit,0.9999803635749003,8000,"[{""end_in_validation_block"": 8000, ""inter_spike_interval_units"": ""time_unit"", ""isi_rel_error"": 0.0, ""mean_gap"": 3.5281838907777386e-06, ""mean_isi_pred"": 11.32, ""mean_isi_true"": 11.32, ""nrmse"": 0.00042781730187534854, ""nrmse_x"": 0.0006584284916309353, ""penalty"": 0.0, ""score"": 0.00046908999586585154, ""spike_count_pred"": 4, ""spike_count_true"": 4, ""spike_frequency_pred"": 0.05, ""spike_frequency_rel_error"": 0.0, ""spike_frequency_true"": 0.05, ""spike_frequency_units"": ""inverse_time_unit"", ""stable"": true, ""start_in_validation_block"": 0, ""std_ratio"": 0.9999979477547227, ""window_index"": 0}, {""end_in_validation_block"": 16000, ""inter_spike_interval_units"": ""time_unit"", ""isi_rel_error"": 0.0001455180442373531, ""mean_gap"": 1.978857944139477e-06, ""mean_isi_pred"": 22.903333333333336, ""mean_isi_true"": 22.906666666666666, ""nrmse"": 0.0015902123295742884, ""nrmse_x"": 0.001764495359853418, ""penalty"": 0.0, ""score"": 0.0014407845524316287, ""spike_count_pred"": 4, ""spike_count_true"": 4, ""spike_frequency_pred"": 0.05, ""spike_frequency_rel_error"": 0.0, ""spike_frequency_true"": 0.05, ""spike_frequency_units"": ""inverse_time_unit"", ""stable"": true, ""start_in_validation_block"": 8000, ""std_ratio"": 1.0000008201039603, ""window_index"": 1}, {""end_in_validation_block"": 24000, ""inter_spike_interval_units"": ""time_unit"", ""isi_rel_error"": 0.0, ""mean_gap"": 4.3083535085698034e-05, ""mean_isi_pred"": 0.0, ""mean_isi_true"": 0.0, ""nrmse"": 5.441702869486969e-05, ""nrmse_x"": 7.961743757375191e-05, ""penalty"": 0.0, ""score"": 5.739384783928098e-05, ""spike_count_pred"": 0, ""spike_count_true"": 0, ""spike_frequency_pred"": 0.0, ""spike_frequency_rel_error"": 0.0, ""spike_frequency_true"": 0.0, ""spike_frequency_units"": ""inverse_time_unit"", ""stable"": true, ""start_in_validation_block"": 16000, ""std_ratio"": 0.9999423228660179, ""window_index"": 2}]",275,8000,time_unit,0.0,3.5281838907777386e-06,11.32,11.32,0.00042781730187534854,0.0006584284916309353,0.0,0.00046908999586585154,4,4,0.05,0.0,0.05,inverse_time_unit,True,0,0.9999979477547227,16000,time_unit,0.0001455180442373531,1.978857944139477e-06,22.903333333333336,22.906666666666666,0.0015902123295742884,0.001764495359853418,0.0,0.0014407845524316287,4,4,0.05,0.0,0.05,inverse_time_unit,True,8000,1.0000008201039603,24000,time_unit,0.0,4.3083535085698034e-05,0.0,0.0,5.441702869486969e-05,7.961743757375191e-05,0.0,5.739384783928098e-05,0,0,0.0,0.0,0.0,inverse_time_unit,True,16000,0.9999423228660179
665,0.0010159522701534943,1,[42],0.45808993949224797,25,0.6326715489578146,dummy,142,0.024892614292874444,ok,ok,2.717108284700747e-08,42,0.004244725466621651,mean,0.5897297419709954,True,True,mean_plus_max,0.0,time_unit,4.8506014745784366e-05,8.01259752279613e-05,11.40777777777778,11.408888888888889,0.002897568918489036,0.003322741488258146,3,0.0,0.004244725466621651,0.004244725466621651,0.004244725466621651,0.004244725466621651,0.0,2.6666666666666665,2.6666666666666665,0.03333333333333333,0.0,0.03333333333333333,inverse_time_unit,0.9999281282597622,8000,"[{""end_in_validation_block"": 8000, ""inter_spike_interval_units"": ""time_unit"", ""isi_rel_error"": 0.0, ""mean_gap"": 5.568169047555917e-06, ""mean_isi_pred"": 11.32, ""mean_isi_true"": 11.32, ""nrmse"": 0.0006810155025299892, ""nrmse_x"": 0.0010476928458852755, ""penalty"": 0.0, ""score"": 0.0007464849408693988, ""spike_count_pred"": 4, ""spike_count_true"": 4, ""spike_frequency_pred"": 0.05, ""spike_frequency_rel_error"": 0.0, ""spike_frequency_true"": 0.05, ""spike_frequency_units"": ""inverse_time_unit"", ""stable"": true, ""start_in_validation_block"": 0, ""std_ratio"": 1.0000007379273501, ""window_index"": 0}, {""end_in_validation_block"": 16000, ""inter_spike_interval_units"": ""time_unit"", ""isi_rel_error"": 0.0001455180442373531, ""mean_gap"": 1.0961355428690397e-05, ""mean_isi_pred"": 22.903333333333336, ""mean_isi_true"": 22.906666666666666, ""nrmse"": 0.007670389143702702, ""nrmse_x"": 0.008516242429624956, ""penalty"": 0.0, ""score"": 0.006674289644338078, ""spike_count_pred"": 4, ""spike_count_true"": 4, ""spike_frequency_pred"": 0.05, ""spike_frequency_rel_error"": 0.0, ""spike_frequency_true"": 0.05, ""spike_frequency_units"": ""inverse_time_unit"", ""stable"": true, ""start_in_validation_block"": 8000, ""std_ratio"": 1.0000045776445583, ""window_index"": 1}, {""end_in_validation_block"": 24000, ""inter_spike_interval_units"": ""time_unit"", ""isi_rel_error"": 0.0, ""mean_gap"": 0.0002238484012076376, ""mean_isi_pred"": 0.0, ""mean_isi_true"": 0.0, ""nrmse"": 0.0003413021092344146, ""nrmse_x"": 0.00040428918926420484, ""penalty"": 0.0, ""score"": 0.00030768458140391635, ""spike_count_pred"": 0, ""spike_count_true"": 0, ""spike_frequency_pred"": 0.0, ""spike_frequency_rel_error"": 0.0, ""spike_frequency_true"": 0.0, ""spike_frequency_units"": ""inverse_time_unit"", ""stable"": true, ""start_in_validation_block"": 16000, ""std_ratio"": 0.9997790692073784, ""window_index"": 2}]",478,8000,time_unit,0.0,5.568169047555917e-06,11.32,11.32,0.0006810155025299892,0.0010476928458852755,0.0,0.0007464849408693988,4,4,0.05,0.0,0.05,inverse_time_unit,True,0,1.0000007379273501,16000,time_unit,0.0001455180442373531,1.0961355428690397e-05,22.903333333333336,22.906666666666666,0.007670389143702702,0.008516242429624956,0.0,0.006674289644338078,4,4,0.05,0.0,0.05,inverse_time_unit,True,8000,1.0000045776445583,24000,time_unit,0.0,0.0002238484012076376,0.0,0.0,0.0003413021092344146,0.00040428918926420484,0.0,0.00030768458140391635,0,0,0.0,0.0,0.0,inverse_time_unit,True,16000,0.9997790692073784
475,0.0010159522701534943,1,[42],0.8497005494460994,26,0.1558808210664033,dummy,142,0.16842505176935613,ok,ok,0.0004625492903709048,42,3.71895359143955,mean,0.6398811294608056,True,True,mean_plus_max,0.0,time_unit,0.6666666666666666,0.8257898059257704,0.0,11.408888888888889,1.6786229643532458,1.3154175150310399,3,0.7371165619326189,3.71895359143955,3.71895359143955,3.71895359143955,3.71895359143955,0.0,0.0,2.6666666666666665,0.0,0.6666666666666666,0.03333333333333333,inverse_time_unit,0.03915173920916732,8000,"[{""end_in_validation_block"": 8000, ""inter_spike_interval_units"": ""time_unit"", ""isi_rel_error"": 1.0, ""mean_gap"": 0.42108113899034644, ""mean_isi_pred"": 0.0, ""mean_isi_true"": 11.32, ""nrmse"": 1.4759881353901252, ""nrmse_x"": 1.0662985922468815, ""penalty"": 0.0, ""score"": 2.4554612595833163, ""spike_count_pred"": 0, ""spike_count_true"": 4, ""spike_frequency_pred"": 0.0, ""spike_frequency_rel_error"": 1.0, ""spike_frequency_true"": 0.05, ""spike_frequency_units"": ""inverse_time_unit"", ""stable"": true, ""start_in_validation_block"": 0, ""std_ratio"": 0.11745521762750162, ""window_index"": 0}, {""end_in_validation_block"": 16000, ""inter_spike_interval_units"": ""time_unit"", ""isi_rel_error"": 1.0, ""mean_gap"": 0.8449385929891069, ""mean_isi_pred"": 0.0, ""mean_isi_true"": 22.906666666666666, ""nrmse"": 2.539056568432799, ""nrmse_x"": 1.3091681427236197, ""penalty"": 0.4999999999999996, ""score"": 3.35480662060619, ""spike_count_pred"": 0, ""spike_count_true"": 4, ""spike_frequency_pred"": 0.0, ""spike_frequency_rel_error"": 1.0, ""spike_frequency_true"": 0.05, ""spike_frequency_units"": ""inverse_time_unit"", ""stable"": true, ""start_in_validation_block"": 8000, ""std_ratio"": 8.91022195718469e-17, ""window_index"": 1}, {""end_in_validation_block"": 24000, ""inter_spike_interval_units"": ""time_unit"", ""isi_rel_error"": 0.0, ""mean_gap"": 1.211349685797858, ""mean_isi_pred"": 0.0, ""mean_isi_true"": 0.0, ""nrmse"": 1.0208241892368126, ""nrmse_x"": 1.570785810122618, ""penalty"": 1.711349685797857, ""score"": 2.8304879286745, ""spike_count_pred"": 0, ""spike_count_true"": 0, ""spike_frequency_pred"": 0.0, ""spike_frequency_rel_error"": 0.0, ""spike_frequency_true"": 0.0, ""spike_frequency_units"": ""inverse_time_unit"", ""stable"": true, ""start_in_validation_block"": 16000, ""std_ratio"": 2.5405381947119134e-16, ""window_index"": 2}]",83,8000,time_unit,1.0,0.42108113899034644,0.0,11.32,1.4759881353901252,1.0662985922468815,0.0,2.4554612595833163,0,4,0.0,1.0,0.05,inverse_time_unit,True,0,0.11745521762750162,16000,time_unit,1.0,0.8449385929891069,0.0,22.906666666666666,2.539056568432799,1.3091681427236197,0.4999999999999996,3.35480662060619,0,4,0.0,1.0,0.05,inverse_time_unit,True,8000,8.91022195718469e-17,24000,time_unit,0.0,1.211349685797858,0.0,0.0,1.0208241892368126,1.570785810122618,1.711349685797857,2.8304879286745,0,0,0.0,0.0,0.0,inverse_time_unit,True,16000,2.5405381947119134e-16
252,0.0010159522701534943,1,[42],0.775420323547055,27,0.29476596001595934,dummy,142,0.0868989654175205,ok,ok,4.501606207923038e-06,42,3.85138534634948,mean,0.8853554302455064,True,True,mean_plus_max,0.0,time_unit,0.33372252411360254,0.8229656779240293,16.234444444444446,11.408888888888889,0.5269176393706537,1.3755085132288452,3,0.8229065373796982,3.85138534634948,3.85138534634948,3.85138534634948,3.85138534634948,0.0,3.6666666666666665,2.6666666666666665,0.04583333333333334,0.3333333333333333,0.03333333333333333,inverse_time_unit,1.5646895294116518,8000,"[{""end_in_validation_block"": 8000, ""inter_spike_interval_units"": ""time_unit"", ""isi_rel_error"": 0.0002944640753826924, ""mean_gap"": 5.7519917343639814e-05, ""mean_isi_pred"": 11.316666666666668, ""mean_isi_true"": 11.32, ""nrmse"": 0.01639864183965039, ""nrmse_x"": 0.02524917833442759, ""penalty"": 0.0, ""score"": 0.01813394058153912, ""spike_count_pred"": 4, ""spike_count_true"": 4, ""spike_frequency_pred"": 0.05, ""spike_frequency_rel_error"": 0.0, ""spike_frequency_true"": 0.05, ""spike_frequency_units"": ""inverse_time_unit"", ""stable"": true, ""start_in_validation_block"": 0, ""std_ratio"": 0.9999654772747224, ""window_index"": 0}, {""end_in_validation_block"": 16000, ""inter_spike_interval_units"": ""time_unit"", ""isi_rel_error"": 0.0008731082654248941, ""mean_gap"": 0.00011990171564953353, ""mean_isi_pred"": 22.886666666666667, ""mean_isi_true"": 22.906666666666666, ""nrmse"": 0.0644054492412035, ""nrmse_x"": 0.07146969417465371, ""penalty"": 0.0, ""score"": 0.05584624823907286, ""spike_count_pred"": 4, ""spike_count_true"": 4, ""spike_frequency_pred"": 0.05, ""spike_frequency_rel_error"": 0.0, ""spike_frequency_true"": 0.05, ""spike_frequency_units"": ""inverse_time_unit"", ""stable"": true, ""start_in_validation_block"": 8000, ""std_ratio"": 1.0000590813422292, ""window_index"": 1}, {""end_in_validation_block"": 24000, ""inter_spike_interval_units"": ""time_unit"", ""isi_rel_error"": 1.0, ""mean_gap"": 2.4687196121390946, ""mean_isi_pred"": 14.5, ""mean_isi_true"": 0.0, ""nrmse"": 1.4999488270311074, ""nrmse_x"": 4.029806667177454, ""penalty"": 2.4687196121390946, ""score"": 6.5601004858444725, ""spike_count_pred"": 3, ""spike_count_true"": 0, ""spike_frequency_pred"": 0.0375, ""spike_frequency_rel_error"": 1.0, ""spike_frequency_true"": 0.0, ""spike_frequency_units"": ""inverse_time_unit"", ""stable"": true, ""start_in_validation_block"": 16000, ""std_ratio"": 2.6940440296180044, ""window_index"": 2}]",55,8000,time_unit,0.0002944640753826924,5.7519917343639814e-05,11.316666666666668,11.32,0.01639864183965039,0.02524917833442759,0.0,0.01813394058153912,4,4,0.05,0.0,0.05,inverse_time_unit,True,0,0.9999654772747224,16000,time_unit,0.0008731082654248941,0.00011990171564953353,22.886666666666667,22.906666666666666,0.0644054492412035,0.07146969417465371,0.0,0.05584624823907286,4,4,0.05,0.0,0.05,inverse_time_unit,True,8000,1.0000590813422292,24000,time_unit,1.0,2.4687196121390946,14.5,0.0,1.4999488270311074,4.029806667177454,2.4687196121390946,6.5601004858444725,3,0,0.0375,1.0,0.0,inverse_time_unit,True,16000,2.6940440296180044
546,0.0010159522701534943,1,[42],0.7240887007440391,28,0.1650100917128861,dummy,142,0.022199651981952305,ok,ok,0.00027824254965896233,42,20.581011493676378,mean,0.6502516907128715,True,True,mean_plus_max,0.0,time_unit,0.5680212014134276,7.780032755702514,1.1166666666666667,11.408888888888889,3.9745635070267364,8.364522241017083,3,8.113366089035836,20.581011493676378,20.581011493676378,20.581011493676378,20.581011493676378,0.0,0.6666666666666666,2.6666666666666665,0.008333333333333333,0.5,0.03333333333333333,inverse_time_unit,0.8393556340286615,8000,"[{""end_in_validation_block"": 8000, ""inter_spike_interval_units"": ""time_unit"", ""isi_rel_error"": 0.7040636042402827, ""mean_gap"": 2.110132274794343, ""mean_isi_pred"": 3.35, ""mean_isi_true"": 11.32, ""nrmse"": 2.6332262955280807, ""nrmse_x"": 3.752774978972089, ""penalty"": 2.110132274794343, ""score"": 5.684496889231154, ""spike_count_pred"": 2, ""spike_count_true"": 4, ""spike_frequency_pred"": 0.025, ""spike_frequency_rel_error"": 0.5, ""spike_frequency_true"": 0.05, ""spike_frequency_units"": ""inverse_time_unit"", ""stable"": true, ""start_in_validation_block"": 0, ""std_ratio"": 2.5180669020859776, ""window_index"": 0}, {""end_in_validation_block"": 16000, ""inter_spike_interval_units"": ""time_unit"", ""isi_rel_error"": 1.0, ""mean_gap"": 6.452548292533394, ""mean_isi_pred"": 0.0, ""mean_isi_true"": 22.906666666666666, ""nrmse"": 5.552699729742681, ""nrmse_x"": 6.529577280917624, ""penalty"": 6.952548292533384, ""score"": 13.431990729473748, ""spike_count_pred"": 0, ""spike_count_true"": 4, ""spike_frequency_pred"": 0.0, ""spike_frequency_rel_error"": 1.0, ""spike_frequency_true"": 0.05, ""spike_frequency_units"": ""inverse_time_unit"", ""stable"": true, ""start_in_validation_block"": 8000, ""std_ratio"": 1.9008473508660673e-15, ""window_index"": 1}, {""end_in_validation_block"": 24000, ""inter_spike_interval_units"": ""time_unit"", ""isi_rel_error"": 0.0, ""mean_gap"": 14.777417699779807, ""mean_isi_pred"": 0.0, ""mean_isi_true"": 0.0, ""nrmse"": 3.7377644958094476, ""nrmse_x"": 14.811214463161532, ""penalty"": 15.27741769977978, ""score"": 24.358026778470986, ""spike_count_pred"": 0, ""spike_count_true"": 0, ""spike_frequency_pred"": 0.0, ""spike_frequency_rel_error"": 0.0, ""spike_frequency_true"": 0.0, ""spike_frequency_units"": ""inverse_time_unit"", ""stable"": true, ""start_in_validation_block"": 16000, ""std_ratio"": 5.4198148153854145e-15, ""window_index"": 2}]",318,8000,time_unit,0.7040636042402827,2.110132274794343,3.35,11.32,2.6332262955280807,3.752774978972089,2.110132274794343,5.684496889231154,2,4,0.025,0.5,0.05,inverse_time_unit,True,0,2.5180669020859776,16000,time_unit,1.0,6.452548292533394,0.0,22.906666666666666,5.552699729742681,6.529577280917624,6.952548292533384,13.431990729473748,0,4,0.0,1.0,0.05,inverse_time_unit,True,8000,1.9008473508660673e-15,24000,time_unit,0.0,14.777417699779807,0.0,0.0,3.7377644958094476,14.811214463161532,15.27741769977978,24.358026778470986,0,0,0.0,0.0,0.0,inverse_time_unit,True,16000,5.4198148153854145e-15
409,0.0010159522701534943,1,[42],0.21031664728885796,29,0.32235244957036113,dummy,142,0.1363338586115168,ok,ok,2.019564464222283e-06,42,0.015077885005154841,mean,0.8455965185990504,True,True,mean_plus_max,0.0,time_unit,0.0003406847655234111,0.000703461829165918,11.413333333333334,11.408888888888889,0.010390205789046243,0.012288852530309152,3,0.0,0.015077885005154841,0.015077885005154841,0.015077885005154841,0.015077885005154841,0.0,2.6666666666666665,2.6666666666666665,0.03333333333333333,0.0,0.03333333333333333,inverse_time_unit,1.0003802999754015,8000,"[{""end_in_validation_block"": 8000, ""inter_spike_interval_units"": ""time_unit"", ""isi_rel_error"": 0.0002944640753826924, ""mean_gap"": 6.332278470007535e-05, ""mean_isi_pred"": 11.316666666666668, ""mean_isi_true"": 11.32, ""nrmse"": 0.003564481362076008, ""nrmse_x"": 0.005478848129271188, ""penalty"": 0.0, ""score"": 0.004051718849309501, ""spike_count_pred"": 4, ""spike_count_true"": 4, ""spike_frequency_pred"": 0.05, ""spike_frequency_rel_error"": 0.0, ""spike_frequency_true"": 0.05, ""spike_frequency_units"": ""inverse_time_unit"", ""stable"": true, ""start_in_validation_block"": 0, ""std_ratio"": 0.9999662549377512, ""window_index"": 0}, {""end_in_validation_block"": 16000, ""inter_spike_interval_units"": ""time_unit"", ""isi_rel_error"": 0.000727590221187541, ""mean_gap"": 3.818045901927017e-05, ""mean_isi_pred"": 22.923333333333336, ""mean_isi_true"": 22.906666666666666, ""nrmse"": 0.02537293388218212, ""nrmse_x"": 0.028177201004921576, ""penalty"": 0.0, ""score"": 0.022204489133846168, ""spike_count_pred"": 4, ""spike_count_true"": 4, ""spike_frequency_pred"": 0.05, ""spike_frequency_rel_error"": 0.0, ""spike_frequency_true"": 0.05, ""spike_frequency_units"": ""inverse_time_unit"", ""stable"": true, ""start_in_validation_block"": 8000, ""std_ratio"": 1.0000183384348242, ""window_index"": 1}, {""end_in_validation_block"": 24000, ""inter_spike_interval_units"": ""time_unit"", ""isi_rel_error"": 0.0, ""mean_gap"": 0.002008882243778408, ""mean_isi_pred"": 0.0, ""mean_isi_true"": 0.0, ""nrmse"": 0.0022332021228805995, ""nrmse_x"": 0.003210508456734695, ""penalty"": 0.0, ""score"": 0.0023240801819242323, ""spike_count_pred"": 0, ""spike_count_true"": 0, ""spike_frequency_pred"": 0.0, ""spike_frequency_rel_error"": 0.0, ""spike_frequency_true"": 0.0, ""spike_frequency_units"": ""inverse_time_unit"", ""stable"": true, ""start_in_validation_block"": 16000, ""std_ratio"": 1.0011563065536289, ""window_index"": 2}]",245,8000,time_unit,0.0002944640753826924,6.332278470007535e-05,11.316666666666668,11.32,0.003564481362076008,0.005478848129271188,0.0,0.004051718849309501,4,4,0.05,0.0,0.05,inverse_time_unit,True,0,0.9999662549377512,16000,time_unit,0.000727590221187541,3.818045901927017e-05,22.923333333333336,22.906666666666666,0.02537293388218212,0.028177201004921576,0.0,0.022204489133846168,4,4,0.05,0.0,0.05,inverse_time_unit,True,8000,1.0000183384348242,24000,time_unit,0.0,0.002008882243778408,0.0,0.0,0.0022332021228805995,0.003210508456734695,0.0,0.0023240801819242323,0,0,0.0,0.0,0.0,inverse_time_unit,True,16000,1.0011563065536289
614,0.0010159522701534943,1,[42],0.35476444689626735,30,0.585379218189688,dummy,142,0.10391577496360119,ok,ok,0.0006460776706995619,42,6.837911783759364,mean,0.7137893637655572,True,True,mean_plus_max,0.0,time_unit,0.5254982970740466,1.615486651574585,10.360238095238095,11.408888888888889,1.477706298456517,2.8601829248457853,3,1.4767556439270437,6.837911783759364,6.837911783759364,6.837911783759364,6.837911783759364,0.0,7.0,2.6666666666666665,0.08750000000000001,0.75,0.03333333333333333,inverse_time_unit,2.03891185198478,8000,"[{""end_in_validation_block"": 8000, ""inter_spike_interval_units"": ""time_unit"", ""isi_rel_error"": 0.006625441696113011, ""mean_gap"": 0.1372778579281424, ""mean_isi_pred"": 11.245000000000001, ""mean_isi_true"": 11.32, ""nrmse"": 0.6828737492518997, ""nrmse_x"": 0.9349981010936133, ""penalty"": 0.0, ""score"": 0.9382801137625187, ""spike_count_pred"": 5, ""spike_count_true"": 4, ""spike_frequency_pred"": 0.0625, ""spike_frequency_rel_error"": 0.24999999999999994, ""spike_frequency_true"": 0.05, ""spike_frequency_units"": ""inverse_time_unit"", ""stable"": true, ""start_in_validation_block"": 0, ""std_ratio"": 1.0777294527528685, ""window_index"": 0}, {""end_in_validation_block"": 16000, ""inter_spike_interval_units"": ""time_unit"", ""isi_rel_error"": 0.5698694495260269, ""mean_gap"": 0.278915165014481, ""mean_isi_pred"": 9.852857142857143, ""mean_isi_true"": 22.906666666666666, ""nrmse"": 1.8560572113433653, ""nrmse_x"": 1.7915410069178468, ""penalty"": 0.0, ""score"": 2.7342965814036706, ""spike_count_pred"": 8, ""spike_count_true"": 4, ""spike_frequency_pred"": 0.1, ""spike_frequency_rel_error"": 1.0, ""spike_frequency_true"": 0.05, ""spike_frequency_units"": ""inverse_time_unit"", ""stable"": true, ""start_in_validation_block"": 8000, ""std_ratio"": 1.3079418803368483, ""window_index"": 1}, {""end_in_validation_block"": 24000, ""inter_spike_interval_units"": ""time_unit"", ""isi_rel_error"": 1.0, ""mean_gap"": 4.430266931781131, ""mean_isi_pred"": 9.982857142857144, ""mean_isi_true"": 0.0, ""nrmse"": 1.8941879347742856, ""nrmse_x"": 5.854009666525896, ""penalty"": 4.430266931781131, ""score"": 9.623519232063945, ""spike_count_pred"": 8, ""spike_count_true"": 0, ""spike_frequency_pred"": 0.1, ""spike_frequency_rel_error"": 1.0, ""spike_frequency_true"": 0.0, ""spike_frequency_units"": ""inverse_time_unit"", ""stable"": true, ""start_in_validation_block"": 16000, ""std_ratio"": 3.731064222864623, ""window_index"": 2}]",265,8000,time_unit,0.006625441696113011,0.1372778579281424,11.245000000000001,11.32,0.6828737492518997,0.9349981010936133,0.0,0.9382801137625187,5,4,0.0625,0.24999999999999994,0.05,inverse_time_unit,True,0,1.0777294527528685,16000,time_unit,0.5698694495260269,0.278915165014481,9.852857142857143,22.906666666666666,1.8560572113433653,1.7915410069178468,0.0,2.7342965814036706,8,4,0.1,1.0,0.05,inverse_time_unit,True,8000,1.3079418803368483,24000,time_unit,1.0,4.430266931781131,9.982857142857144,0.0,1.8941879347742856,5.854009666525896,4.430266931781131,9.623519232063945,8,0,0.1,1.0,0.0,inverse_time_unit,True,16000,3.731064222864623
353,0.0002338761863099599,1,[42],0.3699671951009597,1,0.5058104087973913,forest,242,0.02993674004782221,ok,ok,5.654692453186724e-10,42,0.0002338761863099599,mean,0.953301813034225,True,True,mean_plus_max,0.0,time_unit,0.0,1.9663684374207327e-05,11.408888888888889,11.408888888888889,0.00016675104219370472,0.00022789276573276164,3,0.0,0.0002338761863099599,0.0002338761863099599,0.0002338761863099599,0.0002338761863099599,0.0,2.6666666666666665,2.6666666666666665,0.03333333333333333,0.0,0.03333333333333333,inverse_time_unit,1.0000057257388246,8000,"[{""end_in_validation_block"": 8000, ""inter_spike_interval_units"": ""time_unit"", ""isi_rel_error"": 0.0, ""mean_gap"": 3.2018554093324064e-06, ""mean_isi_pred"": 11.32, ""mean_isi_true"": 11.32, ""nrmse"": 0.00024412592101659915, ""nrmse_x"": 0.0003751966148725626, ""penalty"": 0.0, ""score"": 0.00026738961843405926, ""spike_count_pred"": 4, ""spike_count_true"": 4, ""spike_frequency_pred"": 0.05, ""spike_frequency_rel_error"": 0.0, ""spike_frequency_true"": 0.05, ""spike_frequency_units"": ""inverse_time_unit"", ""stable"": true, ""start_in_validation_block"": 0, ""std_ratio"": 1.0000016833715468, ""window_index"": 0}, {""end_in_validation_block"": 16000, ""inter_spike_interval_units"": ""time_unit"", ""isi_rel_error"": 0.0, ""mean_gap"": 1.5025228902583972e-06, ""mean_isi_pred"": 22.906666666666666, ""mean_isi_true"": 22.906666666666666, ""nrmse"": 0.0002079479230129548, ""nrmse_x"": 0.00022988730399073438, ""penalty"": 0.0, ""score"": 0.0001784249979481426, ""spike_count_pred"": 4, ""spike_count_true"": 4, ""spike_frequency_pred"": 0.05, ""spike_frequency_rel_error"": 0.0, ""spike_frequency_true"": 0.05, ""spike_frequency_units"": ""inverse_time_unit"", ""stable"": true, ""start_in_validation_block"": 8000, ""std_ratio"": 1.000000612160751, ""window_index"": 1}, {""end_in_validation_block"": 24000, ""inter_spike_interval_units"": ""time_unit"", ""isi_rel_error"": 0.0, ""mean_gap"": 5.4286674823031176e-05, ""mean_isi_pred"": 0.0, ""mean_isi_true"": 0.0, ""nrmse"": 4.817928255156023e-05, ""nrmse_x"": 7.859437833498794e-05, ""penalty"": 0.0, ""score"": 5.527172872213343e-05, ""spike_count_pred"": 0, ""spike_count_true"": 0, ""spike_frequency_pred"": 0.0, ""spike_frequency_rel_error"": 0.0, ""spike_frequency_true"": 0.0, ""spike_frequency_units"": ""inverse_time_unit"", ""stable"": true, ""start_in_validation_block"": 16000, ""std_ratio"": 1.0000148816841765, ""window_index"": 2}]",389,8000,time_unit,0.0,3.2018554093324064e-06,11.32,11.32,0.00024412592101659915,0.0003751966148725626,0.0,0.00026738961843405926,4,4,0.05,0.0,0.05,inverse_time_unit,True,0,1.0000016833715468,16000,time_unit,0.0,1.5025228902583972e-06,22.906666666666666,22.906666666666666,0.0002079479230129548,0.00022988730399073438,0.0,0.0001784249979481426,4,4,0.05,0.0,0.05,inverse_time_unit,True,8000,1.000000612160751,24000,time_unit,0.0,5.4286674823031176e-05,0.0,0.0,4.817928255156023e-05,7.859437833498794e-05,0.0,5.527172872213343e-05,0,0,0.0,0.0,0.0,inverse_time_unit,True,16000,1.0000148816841765
544,0.0002338761863099599,1,[42],0.5026646275063057,2,0.207074469292392,forest,242,0.045393643743467105,ok,ok,6.216182424018618e-05,42,3.542711613495405,mean,0.8979342218049331,True,True,mean_plus_max,0.0,time_unit,0.4005059080211694,0.67444206275413,31.980555555555554,11.408888888888889,0.6231265466629469,1.345171078768222,3,0.6448364409964574,3.542711613495405,3.542711613495405,3.542711613495405,3.542711613495405,0.0,3.0,2.6666666666666665,0.0375,0.4166666666666667,0.03333333333333333,inverse_time_unit,1.4846566015922116,8000,"[{""end_in_validation_block"": 8000, ""inter_spike_interval_units"": ""time_unit"", ""isi_rel_error"": 0.0041224970553592625, ""mean_gap"": 0.0009254361051721874, ""mean_isi_pred"": 11.366666666666667, ""mean_isi_true"": 11.32, ""nrmse"": 0.050495763519758916, ""nrmse_x"": 0.0778432955175937, ""penalty"": 0.0, ""score"": 0.057499001942295895, ""spike_count_pred"": 4, ""spike_count_true"": 4, ""spike_frequency_pred"": 0.05, ""spike_frequency_rel_error"": 0.0, ""spike_frequency_true"": 0.05, ""spike_frequency_units"": ""inverse_time_unit"", ""stable"": true, ""start_in_validation_block"": 0, ""std_ratio"": 1.0000609055710927, ""window_index"": 0}, {""end_in_validation_block"": 16000, ""inter_spike_interval_units"": ""time_unit"", ""isi_rel_error"": 0.19739522700814893, ""mean_gap"": 0.08789142916784533, ""mean_isi_pred"": 18.385, ""mean_isi_true"": 22.906666666666666, ""nrmse"": 0.6163461196523211, ""nrmse_x"": 0.6737144405321867, ""penalty"": 0.0, ""score"": 0.8733270857098574, ""spike_count_pred"": 3, ""spike_count_true"": 4, ""spike_frequency_pred"": 0.0375, ""spike_frequency_rel_error"": 0.25000000000000006, ""spike_frequency_true"": 0.05, ""spike_frequency_units"": ""inverse_time_unit"", ""stable"": true, ""start_in_validation_block"": 8000, ""std_ratio"": 0.8964008701630309, ""window_index"": 1}, {""end_in_validation_block"": 24000, ""inter_spike_interval_units"": ""time_unit"", ""isi_rel_error"": 1.0, ""mean_gap"": 1.9345093229893724, ""mean_isi_pred"": 66.19, ""mean_isi_true"": 0.0, ""nrmse"": 1.2025377568167606, ""nrmse_x"": 3.283955500254886, ""penalty"": 1.9345093229893724, ""score"": 5.541319287333749, ""spike_count_pred"": 2, ""spike_count_true"": 0, ""spike_frequency_pred"": 0.025, ""spike_frequency_rel_error"": 1.0, ""spike_frequency_true"": 0.0, ""spike_frequency_units"": ""inverse_time_unit"", ""stable"": true, ""start_in_validation_block"": 16000, ""std_ratio"": 2.557508029042511, ""window_index"": 2}]",172,8000,time_unit,0.0041224970553592625,0.0009254361051721874,11.366666666666667,11.32,0.050495763519758916,0.0778432955175937,0.0,0.057499001942295895,4,4,0.05,0.0,0.05,inverse_time_unit,True,0,1.0000609055710927,16000,time_unit,0.19739522700814893,0.08789142916784533,18.385,22.906666666666666,0.6163461196523211,0.6737144405321867,0.0,0.8733270857098574,3,4,0.0375,0.25000000000000006,0.05,inverse_time_unit,True,8000,0.8964008701630309,24000,time_unit,1.0,1.9345093229893724,66.19,0.0,1.2025377568167606,3.283955500254886,1.9345093229893724,5.541319287333749,2,0,0.025,1.0,0.0,inverse_time_unit,True,16000,2.557508029042511
679,0.0002338761863099599,1,[42],0.5527582101472412,3,0.4893932410425015,forest,242,0.11479874712145936,ok,ok,1.588856229996476e-10,42,4.024757257047467,mean,0.5437324624377247,True,True,mean_plus_max,0.0,time_unit,0.6666666666666666,0.8660761323934715,0.0,11.408888888888889,1.7785123357206514,1.4008714532251203,3,0.8918744752874558,4.024757257047467,4.024757257047467,4.024757257047467,4.024757257047467,0.0,0.0,2.6666666666666665,0.0,0.6666666666666666,0.03333333333333333,inverse_time_unit,0.05342380471180094,8000,"[{""end_in_validation_block"": 8000, ""inter_spike_interval_units"": ""time_unit"", ""isi_rel_error"": 1.0, ""mean_gap"": 0.2404019331720722, ""mean_isi_pred"": 0.0, ""mean_isi_true"": 11.32, ""nrmse"": 1.8564988427311122, ""nrmse_x"": 1.04068893942254, ""penalty"": 0.0, ""score"": 2.536503627365175, ""spike_count_pred"": 0, ""spike_count_true"": 4, ""spike_frequency_pred"": 0.0, ""spike_frequency_rel_error"": 1.0, ""spike_frequency_true"": 0.05, ""spike_frequency_units"": ""inverse_time_unit"", ""stable"": true, ""start_in_validation_block"": 0, ""std_ratio"": 0.16023668489738438, ""window_index"": 0}, {""end_in_validation_block"": 16000, ""inter_spike_interval_units"": ""time_unit"", ""isi_rel_error"": 1.0, ""mean_gap"": 0.6820293919558824, ""mean_isi_pred"": 0.0, ""mean_isi_true"": 22.906666666666666, ""nrmse"": 1.7910881772472944, ""nrmse_x"": 1.210439878544018, ""penalty"": 0.49982637637397054, ""score"": 3.113340353885004, ""spike_count_pred"": 0, ""spike_count_true"": 4, ""spike_frequency_pred"": 0.0, ""spike_frequency_rel_error"": 1.0, ""spike_frequency_true"": 0.05, ""spike_frequency_units"": ""inverse_time_unit"", ""stable"": true, ""start_in_validation_block"": 8000, ""std_ratio"": 3.4724725205892864e-05, ""window_index"": 1}, {""end_in_validation_block"": 24000, ""inter_spike_interval_units"": ""time_unit"", ""isi_rel_error"": 0.0, ""mean_gap"": 1.67579707205246, ""mean_isi_pred"": 0.0, ""mean_isi_true"": 0.0, ""nrmse"": 1.6879499871835473, ""nrmse_x"": 1.9514855417088033, ""penalty"": 2.175797049488397, ""score"": 3.671101594224126, ""spike_count_pred"": 0, ""spike_count_true"": 0, ""spike_frequency_pred"": 0.0, ""spike_frequency_rel_error"": 0.0, ""spike_frequency_true"": 0.0, ""spike_frequency_units"": ""inverse_time_unit"", ""stable"": true, ""start_in_validation_block"": 16000, ""std_ratio"": 4.512812556941778e-09, ""window_index"": 2}]",153,8000,time_unit,1.0,0.2404019331720722,0.0,11.32,1.8564988427311122,1.04068893942254,0.0,2.536503627365175,0,4,0.0,1.0,0.05,inverse_time_unit,True,0,0.16023668489738438,16000,time_unit,1.0,0.6820293919558824,0.0,22.906666666666666,1.7910881772472944,1.210439878544018,0.49982637637397054,3.113340353885004,0,4,0.0,1.0,0.05,inverse_time_unit,True,8000,3.4724725205892864e-05,24000,time_unit,0.0,1.67579707205246,0.0,0.0,1.6879499871835473,1.9514855417088033,2.175797049488397,3.671101594224126,0,0,0.0,0.0,0.0,inverse_time_unit,True,16000,4.512812556941778e-09
502,0.0002338761863099599,1,[42],0.8642839871503328,4,0.13758131066967175,forest,242,0.022912696436422027,ok,ok,1.408557077525911e-07,42,0.019253817617255815,mean,1.102815944404016,True,True,mean_plus_max,0.0,time_unit,9.701202949162042e-05,0.009358104213009573,11.406666666666666,11.408888888888889,0.013408184858710787,0.016378563196757154,3,0.0,0.019253817617255815,0.019253817617255815,0.019253817617255815,0.019253817617255815,0.0,2.6666666666666665,2.6666666666666665,0.03333333333333333,0.0,0.03333333333333333,inverse_time_unit,1.0068872869931784,8000,"[{""end_in_validation_block"": 8000, ""inter_spike_interval_units"": ""time_unit"", ""isi_rel_error"": 0.0, ""mean_gap"": 5.116554489995155e-06, ""mean_isi_pred"": 11.32, ""mean_isi_true"": 11.32, ""nrmse"": 0.0004410228647808245, ""nrmse_x"": 0.0006751116209418154, ""penalty"": 0.0, ""score"": 0.00048156710771320464, ""spike_count_pred"": 4, ""spike_count_true"": 4, ""spike_frequency_pred"": 0.05, ""spike_frequency_rel_error"": 0.0, ""spike_frequency_true"": 0.05, ""spike_frequency_units"": ""inverse_time_unit"", ""stable"": true, ""start_in_validation_block"": 0, ""std_ratio"": 1.0000003997730216, ""window_index"": 0}, {""end_in_validation_block"": 16000, ""inter_spike_interval_units"": ""time_unit"", ""isi_rel_error"": 0.0002910360884748613, ""mean_gap"": 1.5227688020033781e-05, ""mean_isi_pred"": 22.900000000000002, ""mean_isi_true"": 22.906666666666666, ""nrmse"": 0.010709105985168364, ""nrmse_x"": 0.011894003265842916, ""penalty"": 0.0, ""score"": 0.009364496336743126, ""spike_count_pred"": 4, ""spike_count_true"": 4, ""spike_frequency_pred"": 0.05, ""spike_frequency_rel_error"": 0.0, ""spike_frequency_true"": 0.05, ""spike_frequency_units"": ""inverse_time_unit"", ""stable"": true, ""start_in_validation_block"": 8000, ""std_ratio"": 1.000005823712889, ""window_index"": 1}, {""end_in_validation_block"": 24000, ""inter_spike_interval_units"": ""time_unit"", ""isi_rel_error"": 0.0, ""mean_gap"": 0.028053968396518688, ""mean_isi_pred"": 0.0, ""mean_isi_true"": 0.0, ""nrmse"": 0.02907442572618317, ""nrmse_x"": 0.03656657470348673, ""penalty"": 0.0, ""score"": 0.027380222518463497, ""spike_count_pred"": 0, ""spike_count_true"": 0, ""spike_frequency_pred"": 0.0, ""spike_frequency_rel_error"": 0.0, ""spike_frequency_true"": 0.0, ""spike_frequency_units"": ""inverse_time_unit"", ""stable"": true, ""start_in_validation_block"": 16000, ""std_ratio"": 1.0206556374936246, ""window_index"": 2}]",271,8000,time_unit,0.0,5.116554489995155e-06,11.32,11.32,0.0004410228647808245,0.0006751116209418154,0.0,0.00048156710771320464,4,4,0.05,0.0,0.05,inverse_time_unit,True,0,1.0000003997730216,16000,time_unit,0.0002910360884748613,1.5227688020033781e-05,22.900000000000002,22.906666666666666,0.010709105985168364,0.011894003265842916,0.0,0.009364496336743126,4,4,0.05,0.0,0.05,inverse_time_unit,True,8000,1.000005823712889,24000,time_unit,0.0,0.028053968396518688,0.0,0.0,0.02907442572618317,0.03656657470348673,0.0,0.027380222518463497,0,0,0.0,0.0,0.0,inverse_time_unit,True,16000,1.0206556374936246
622,0.0002338761863099599,1,[42],0.9730521784729749,5,0.45785780876272386,forest,242,0.18854683758470783,ok,ok,0.0002406176612122217,42,16.67944851645496,mean,0.8694709044901843,True,True,mean_plus_max,0.0,time_unit,0.8860349448735572,4.346125863571749,2.3306342780026994,11.408888888888889,2.2028084749294297,5.113267682198977,3,4.162664133715114,16.67944851645496,16.67944851645496,16.67944851645496,16.67944851645496,0.0,30.666666666666668,2.6666666666666665,0.3833333333333333,4.083333333333333,0.03333333333333333,inverse_time_unit,2.4150035854279355,8000,"[{""end_in_validation_block"": 8000, ""inter_spike_interval_units"": ""time_unit"", ""isi_rel_error"": 0.7484370752921989, ""mean_gap"": 0.5503851895699051, ""mean_isi_pred"": 2.847692307692308, ""mean_isi_true"": 11.32, ""nrmse"": 0.8655551175326575, ""nrmse_x"": 1.3548967620229542, ""penalty"": 0.0, ""score"": 3.8358005361418885, ""spike_count_pred"": 14, ""spike_count_true"": 4, ""spike_frequency_pred"": 0.175, ""spike_frequency_rel_error"": 2.4999999999999996, ""spike_frequency_true"": 0.05, ""spike_frequency_units"": ""inverse_time_unit"", ""stable"": true, ""start_in_validation_block"": 0, ""std_ratio"": 1.5227106446587118, ""window_index"": 0}, {""end_in_validation_block"": 16000, ""inter_spike_interval_units"": ""time_unit"", ""isi_rel_error"": 0.9096677593284725, ""mean_gap"": 2.2935822781121664, ""mean_isi_pred"": 2.0692105263157896, ""mean_isi_true"": 22.906666666666666, ""nrmse"": 2.8665895263754044, ""nrmse_x"": 2.9008033502857486, ""penalty"": 2.2935822781121664, ""score"": 13.810505382027415, ""spike_count_pred"": 39, ""spike_count_true"": 4, ""spike_frequency_pred"": 0.4875, ""spike_frequency_rel_error"": 8.75, ""spike_frequency_true"": 0.05, ""spike_frequency_units"": ""inverse_time_unit"", ""stable"": true, ""start_in_validation_block"": 8000, ""std_ratio"": 1.4831233865401123, ""window_index"": 1}, {""end_in_validation_block"": 24000, ""inter_spike_interval_units"": ""time_unit"", ""isi_rel_error"": 1.0, ""mean_gap"": 10.194410123033176, ""mean_isi_pred"": 2.075, ""mean_isi_true"": 0.0, ""nrmse"": 2.876280780880226, ""nrmse_x"": 11.084102934288227, ""penalty"": 10.194410123033176, ""score"": 18.509736932111757, ""spike_count_pred"": 39, ""spike_count_true"": 0, ""spike_frequency_pred"": 0.4875, ""spike_frequency_rel_error"": 1.0, ""spike_frequency_true"": 0.0, ""spike_frequency_units"": ""inverse_time_unit"", ""stable"": true, ""start_in_validation_block"": 16000, ""std_ratio"": 4.239176725084982, ""window_index"": 2}]",91,8000,time_unit,0.7484370752921989,0.5503851895699051,2.847692307692308,11.32,0.8655551175326575,1.3548967620229542,0.0,3.8358005361418885,14,4,0.175,2.4999999999999996,0.05,inverse_time_unit,True,0,1.5227106446587118,16000,time_unit,0.9096677593284725,2.2935822781121664,2.0692105263157896,22.906666666666666,2.8665895263754044,2.9008033502857486,2.2935822781121664,13.810505382027415,39,4,0.4875,8.75,0.05,inverse_time_unit,True,8000,1.4831233865401123,24000,time_unit,1.0,10.194410123033176,2.075,0.0,2.876280780880226,11.084102934288227,10.194410123033176,18.509736932111757,39,0,0.4875,1.0,0.0,inverse_time_unit,True,16000,4.239176725084982
733,0.0002338761863099599,1,[42],0.7837543381923907,6,0.6085455357587378,forest,242,0.16512823625478867,ok,ok,0.00010453599307570349,42,8.27782093011601,mean,0.947299795074406,True,True,mean_plus_max,0.0,time_unit,0.6152290864885015,2.092637421091726,8.04978354978355,11.408888888888889,1.948084580991894,3.3835892144300885,3,1.7557590694172658,8.27782093011601,8.27782093011601,8.27782093011601,8.27782093011601,0.0,9.666666666666666,2.6666666666666665,0.12083333333333335,1.0833333333333333,0.03333333333333333,inverse_time_unit,2.2677558052726456,8000,"[{""end_in_validation_block"": 8000, ""inter_spike_interval_units"": ""time_unit"", ""isi_rel_error"": 0.21239273094396774, ""mean_gap"": 0.5388520828979949, ""mean_isi_pred"": 8.915714285714285, ""mean_isi_true"": 11.32, ""nrmse"": 1.0713041997659187, ""nrmse_x"": 1.4169200113913765, ""penalty"": 0.0, ""score"": 2.1533284216787205, ""spike_count_pred"": 8, ""spike_count_true"": 4, ""spike_frequency_pred"": 0.1, ""spike_frequency_rel_error"": 1.0, ""spike_frequency_true"": 0.05, ""spike_frequency_units"": ""inverse_time_unit"", ""stable"": true, ""start_in_validation_block"": 0, ""std_ratio"": 1.150499251901465, ""window_index"": 0}, {""end_in_validation_block"": 16000, ""inter_spike_interval_units"": ""time_unit"", ""isi_rel_error"": 0.6332945285215367, ""mean_gap"": 0.4717829721253856, ""mean_isi_pred"": 8.4, ""mean_isi_true"": 22.906666666666666, ""nrmse"": 2.471897720138317, ""nrmse_x"": 1.8430568687590925, ""penalty"": 0.0, ""score"": 3.198302972112849, ""spike_count_pred"": 9, ""spike_count_true"": 4, ""spike_frequency_pred"": 0.1125, ""spike_frequency_rel_error"": 1.25, ""spike_frequency_true"": 0.05, ""spike_frequency_units"": ""inverse_time_unit"", ""stable"": true, ""start_in_validation_block"": 8000, ""std_ratio"": 1.3532807483178082, ""window_index"": 1}, {""end_in_validation_block"": 24000, ""inter_spike_interval_units"": ""time_unit"", ""isi_rel_error"": 1.0, ""mean_gap"": 5.267277208251797, ""mean_isi_pred"": 6.833636363636364, ""mean_isi_true"": 0.0, ""nrmse"": 2.301051823071446, ""nrmse_x"": 6.890790763139796, ""penalty"": 5.267277208251797, ""score"": 11.132475083746547, ""spike_count_pred"": 12, ""spike_count_true"": 0, ""spike_frequency_pred"": 0.15, ""spike_frequency_rel_error"": 1.0, ""spike_frequency_true"": 0.0, ""spike_frequency_units"": ""inverse_time_unit"", ""stable"": true, ""start_in_validation_block"": 16000, ""std_ratio"": 4.299487415598664, ""window_index"": 2}]",495,8000,time_unit,0.21239273094396774,0.5388520828979949,8.915714285714285,11.32,1.0713041997659187,1.4169200113913765,0.0,2.1533284216787205,8,4,0.1,1.0,0.05,inverse_time_unit,True,0,1.150499251901465,16000,time_unit,0.6332945285215367,0.4717829721253856,8.4,22.906666666666666,2.471897720138317,1.8430568687590925,0.0,3.198302972112849,9,4,0.1125,1.25,0.05,inverse_time_unit,True,8000,1.3532807483178082,24000,time_unit,1.0,5.267277208251797,6.833636363636364,0.0,2.301051823071446,6.890790763139796,5.267277208251797,11.132475083746547,12,0,0.15,1.0,0.0,inverse_time_unit,True,16000,4.299487415598664
658,0.0002338761863099599,1,[42],0.3312734723544719,7,0.573762502130613,forest,242,0.04369758544080689,ok,ok,4.8498273264883116e-05,42,1.4153558467902438,mean,0.8144272785089447,True,True,mean_plus_max,0.0,time_unit,0.06805253892707668,0.14274312544020842,9.872777777777777,11.408888888888889,0.3064796984427048,0.7279067960043597,3,0.0,1.4153558467902438,1.4153558467902438,1.4153558467902438,1.4153558467902438,0.0,2.6666666666666665,2.6666666666666665,0.03333333333333333,0.4166666666666667,0.03333333333333333,inverse_time_unit,1.3307303357339018,8000,"[{""end_in_validation_block"": 8000, ""inter_spike_interval_units"": ""time_unit"", ""isi_rel_error"": 0.0058892815076562015, ""mean_gap"": 0.0015858195892168268, ""mean_isi_pred"": 11.253333333333332, ""mean_isi_true"": 11.32, ""nrmse"": 0.08283264279099882, ""nrmse_x"": 0.12769415804833228, ""penalty"": 0.0, ""score"": 0.09388458837816056, ""spike_count_pred"": 4, ""spike_count_true"": 4, ""spike_frequency_pred"": 0.05, ""spike_frequency_rel_error"": 0.0, ""spike_frequency_true"": 0.05, ""spike_frequency_units"": ""inverse_time_unit"", ""stable"": true, ""start_in_validation_block"": 0, ""std_ratio"": 0.9993099231682859, ""window_index"": 0}, {""end_in_validation_block"": 16000, ""inter_spike_interval_units"": ""time_unit"", ""isi_rel_error"": 0.19826833527357382, ""mean_gap"": 0.08858020797417104, ""mean_isi_pred"": 18.365000000000002, ""mean_isi_true"": 22.906666666666666, ""nrmse"": 0.462237005865708, ""nrmse_x"": 0.49750871847382483, ""penalty"": 0.0, ""score"": 0.7383232142638176, ""spike_count_pred"": 3, ""spike_count_true"": 4, ""spike_frequency_pred"": 0.0375, ""spike_frequency_rel_error"": 0.25000000000000006, ""spike_frequency_true"": 0.05, ""spike_frequency_units"": ""inverse_time_unit"", ""stable"": true, ""start_in_validation_block"": 8000, ""std_ratio"": 0.8963568224424876, ""window_index"": 1}, {""end_in_validation_block"": 24000, ""inter_spike_interval_units"": ""time_unit"", ""isi_rel_error"": 0.0, ""mean_gap"": 0.33806334875723737, ""mean_isi_pred"": 0.0, ""mean_isi_true"": 0.0, ""nrmse"": 0.37436944667140754, ""nrmse_x"": 1.558517511490922, ""penalty"": 0.0, ""score"": 1.9507769929878591, ""spike_count_pred"": 1, ""spike_count_true"": 0, ""spike_frequency_pred"": 0.0125, ""spike_frequency_rel_error"": 1.0, ""spike_frequency_true"": 0.0, ""spike_frequency_units"": ""inverse_time_unit"", ""stable"": true, ""start_in_validation_block"": 16000, ""std_ratio"": 2.0965242615909316, ""window_index"": 2}]",156,8000,time_unit,0.0058892815076562015,0.0015858195892168268,11.253333333333332,11.32,0.08283264279099882,0.12769415804833228,0.0,0.09388458837816056,4,4,0.05,0.0,0.05,inverse_time_unit,True,0,0.9993099231682859,16000,time_unit,0.19826833527357382,0.08858020797417104,18.365000000000002,22.906666666666666,0.462237005865708,0.49750871847382483,0.0,0.7383232142638176,3,4,0.0375,0.25000000000000006,0.05,inverse_time_unit,True,8000,0.8963568224424876,24000,time_unit,0.0,0.33806334875723737,0.0,0.0,0.37436944667140754,1.558517511490922,0.0,1.9507769929878591,1,0,0.0125,1.0,0.0,inverse_time_unit,True,16000,2.0965242615909316
531,0.0002338761863099599,1,[42],0.7837266712976324,8,0.7618092258643707,forest,242,0.1555847712347541,ok,ok,9.670928042151491e-08,42,0.039291897404673454,mean,0.8961704770578416,True,True,mean_plus_max,0.0,time_unit,0.000533566162204145,0.005669570911264706,11.421111111111111,11.408888888888889,0.028352640331846504,0.033634664432710265,3,0.0,0.039291897404673454,0.039291897404673454,0.039291897404673454,0.039291897404673454,0.0,2.6666666666666665,2.6666666666666665,0.03333333333333333,0.0,0.03333333333333333,inverse_time_unit,0.995707788447946,8000,"[{""end_in_validation_block"": 8000, ""inter_spike_interval_units"": ""time_unit"", ""isi_rel_error"": 0.0, ""mean_gap"": 1.6866051520651844e-05, ""mean_isi_pred"": 11.32, ""mean_isi_true"": 11.32, ""nrmse"": 0.002475587003123958, ""nrmse_x"": 0.00381438332643497, ""penalty"": 0.0, ""score"": 0.002716807580320223, ""spike_count_pred"": 4, ""spike_count_true"": 4, ""spike_frequency_pred"": 0.05, ""spike_frequency_rel_error"": 0.0, ""spike_frequency_true"": 0.05, ""spike_frequency_units"": ""inverse_time_unit"", ""stable"": true, ""start_in_validation_block"": 0, ""std_ratio"": 0.9999944548212709, ""window_index"": 0}, {""end_in_validation_block"": 16000, ""inter_spike_interval_units"": ""time_unit"", ""isi_rel_error"": 0.001600698486612435, ""mean_gap"": 0.00021880422901701901, ""mean_isi_pred"": 22.943333333333335, ""mean_isi_true"": 22.906666666666666, ""nrmse"": 0.06156169402126968, ""nrmse_x"": 0.06829233174882325, ""penalty"": 0.0, ""score"": 0.05375155521047643, ""spike_count_pred"": 4, ""spike_count_true"": 4, ""spike_frequency_pred"": 0.05, ""spike_frequency_rel_error"": 0.0, ""spike_frequency_true"": 0.05, ""spike_frequency_units"": ""inverse_time_unit"", ""stable"": true, ""start_in_validation_block"": 8000, ""std_ratio"": 1.0001090630761709, ""window_index"": 1}, {""end_in_validation_block"": 24000, ""inter_spike_interval_units"": ""time_unit"", ""isi_rel_error"": 0.0, ""mean_gap"": 0.016773042453256448, ""mean_isi_pred"": 0.0, ""mean_isi_true"": 0.0, ""nrmse"": 0.021020639971145866, ""nrmse_x"": 0.028797278222872574, ""penalty"": 0.0, ""score"": 0.021093663015366384, ""spike_count_pred"": 0, ""spike_count_true"": 0, ""spike_frequency_pred"": 0.0, ""spike_frequency_rel_error"": 0.0, ""spike_frequency_true"": 0.0, ""spike_frequency_units"": ""inverse_time_unit"", ""stable"": true, ""start_in_validation_block"": 16000, ""std_ratio"": 0.9870198474463968, ""window_index"": 2}]",422,8000,time_unit,0.0,1.6866051520651844e-05,11.32,11.32,0.002475587003123958,0.00381438332643497,0.0,0.002716807580320223,4,4,0.05,0.0,0.05,inverse_time_unit,True,0,0.9999944548212709,16000,time_unit,0.001600698486612435,0.00021880422901701901,22.943333333333335,22.906666666666666,0.06156169402126968,0.06829233174882325,0.0,0.05375155521047643,4,4,0.05,0.0,0.05,inverse_time_unit,True,8000,1.0001090630761709,24000,time_unit,0.0,0.016773042453256448,0.0,0.0,0.021020639971145866,0.028797278222872574,0.0,0.021093663015366384,0,0,0.0,0.0,0.0,inverse_time_unit,True,16000,0.9870198474463968
473,0.0001625389549609331,1,[42],0.07743239117956416,9,0.7937602171309994,forest,242,0.03159611882633584,ok,ok,1.4763224054633145e-10,42,0.0001625389549609331,mean,1.0330694360502353,True,True,mean_plus_max,0.0,time_unit,0.0,1.0552403728182604e-05,11.408888888888889,11.408888888888889,0.00011590042710312778,0.00014033155402810223,3,0.0,0.0001625389549609331,0.0001625389549609331,0.0001625389549609331,0.0001625389549609331,0.0,2.6666666666666665,2.6666666666666665,0.03333333333333333,0.0,0.03333333333333333,inverse_time_unit,1.000005105589815,8000,"[{""end_in_validation_block"": 8000, ""inter_spike_interval_units"": ""time_unit"", ""isi_rel_error"": 0.0, ""mean_gap"": 7.5691709560288e-07, ""mean_isi_pred"": 11.32, ""mean_isi_true"": 11.32, ""nrmse"": 5.502681745604785e-05, ""nrmse_x"": 8.452860237414103e-05, ""penalty"": 0.0, ""score"": 6.024743566978953e-05, ""spike_count_pred"": 4, ""spike_count_true"": 4, ""spike_frequency_pred"": 0.05, ""spike_frequency_rel_error"": 0.0, ""spike_frequency_true"": 0.05, ""spike_frequency_units"": ""inverse_time_unit"", ""stable"": true, ""start_in_validation_block"": 0, ""std_ratio"": 1.000000074847982, ""window_index"": 0}, {""end_in_validation_block"": 16000, ""inter_spike_interval_units"": ""time_unit"", ""isi_rel_error"": 0.0, ""mean_gap"": 5.167124168261038e-07, ""mean_isi_pred"": 22.906666666666666, ""mean_isi_true"": 22.906666666666666, ""nrmse"": 0.0002621987955210664, ""nrmse_x"": 0.0002908659545427511, ""penalty"": 0.0, ""score"": 0.00022552597387877972, ""spike_count_pred"": 4, ""spike_count_true"": 4, ""spike_frequency_pred"": 0.05, ""spike_frequency_rel_error"": 0.0, ""spike_frequency_true"": 0.05, ""spike_frequency_units"": ""inverse_time_unit"", ""stable"": true, ""start_in_validation_block"": 8000, ""std_ratio"": 1.0000003962864354, ""window_index"": 1}, {""end_in_validation_block"": 24000, ""inter_spike_interval_units"": ""time_unit"", ""isi_rel_error"": 0.0, ""mean_gap"": 3.038358167211883e-05, ""mean_isi_pred"": 0.0, ""mean_isi_true"": 0.0, ""nrmse"": 3.0475668332269127e-05, ""nrmse_x"": 4.560010516741457e-05, ""penalty"": 0.0, ""score"": 3.26989749251453e-05, ""spike_count_pred"": 0, ""spike_count_true"": 0, ""spike_frequency_pred"": 0.0, ""spike_frequency_rel_error"": 0.0, ""spike_frequency_true"": 0.0, ""spike_frequency_units"": ""inverse_time_unit"", ""stable"": true, ""start_in_validation_block"": 16000, ""std_ratio"": 1.000014845635027, ""window_index"": 2}]",375,8000,time_unit,0.0,7.5691709560288e-07,11.32,11.32,5.502681745604785e-05,8.452860237414103e-05,0.0,6.024743566978953e-05,4,4,0.05,0.0,0.05,inverse_time_unit,True,0,1.000000074847982,16000,time_unit,0.0,5.167124168261038e-07,22.906666666666666,22.906666666666666,0.0002621987955210664,0.0002908659545427511,0.0,0.00022552597387877972,4,4,0.05,0.0,0.05,inverse_time_unit,True,8000,1.0000003962864354,24000,time_unit,0.0,3.038358167211883e-05,0.0,0.0,3.0475668332269127e-05,4.560010516741457e-05,0.0,3.26989749251453e-05,0,0,0.0,0.0,0.0,inverse_time_unit,True,16000,1.000014845635027
454,0.0001625389549609331,1,[42],0.9787310092902658,10,0.4482992845740623,forest,242,0.03300098019251063,ok,ok,2.954108234502818e-05,42,4.759134417276249,mean,1.0877315503172178,True,True,mean_plus_max,0.0,time_unit,0.6666666666666666,0.9831663291003315,0.0,11.408888888888889,1.8342366140372945,1.6036298788480547,3,1.1879264879989861,4.759134417276249,4.759134417276249,4.759134417276249,4.759134417276249,0.0,0.0,2.6666666666666665,0.0,0.6666666666666666,0.03333333333333333,inverse_time_unit,0.03798073318702665,8000,"[{""end_in_validation_block"": 8000, ""inter_spike_interval_units"": ""time_unit"", ""isi_rel_error"": 1.0, ""mean_gap"": 0.01510757221871317, ""mean_isi_pred"": 0.0, ""mean_isi_true"": 11.32, ""nrmse"": 1.3044692911136881, ""nrmse_x"": 0.9925199057896748, ""penalty"": 0.0, ""score"": 2.372003270962743, ""spike_count_pred"": 0, ""spike_count_true"": 4, ""spike_frequency_pred"": 0.0, ""spike_frequency_rel_error"": 1.0, ""spike_frequency_true"": 0.05, ""spike_frequency_units"": ""inverse_time_unit"", ""stable"": true, ""start_in_validation_block"": 0, ""std_ratio"": 0.11394219956107982, ""window_index"": 0}, {""end_in_validation_block"": 16000, ""inter_spike_interval_units"": ""time_unit"", ""isi_rel_error"": 1.0, ""mean_gap"": 0.3706119510853224, ""mean_isi_pred"": 0.0, ""mean_isi_true"": 22.906666666666666, ""nrmse"": 2.8171055373808738, ""nrmse_x"": 1.06646763583677, ""penalty"": 0.4999999999999999, ""score"": 3.290833584055442, ""spike_count_pred"": 0, ""spike_count_true"": 4, ""spike_frequency_pred"": 0.0, ""spike_frequency_rel_error"": 1.0, ""spike_frequency_true"": 0.05, ""spike_frequency_units"": ""inverse_time_unit"", ""stable"": true, ""start_in_validation_block"": 8000, ""std_ratio"": 3.42976037027558e-17, ""window_index"": 1}, {""end_in_validation_block"": 24000, ""inter_spike_interval_units"": ""time_unit"", ""isi_rel_error"": 0.0, ""mean_gap"": 2.563779463996959, ""mean_isi_pred"": 0.0, ""mean_isi_true"": 0.0, ""nrmse"": 1.3811350136173215, ""nrmse_x"": 2.7519020949177193, ""penalty"": 3.0637794639969584, ""score"": 4.922609369606034, ""spike_count_pred"": 0, ""spike_count_true"": 0, ""spike_frequency_pred"": 0.0, ""spike_frequency_rel_error"": 0.0, ""spike_frequency_true"": 0.0, ""spike_frequency_units"": ""inverse_time_unit"", ""stable"": true, ""start_in_validation_block"": 16000, ""std_ratio"": 9.779147210096568e-17, ""window_index"": 2}]",388,8000,time_unit,1.0,0.01510757221871317,0.0,11.32,1.3044692911136881,0.9925199057896748,0.0,2.372003270962743,0,4,0.0,1.0,0.05,inverse_time_unit,True,0,0.11394219956107982,16000,time_unit,1.0,0.3706119510853224,0.0,22.906666666666666,2.8171055373808738,1.06646763583677,0.4999999999999999,3.290833584055442,0,4,0.0,1.0,0.05,inverse_time_unit,True,8000,3.42976037027558e-17,24000,time_unit,0.0,2.563779463996959,0.0,0.0,1.3811350136173215,2.7519020949177193,3.0637794639969584,4.922609369606034,0,0,0.0,0.0,0.0,inverse_time_unit,True,16000,9.779147210096568e-17
477,0.0001625389549609331,1,[42],0.8570879220031932,11,0.6397693271583008,forest,242,0.0202952420347975,ok,ok,1.7253084382079333e-07,42,0.011900457989900757,mean,0.9073459589847673,True,True,mean_plus_max,0.0,time_unit,9.701202949167212e-05,0.003008135292219837,11.411111111111111,11.408888888888889,0.008990106444638822,0.01045676406411898,3,0.0,0.011900457989900757,0.011900457989900757,0.011900457989900757,0.011900457989900757,0.0,2.6666666666666665,2.6666666666666665,0.03333333333333333,0.0,0.03333333333333333,inverse_time_unit,0.9997250796879893,8000,"[{""end_in_validation_block"": 8000, ""inter_spike_interval_units"": ""time_unit"", ""isi_rel_error"": 0.0, ""mean_gap"": 2.2037757346252225e-05, ""mean_isi_pred"": 11.32, ""mean_isi_true"": 11.32, ""nrmse"": 0.0005915581780795445, ""nrmse_x"": 0.0008972010982906556, ""penalty"": 0.0, ""score"": 0.0006413501485797468, ""spike_count_pred"": 4, ""spike_count_true"": 4, ""spike_frequency_pred"": 0.05, ""spike_frequency_rel_error"": 0.0, ""spike_frequency_true"": 0.05, ""spike_frequency_units"": ""inverse_time_unit"", ""stable"": true, ""start_in_validation_block"": 0, ""std_ratio"": 1.0000112515244495, ""window_index"": 0}, {""end_in_validation_block"": 16000, ""inter_spike_interval_units"": ""time_unit"", ""isi_rel_error"": 0.00029103608847501637, ""mean_gap"": 0.00036203755006810305, ""mean_isi_pred"": 22.913333333333334, ""mean_isi_true"": 22.906666666666666, ""nrmse"": 0.01778936083821913, ""nrmse_x"": 0.019672658656594195, ""penalty"": 0.0, ""score"": 0.0154128205149191, ""spike_count_pred"": 4, ""spike_count_true"": 4, ""spike_frequency_pred"": 0.05, ""spike_frequency_rel_error"": 0.0, ""spike_frequency_true"": 0.05, ""spike_frequency_units"": ""inverse_time_unit"", ""stable"": true, ""start_in_validation_block"": 8000, ""std_ratio"": 0.999972808143542, ""window_index"": 1}, {""end_in_validation_block"": 24000, ""inter_spike_interval_units"": ""time_unit"", ""isi_rel_error"": 0.0, ""mean_gap"": 0.008640330569245156, ""mean_isi_pred"": 0.0, ""mean_isi_true"": 0.0, ""nrmse"": 0.00858940031761779, ""nrmse_x"": 0.010800432437472087, ""penalty"": 0.0, ""score"": 0.008087587920014096, ""spike_count_pred"": 0, ""spike_count_true"": 0, ""spike_frequency_pred"": 0.0, ""spike_frequency_rel_error"": 0.0, ""spike_frequency_true"": 0.0, ""spike_frequency_units"": ""inverse_time_unit"", ""stable"": true, ""start_in_validation_block"": 16000, ""std_ratio"": 0.9991911793959762, ""window_index"": 2}]",73,8000,time_unit,0.0,2.2037757346252225e-05,11.32,11.32,0.0005915581780795445,0.0008972010982906556,0.0,0.0006413501485797468,4,4,0.05,0.0,0.05,inverse_time_unit,True,0,1.0000112515244495,16000,time_unit,0.00029103608847501637,0.00036203755006810305,22.913333333333334,22.906666666666666,0.01778936083821913,0.019672658656594195,0.0,0.0154128205149191,4,4,0.05,0.0,0.05,inverse_time_unit,True,8000,0.999972808143542,24000,time_unit,0.0,0.008640330569245156,0.0,0.0,0.00858940031761779,0.010800432437472087,0.0,0.008087587920014096,0,0,0.0,0.0,0.0,inverse_time_unit,True,16000,0.9991911793959762
697,0.0001625389549609331,1,[42],0.9566229657712599,12,0.76568144387456,forest,242,0.020971213189333555,ok,ok,9.605742280755799e-08,42,0.4367352328390183,mean,1.0276318518052547,True,True,mean_plus_max,0.0,time_unit,0.003397706356813281,0.17024077481377434,11.337777777777779,11.408888888888889,0.338351952780267,0.3864164148987619,3,0.0,0.4367352328390183,0.4367352328390183,0.4367352328390183,0.4367352328390183,0.0,2.6666666666666665,2.6666666666666665,0.03333333333333333,0.0,0.03333333333333333,inverse_time_unit,0.8695573530315581,8000,"[{""end_in_validation_block"": 8000, ""inter_spike_interval_units"": ""time_unit"", ""isi_rel_error"": 0.0005889281507656986, ""mean_gap"": 2.3161146580006587e-05, ""mean_isi_pred"": 11.326666666666668, ""mean_isi_true"": 11.32, ""nrmse"": 0.014764358688141061, ""nrmse_x"": 0.022748018101184465, ""penalty"": 0.0, ""score"": 0.01649696370306957, ""spike_count_pred"": 4, ""spike_count_true"": 4, ""spike_frequency_pred"": 0.05, ""spike_frequency_rel_error"": 0.0, ""spike_frequency_true"": 0.05, ""spike_frequency_units"": ""inverse_time_unit"", ""stable"": true, ""start_in_validation_block"": 0, ""std_ratio"": 1.0000181223450002, ""window_index"": 0}, {""end_in_validation_block"": 16000, ""inter_spike_interval_units"": ""time_unit"", ""isi_rel_error"": 0.009604190919674144, ""mean_gap"": 0.00030086531751287134, ""mean_isi_pred"": 22.686666666666664, ""mean_isi_true"": 22.906666666666666, ""nrmse"": 0.3745333474068574, ""nrmse_x"": 0.4178868356433688, ""penalty"": 0.0, ""score"": 0.32827319191540427, ""spike_count_pred"": 4, ""spike_count_true"": 4, ""spike_frequency_pred"": 0.05, ""spike_frequency_rel_error"": 0.0, ""spike_frequency_true"": 0.05, ""spike_frequency_units"": ""inverse_time_unit"", ""stable"": true, ""start_in_validation_block"": 8000, ""std_ratio"": 1.0001304903131931, ""window_index"": 1}, {""end_in_validation_block"": 24000, ""inter_spike_interval_units"": ""time_unit"", ""isi_rel_error"": 0.0, ""mean_gap"": 0.5103982979772301, ""mean_isi_pred"": 0.0, ""mean_isi_true"": 0.0, ""nrmse"": 0.6257581522458026, ""nrmse_x"": 0.7186143909517323, ""penalty"": 0.0, ""score"": 0.5516774530849035, ""spike_count_pred"": 0, ""spike_count_true"": 0, ""spike_frequency_pred"": 0.0, ""spike_frequency_rel_error"": 0.0, ""spike_frequency_true"": 0.0, ""spike_frequency_units"": ""inverse_time_unit"", ""stable"": true, ""start_in_validation_block"": 16000, ""std_ratio"": 0.6085234464364812, ""window_index"": 2}]",435,8000,time_unit,0.0005889281507656986,2.3161146580006587e-05,11.326666666666668,11.32,0.014764358688141061,0.022748018101184465,0.0,0.01649696370306957,4,4,0.05,0.0,0.05,inverse_time_unit,True,0,1.0000181223450002,16000,time_unit,0.009604190919674144,0.00030086531751287134,22.686666666666664,22.906666666666666,0.3745333474068574,0.4178868356433688,0.0,0.32827319191540427,4,4,0.05,0.0,0.05,inverse_time_unit,True,8000,1.0001304903131931,24000,time_unit,0.0,0.5103982979772301,0.0,0.0,0.6257581522458026,0.7186143909517323,0.0,0.5516774530849035,0,0,0.0,0.0,0.0,inverse_time_unit,True,16000,0.6085234464364812
294,0.0001625389549609331,1,[42],0.9792555553752206,13,0.6841788893189197,forest,242,0.147923112564663,ok,ok,9.642776455877257e-10,42,0.00378773200665613,mean,1.0860474883305784,True,True,mean_plus_max,0.0,time_unit,4.850601474583606e-05,0.00025307884715130245,11.410000000000002,11.408888888888889,0.002644067727790188,0.003157006585327745,3,0.0,0.00378773200665613,0.00378773200665613,0.00378773200665613,0.00378773200665613,0.0,2.6666666666666665,2.6666666666666665,0.03333333333333333,0.0,0.03333333333333333,inverse_time_unit,1.0001389406903838,8000,"[{""end_in_validation_block"": 8000, ""inter_spike_interval_units"": ""time_unit"", ""isi_rel_error"": 0.0, ""mean_gap"": 2.1409025970578546e-06, ""mean_isi_pred"": 11.32, ""mean_isi_true"": 11.32, ""nrmse"": 0.0008837780099358373, ""nrmse_x"": 0.0013601728246026958, ""penalty"": 0.0, ""score"": 0.0009690395560154421, ""spike_count_pred"": 4, ""spike_count_true"": 4, ""spike_frequency_pred"": 0.05, ""spike_frequency_rel_error"": 0.0, ""spike_frequency_true"": 0.05, ""spike_frequency_units"": ""inverse_time_unit"", ""stable"": true, ""start_in_validation_block"": 0, ""std_ratio"": 1.0000063341305612, ""window_index"": 0}, {""end_in_validation_block"": 16000, ""inter_spike_interval_units"": ""time_unit"", ""isi_rel_error"": 0.00014551804423750819, ""mean_gap"": 8.448173608908348e-06, ""mean_isi_pred"": 22.91, ""mean_isi_true"": 22.906666666666666, ""nrmse"": 0.006264321776562243, ""nrmse_x"": 0.006955626027931463, ""penalty"": 0.0, ""score"": 0.00546443378162162, ""spike_count_pred"": 4, ""spike_count_true"": 4, ""spike_frequency_pred"": 0.05, ""spike_frequency_rel_error"": 0.0, ""spike_frequency_true"": 0.05, ""spike_frequency_units"": ""inverse_time_unit"", ""stable"": true, ""start_in_validation_block"": 8000, ""std_ratio"": 1.0000035305258892, ""window_index"": 1}, {""end_in_validation_block"": 24000, ""inter_spike_interval_units"": ""time_unit"", ""isi_rel_error"": 0.0, ""mean_gap"": 0.0007486474652479412, ""mean_isi_pred"": 0.0, ""mean_isi_true"": 0.0, ""nrmse"": 0.0007841033968724832, ""nrmse_x"": 0.0011552209034490755, ""penalty"": 0.0, ""score"": 0.0008313973461151124, ""spike_count_pred"": 0, ""spike_count_true"": 0, ""spike_frequency_pred"": 0.0, ""spike_frequency_rel_error"": 0.0, ""spike_frequency_true"": 0.0, ""spike_frequency_units"": ""inverse_time_unit"", ""stable"": true, ""start_in_validation_block"": 16000, ""std_ratio"": 1.0004069574147012, ""window_index"": 2}]",482,8000,time_unit,0.0,2.1409025970578546e-06,11.32,11.32,0.0008837780099358373,0.0013601728246026958,0.0,0.0009690395560154421,4,4,0.05,0.0,0.05,inverse_time_unit,True,0,1.0000063341305612,16000,time_unit,0.00014551804423750819,8.448173608908348e-06,22.91,22.906666666666666,0.006264321776562243,0.006955626027931463,0.0,0.00546443378162162,4,4,0.05,0.0,0.05,inverse_time_unit,True,8000,1.0000035305258892,24000,time_unit,0.0,0.0007486474652479412,0.0,0.0,0.0007841033968724832,0.0011552209034490755,0.0,0.0008313973461151124,0,0,0.0,0.0,0.0,inverse_time_unit,True,16000,1.0004069574147012
439,0.0001625389549609331,1,[42],0.9854799318100379,14,0.6899731235912885,forest,242,0.16805667405048919,ok,ok,7.0278863836233e-10,42,0.002411978003243703,mean,0.7951538574860546,True,True,mean_plus_max,0.0,time_unit,4.8506014745784366e-05,5.0349882291562775e-05,11.40777777777778,11.408888888888889,0.0016088558517955405,0.0018182526940029016,3,0.0,0.002411978003243703,0.002411978003243703,0.002411978003243703,0.002411978003243703,0.0,2.6666666666666665,2.6666666666666665,0.03333333333333333,0.0,0.03333333333333333,inverse_time_unit,0.9999567477317531,8000,"[{""end_in_validation_block"": 8000, ""inter_spike_interval_units"": ""time_unit"", ""isi_rel_error"": 0.0, ""mean_gap"": 6.769289629523915e-06, ""mean_isi_pred"": 11.32, ""mean_isi_true"": 11.32, ""nrmse"": 0.00014078493781261196, ""nrmse_x"": 0.0002121113676967928, ""penalty"": 0.0, ""score"": 0.00015185748668638903, ""spike_count_pred"": 4, ""spike_count_true"": 4, ""spike_frequency_pred"": 0.05, ""spike_frequency_rel_error"": 0.0, ""spike_frequency_true"": 0.05, ""spike_frequency_units"": ""inverse_time_unit"", ""stable"": true, ""start_in_validation_block"": 0, ""std_ratio"": 1.0000030340485095, ""window_index"": 0}, {""end_in_validation_block"": 16000, ""inter_spike_interval_units"": ""time_unit"", ""isi_rel_error"": 0.0001455180442373531, ""mean_gap"": 4.0124583267453415e-06, ""mean_isi_pred"": 22.903333333333336, ""mean_isi_true"": 22.906666666666666, ""nrmse"": 0.004494877909390401, ""nrmse_x"": 0.0049916540098455305, ""penalty"": 0.0, ""score"": 0.003941888204881319, ""spike_count_pred"": 4, ""spike_count_true"": 4, ""spike_frequency_pred"": 0.05, ""spike_frequency_rel_error"": 0.0, ""spike_frequency_true"": 0.05, ""spike_frequency_units"": ""inverse_time_unit"", ""stable"": true, ""start_in_validation_block"": 8000, ""std_ratio"": 1.0000013245110488, ""window_index"": 1}, {""end_in_validation_block"": 24000, ""inter_spike_interval_units"": ""time_unit"", ""isi_rel_error"": 0.0, ""mean_gap"": 0.00014026789891841908, ""mean_isi_pred"": 0.0, ""mean_isi_true"": 0.0, ""nrmse"": 0.00019090470818360856, ""nrmse_x"": 0.0002509927044663819, ""penalty"": 0.0, ""score"": 0.0001857721645024122, ""spike_count_pred"": 0, ""spike_count_true"": 0, ""spike_frequency_pred"": 0.0, ""spike_frequency_rel_error"": 0.0, ""spike_frequency_true"": 0.0, ""spike_frequency_units"": ""inverse_time_unit"", ""stable"": true, ""start_in_validation_block"": 16000, ""std_ratio"": 0.999865884635701, ""window_index"": 2}]",269,8000,time_unit,0.0,6.769289629523915e-06,11.32,11.32,0.00014078493781261196,0.0002121113676967928,0.0,0.00015185748668638903,4,4,0.05,0.0,0.05,inverse_time_unit,True,0,1.0000030340485095,16000,time_unit,0.0001455180442373531,4.0124583267453415e-06,22.903333333333336,22.906666666666666,0.004494877909390401,0.0049916540098455305,0.0,0.003941888204881319,4,4,0.05,0.0,0.05,inverse_time_unit,True,8000,1.0000013245110488,24000,time_unit,0.0,0.00014026789891841908,0.0,0.0,0.00019090470818360856,0.0002509927044663819,0.0,0.0001857721645024122,0,0,0.0,0.0,0.0,inverse_time_unit,True,16000,0.999865884635701
594,0.0001625389549609331,1,[42],0.9693403249492296,15,0.7301831142266483,forest,242,0.16081218046107204,ok,ok,4.815961535702099e-09,42,0.010251084366957704,mean,1.056497292597416,True,True,mean_plus_max,0.0,time_unit,9.701202949162042e-05,0.0002853434603593622,11.406666666666666,11.408888888888889,0.0069713292604533595,0.007969863106847068,3,0.0,0.010251084366957704,0.010251084366957704,0.010251084366957704,0.010251084366957704,0.0,2.6666666666666665,2.6666666666666665,0.03333333333333333,0.0,0.03333333333333333,inverse_time_unit,0.9997807538437314,8000,"[{""end_in_validation_block"": 8000, ""inter_spike_interval_units"": ""time_unit"", ""isi_rel_error"": 0.0, ""mean_gap"": 1.979037742715319e-05, ""mean_isi_pred"": 11.32, ""mean_isi_true"": 11.32, ""nrmse"": 0.0010927901346726254, ""nrmse_x"": 0.0016741649211490645, ""penalty"": 0.0, ""score"": 0.001193988240300142, ""spike_count_pred"": 4, ""spike_count_true"": 4, ""spike_frequency_pred"": 0.05, ""spike_frequency_rel_error"": 0.0, ""spike_frequency_true"": 0.05, ""spike_frequency_units"": ""inverse_time_unit"", ""stable"": true, ""start_in_validation_block"": 0, ""std_ratio"": 1.0000083979173489, ""window_index"": 0}, {""end_in_validation_block"": 16000, ""inter_spike_interval_units"": ""time_unit"", ""isi_rel_error"": 0.0002910360884748613, ""mean_gap"": 1.7497316544895258e-05, ""mean_isi_pred"": 22.900000000000002, ""mean_isi_true"": 22.906666666666666, ""nrmse"": 0.018774327014690655, ""nrmse_x"": 0.020847610028037394, ""penalty"": 0.0, ""score"": 0.016305285313330663, ""spike_count_pred"": 4, ""spike_count_true"": 4, ""spike_frequency_pred"": 0.05, ""spike_frequency_rel_error"": 0.0, ""spike_frequency_true"": 0.05, ""spike_frequency_units"": ""inverse_time_unit"", ""stable"": true, ""start_in_validation_block"": 8000, ""std_ratio"": 1.0000065692625832, ""window_index"": 1}, {""end_in_validation_block"": 24000, ""inter_spike_interval_units"": ""time_unit"", ""isi_rel_error"": 0.0, ""mean_gap"": 0.0008187426871060381, ""mean_isi_pred"": 0.0, ""mean_isi_true"": 0.0, ""nrmse"": 0.0010468706319967961, ""nrmse_x"": 0.0013878143713547456, ""penalty"": 0.0, ""score"": 0.001025015562244309, ""spike_count_pred"": 0, ""spike_count_true"": 0, ""spike_frequency_pred"": 0.0, ""spike_frequency_rel_error"": 0.0, ""spike_frequency_true"": 0.0, ""spike_frequency_units"": ""inverse_time_unit"", ""stable"": true, ""start_in_validation_block"": 16000, ""std_ratio"": 0.9993272943512624, ""window_index"": 2}]",84,8000,time_unit,0.0,1.979037742715319e-05,11.32,11.32,0.0010927901346726254,0.0016741649211490645,0.0,0.001193988240300142,4,4,0.05,0.0,0.05,inverse_time_unit,True,0,1.0000083979173489,16000,time_unit,0.0002910360884748613,1.7497316544895258e-05,22.900000000000002,22.906666666666666,0.018774327014690655,0.020847610028037394,0.0,0.016305285313330663,4,4,0.05,0.0,0.05,inverse_time_unit,True,8000,1.0000065692625832,24000,time_unit,0.0,0.0008187426871060381,0.0,0.0,0.0010468706319967961,0.0013878143713547456,0.0,0.001025015562244309,0,0,0.0,0.0,0.0,inverse_time_unit,True,16000,0.9993272943512624
610,0.0001625389549609331,1,[42],0.9619104029341277,16,0.7220820344874822,forest,242,0.1701301447335964,ok,ok,1.8876444476654836e-10,42,3.997898666402084,mean,0.6742955491065847,True,True,mean_plus_max,0.0,time_unit,0.6666666666666666,0.8814936765826974,0.0,11.408888888888889,1.780274494431363,1.388595501227264,3,0.882587565942991,3.997898666402084,3.997898666402084,3.997898666402084,3.997898666402084,0.0,0.0,2.6666666666666665,0.0,0.6666666666666666,0.03333333333333333,inverse_time_unit,0.05326732068259987,8000,"[{""end_in_validation_block"": 8000, ""inter_spike_interval_units"": ""time_unit"", ""isi_rel_error"": 1.0, ""mean_gap"": 0.30483930757946187, ""mean_isi_pred"": 0.0, ""mean_isi_true"": 11.32, ""nrmse"": 1.8988278415773152, ""nrmse_x"": 1.0223046651545806, ""penalty"": 0.0, ""score"": 2.536974526229348, ""spike_count_pred"": 0, ""spike_count_true"": 4, ""spike_frequency_pred"": 0.0, ""spike_frequency_rel_error"": 1.0, ""spike_frequency_true"": 0.05, ""spike_frequency_units"": ""inverse_time_unit"", ""stable"": true, ""start_in_validation_block"": 0, ""std_ratio"": 0.1598019620477973, ""window_index"": 0}, {""end_in_validation_block"": 16000, ""inter_spike_interval_units"": ""time_unit"", ""isi_rel_error"": 1.0, ""mean_gap"": 0.691879024339646, ""mean_isi_pred"": 0.0, ""mean_isi_true"": 22.906666666666666, ""nrmse"": 1.7692305464338027, ""nrmse_x"": 1.2160166875175604, ""penalty"": 0.4999999999999972, ""score"": 3.1111168147431063, ""spike_count_pred"": 0, ""spike_count_true"": 4, ""spike_frequency_pred"": 0.0, ""spike_frequency_rel_error"": 1.0, ""spike_frequency_true"": 0.05, ""spike_frequency_units"": ""inverse_time_unit"", ""stable"": true, ""start_in_validation_block"": 8000, ""std_ratio"": 5.487502810456022e-16, ""window_index"": 1}, {""end_in_validation_block"": 24000, ""inter_spike_interval_units"": ""time_unit"", ""isi_rel_error"": 0.0, ""mean_gap"": 1.6477626978289843, ""mean_isi_pred"": 0.0, ""mean_isi_true"": 0.0, ""nrmse"": 1.6727650952829716, ""nrmse_x"": 1.9274651510096505, ""penalty"": 2.1477626978289757, ""score"": 3.6260598047050268, ""spike_count_pred"": 0, ""spike_count_true"": 0, ""spike_frequency_pred"": 0.0, ""spike_frequency_rel_error"": 0.0, ""spike_frequency_true"": 0.0, ""spike_frequency_units"": ""inverse_time_unit"", ""stable"": true, ""start_in_validation_block"": 16000, ""std_ratio"": 1.7587474052054493e-15, ""window_index"": 2}]",461,8000,time_unit,1.0,0.30483930757946187,0.0,11.32,1.8988278415773152,1.0223046651545806,0.0,2.536974526229348,0,4,0.0,1.0,0.05,inverse_time_unit,True,0,0.1598019620477973,16000,time_unit,1.0,0.691879024339646,0.0,22.906666666666666,1.7692305464338027,1.2160166875175604,0.4999999999999972,3.1111168147431063,0,4,0.0,1.0,0.05,inverse_time_unit,True,8000,5.487502810456022e-16,24000,time_unit,0.0,1.6477626978289843,0.0,0.0,1.6727650952829716,1.9274651510096505,2.1477626978289757,3.6260598047050268,0,0,0.0,0.0,0.0,inverse_time_unit,True,16000,1.7587474052054493e-15
348,0.0001625389549609331,1,[42],0.7665112608506212,17,0.7463940275559672,forest,242,0.17055165941712191,ok,ok,5.286367503522914e-10,42,0.0009029365422024457,mean,1.0371294516985414,True,True,mean_plus_max,0.0,time_unit,4.8506014745784366e-05,3.699598426431869e-05,11.40777777777778,11.408888888888889,0.0005932661843771208,0.0006874507751545881,3,0.0,0.0009029365422024457,0.0009029365422024457,0.0009029365422024457,0.0009029365422024457,0.0,2.6666666666666665,2.6666666666666665,0.03333333333333333,0.0,0.03333333333333333,inverse_time_unit,0.9999835768427205,8000,"[{""end_in_validation_block"": 8000, ""inter_spike_interval_units"": ""time_unit"", ""isi_rel_error"": 0.0, ""mean_gap"": 9.082021890798642e-07, ""mean_isi_pred"": 11.32, ""mean_isi_true"": 11.32, ""nrmse"": 0.00011861571383424616, ""nrmse_x"": 0.0001823306645449935, ""penalty"": 0.0, ""score"": 0.00012993579395830798, ""spike_count_pred"": 4, ""spike_count_true"": 4, ""spike_frequency_pred"": 0.05, ""spike_frequency_rel_error"": 0.0, ""spike_frequency_true"": 0.05, ""spike_frequency_units"": ""inverse_time_unit"", ""stable"": true, ""start_in_validation_block"": 0, ""std_ratio"": 1.0000000453181992, ""window_index"": 0}, {""end_in_validation_block"": 16000, ""inter_spike_interval_units"": ""time_unit"", ""isi_rel_error"": 0.0001455180442373531, ""mean_gap"": 9.439494366395617e-07, ""mean_isi_pred"": 22.903333333333336, ""mean_isi_true"": 22.906666666666666, ""nrmse"": 0.0015525534450689723, ""nrmse_x"": 0.0017239615749365083, ""penalty"": 0.0, ""score"": 0.0014090762496009994, ""spike_count_pred"": 4, ""spike_count_true"": 4, ""spike_frequency_pred"": 0.05, ""spike_frequency_rel_error"": 0.0, ""spike_frequency_true"": 0.05, ""spike_frequency_units"": ""inverse_time_unit"", ""stable"": true, ""start_in_validation_block"": 8000, ""std_ratio"": 0.9999987338684474, ""window_index"": 1}, {""end_in_validation_block"": 24000, ""inter_spike_interval_units"": ""time_unit"", ""isi_rel_error"": 0.0, ""mean_gap"": 0.00010913580116723664, ""mean_isi_pred"": 0.0, ""mean_isi_true"": 0.0, ""nrmse"": 0.0001086293942281442, ""nrmse_x"": 0.00015606008598226256, ""penalty"": 0.0, ""score"": 0.00011299039584728048, ""spike_count_pred"": 0, ""spike_count_true"": 0, ""spike_frequency_pred"": 0.0, ""spike_frequency_rel_error"": 0.0, ""spike_frequency_true"": 0.0, ""spike_frequency_units"": ""inverse_time_unit"", ""stable"": true, ""start_in_validation_block"": 16000, ""std_ratio"": 0.9999519513415152, ""window_index"": 2}]",300,8000,time_unit,0.0,9.082021890798642e-07,11.32,11.32,0.00011861571383424616,0.0001823306645449935,0.0,0.00012993579395830798,4,4,0.05,0.0,0.05,inverse_time_unit,True,0,1.0000000453181992,16000,time_unit,0.0001455180442373531,9.439494366395617e-07,22.903333333333336,22.906666666666666,0.0015525534450689723,0.0017239615749365083,0.0,0.0014090762496009994,4,4,0.05,0.0,0.05,inverse_time_unit,True,8000,0.9999987338684474,24000,time_unit,0.0,0.00010913580116723664,0.0,0.0,0.0001086293942281442,0.00015606008598226256,0.0,0.00011299039584728048,0,0,0.0,0.0,0.0,inverse_time_unit,True,16000,0.9999519513415152
344,0.0001625389549609331,1,[42],0.5373786650470919,18,0.708512968012775,forest,242,0.18464818345229345,ok,ok,2.2216319494158498e-06,42,0.026075542979086624,mean,0.9741063117743037,True,True,mean_plus_max,0.0,time_unit,0.00014551804423750819,0.00021546222593484573,11.405555555555557,11.408888888888889,0.017748639623835067,0.020062095839115723,3,0.0,0.026075542979086624,0.026075542979086624,0.026075542979086624,0.026075542979086624,0.0,2.6666666666666665,2.6666666666666665,0.03333333333333333,0.0,0.03333333333333333,inverse_time_unit,0.99952821325854,8000,"[{""end_in_validation_block"": 8000, ""inter_spike_interval_units"": ""time_unit"", ""isi_rel_error"": 0.0, ""mean_gap"": 5.324309226711103e-05, ""mean_isi_pred"": 11.32, ""mean_isi_true"": 11.32, ""nrmse"": 0.002727330028727302, ""nrmse_x"": 0.004144116885329127, ""penalty"": 0.0, ""score"": 0.0029610967941128452, ""spike_count_pred"": 4, ""spike_count_true"": 4, ""spike_frequency_pred"": 0.05, ""spike_frequency_rel_error"": 0.0, ""spike_frequency_true"": 0.05, ""spike_frequency_units"": ""inverse_time_unit"", ""stable"": true, ""start_in_validation_block"": 0, ""std_ratio"": 1.000028584675154, ""window_index"": 0}, {""end_in_validation_block"": 16000, ""inter_spike_interval_units"": ""time_unit"", ""isi_rel_error"": 0.0004365541327125246, ""mean_gap"": 0.000127716230237354, ""mean_isi_pred"": 22.896666666666665, ""mean_isi_true"": 22.906666666666666, ""nrmse"": 0.048721306045334395, ""nrmse_x"": 0.054049603236894436, ""penalty"": 0.0, ""score"": 0.042125885357981806, ""spike_count_pred"": 4, ""spike_count_true"": 4, ""spike_frequency_pred"": 0.05, ""spike_frequency_rel_error"": 0.0, ""spike_frequency_true"": 0.05, ""spike_frequency_units"": ""inverse_time_unit"", ""stable"": true, ""start_in_validation_block"": 8000, ""std_ratio"": 1.0000551132947113, ""window_index"": 1}, {""end_in_validation_block"": 24000, ""inter_spike_interval_units"": ""time_unit"", ""isi_rel_error"": 0.0, ""mean_gap"": 0.0004654273553000721, ""mean_isi_pred"": 0.0, ""mean_isi_true"": 0.0, ""nrmse"": 0.0017972827974435063, ""nrmse_x"": 0.0019925673951236072, ""penalty"": 0.0, ""score"": 0.0015452327666788605, ""spike_count_pred"": 0, ""spike_count_true"": 0, ""spike_frequency_pred"": 0.0, ""spike_frequency_rel_error"": 0.0, ""spike_frequency_true"": 0.0, ""spike_frequency_units"": ""inverse_time_unit"", ""stable"": true, ""start_in_validation_block"": 16000, ""std_ratio"": 0.998500941805755, ""window_index"": 2}]",362,8000,time_unit,0.0,5.324309226711103e-05,11.32,11.32,0.002727330028727302,0.004144116885329127,0.0,0.0029610967941128452,4,4,0.05,0.0,0.05,inverse_time_unit,True,0,1.000028584675154,16000,time_unit,0.0004365541327125246,0.000127716230237354,22.896666666666665,22.906666666666666,0.048721306045334395,0.054049603236894436,0.0,0.042125885357981806,4,4,0.05,0.0,0.05,inverse_time_unit,True,8000,1.0000551132947113,24000,time_unit,0.0,0.0004654273553000721,0.0,0.0,0.0017972827974435063,0.0019925673951236072,0.0,0.0015452327666788605,0,0,0.0,0.0,0.0,inverse_time_unit,True,16000,0.998500941805755
439,0.0001625389549609331,1,[42],0.3174714976427622,19,0.6499652697824099,forest,242,0.18941455518803124,ok,ok,4.360919274833116e-06,42,0.0428932995027691,mean,1.0892018645468333,True,True,mean_plus_max,0.0,time_unit,0.00038804811796663683,0.0007808206199766202,11.417777777777777,11.408888888888889,0.03016031820271392,0.03579482303156683,3,0.0,0.0428932995027691,0.0428932995027691,0.0428932995027691,0.0428932995027691,0.0,2.6666666666666665,2.6666666666666665,0.03333333333333333,0.0,0.03333333333333333,inverse_time_unit,1.0008528990319914,8000,"[{""end_in_validation_block"": 8000, ""inter_spike_interval_units"": ""time_unit"", ""isi_rel_error"": 0.0, ""mean_gap"": 7.99457526717596e-05, ""mean_isi_pred"": 11.32, ""mean_isi_true"": 11.32, ""nrmse"": 0.015171248992484494, ""nrmse_x"": 0.023358907281546108, ""penalty"": 0.0, ""score"": 0.016640211252971483, ""spike_count_pred"": 4, ""spike_count_true"": 4, ""spike_frequency_pred"": 0.05, ""spike_frequency_rel_error"": 0.0, ""spike_frequency_true"": 0.05, ""spike_frequency_units"": ""inverse_time_unit"", ""stable"": true, ""start_in_validation_block"": 0, ""std_ratio"": 1.0000483877575284, ""window_index"": 0}, {""end_in_validation_block"": 16000, ""inter_spike_interval_units"": ""time_unit"", ""isi_rel_error"": 0.0011641443538999104, ""mean_gap"": 4.992410487878378e-05, ""mean_isi_pred"": 22.933333333333334, ""mean_isi_true"": 22.906666666666666, ""nrmse"": 0.07123583343733676, ""nrmse_x"": 0.0790857133939964, ""penalty"": 0.0, ""score"": 0.06188817290298218, ""spike_count_pred"": 4, ""spike_count_true"": 4, ""spike_frequency_pred"": 0.05, ""spike_frequency_rel_error"": 0.0, ""spike_frequency_true"": 0.05, ""spike_frequency_units"": ""inverse_time_unit"", ""stable"": true, ""start_in_validation_block"": 8000, ""std_ratio"": 0.9999817644576938, ""window_index"": 1}, {""end_in_validation_block"": 24000, ""inter_spike_interval_units"": ""time_unit"", ""isi_rel_error"": 0.0, ""mean_gap"": 0.002212592002379317, ""mean_isi_pred"": 0.0, ""mean_isi_true"": 0.0, ""nrmse"": 0.004073872178320498, ""nrmse_x"": 0.004939848419157974, ""penalty"": 0.0, ""score"": 0.0037353846751170105, ""spike_count_pred"": 0, ""spike_count_true"": 0, ""spike_frequency_pred"": 0.0, ""spike_frequency_rel_error"": 0.0, ""spike_frequency_true"": 0.0, ""spike_frequency_units"": ""inverse_time_unit"", ""stable"": true, ""start_in_validation_block"": 16000, ""std_ratio"": 1.0025285448807517, ""window_index"": 2}]",287,8000,time_unit,0.0,7.99457526717596e-05,11.32,11.32,0.015171248992484494,0.023358907281546108,0.0,0.016640211252971483,4,4,0.05,0.0,0.05,inverse_time_unit,True,0,1.0000483877575284,16000,time_unit,0.0011641443538999104,4.992410487878378e-05,22.933333333333334,22.906666666666666,0.07123583343733676,0.0790857133939964,0.0,0.06188817290298218,4,4,0.05,0.0,0.05,inverse_time_unit,True,8000,0.9999817644576938,24000,time_unit,0.0,0.002212592002379317,0.0,0.0,0.004073872178320498,0.004939848419157974,0.0,0.0037353846751170105,0,0,0.0,0.0,0.0,inverse_time_unit,True,16000,1.0025285448807517
641,0.0001625389549609331,1,[42],0.8112386443602021,20,0.6972522928438848,forest,242,0.1853982086667696,ok,ok,6.870898147469511e-06,42,14.10435180631228,mean,1.190950287891226,True,True,mean_plus_max,0.0,time_unit,0.37406753042795454,5.1915357168038305,3.3122222222222217,11.408888888888889,2.6178109995200436,5.6003605390850995,3,5.3563409358421366,14.10435180631228,14.10435180631228,14.10435180631228,14.10435180631228,0.0,1.6666666666666667,2.6666666666666665,0.020833333333333332,0.25000000000000006,0.03333333333333333,inverse_time_unit,0.9209882727296472,8000,"[{""end_in_validation_block"": 8000, ""inter_spike_interval_units"": ""time_unit"", ""isi_rel_error"": 0.12220259128386349, ""mean_gap"": 0.005584342885068189, ""mean_isi_pred"": 9.936666666666666, ""mean_isi_true"": 11.32, ""nrmse"": 0.5050241496702864, ""nrmse_x"": 0.7342854859166809, ""penalty"": 0.0, ""score"": 0.5912143503136779, ""spike_count_pred"": 4, ""spike_count_true"": 4, ""spike_frequency_pred"": 0.05, ""spike_frequency_rel_error"": 0.0, ""spike_frequency_true"": 0.05, ""spike_frequency_units"": ""inverse_time_unit"", ""stable"": true, ""start_in_validation_block"": 0, ""std_ratio"": 0.9993071455053733, ""window_index"": 0}, {""end_in_validation_block"": 16000, ""inter_spike_interval_units"": ""time_unit"", ""isi_rel_error"": 1.0, ""mean_gap"": 4.568786651131812, ""mean_isi_pred"": 0.0, ""mean_isi_true"": 22.906666666666666, ""nrmse"": 4.4284481806640565, ""nrmse_x"": 5.021199927581611, ""penalty"": 4.568786651131812, ""score"": 9.687558656467711, ""spike_count_pred"": 1, ""spike_count_true"": 4, ""spike_frequency_pred"": 0.0125, ""spike_frequency_rel_error"": 0.7500000000000001, ""spike_frequency_true"": 0.05, ""spike_frequency_units"": ""inverse_time_unit"", ""stable"": true, ""start_in_validation_block"": 8000, ""std_ratio"": 1.7636576726835658, ""window_index"": 1}, {""end_in_validation_block"": 24000, ""inter_spike_interval_units"": ""time_unit"", ""isi_rel_error"": 0.0, ""mean_gap"": 11.000236156394612, ""mean_isi_pred"": 0.0, ""mean_isi_true"": 0.0, ""nrmse"": 2.919960668225788, ""nrmse_x"": 11.04559620375701, ""penalty"": 11.500236156394598, ""score"": 18.3053042355174, ""spike_count_pred"": 0, ""spike_count_true"": 0, ""spike_frequency_pred"": 0.0, ""spike_frequency_rel_error"": 0.0, ""spike_frequency_true"": 0.0, ""spike_frequency_units"": ""inverse_time_unit"", ""stable"": true, ""start_in_validation_block"": 16000, ""std_ratio"": 2.8690164840321904e-15, ""window_index"": 2}]",104,8000,time_unit,0.12220259128386349,0.005584342885068189,9.936666666666666,11.32,0.5050241496702864,0.7342854859166809,0.0,0.5912143503136779,4,4,0.05,0.0,0.05,inverse_time_unit,True,0,0.9993071455053733,16000,time_unit,1.0,4.568786651131812,0.0,22.906666666666666,4.4284481806640565,5.021199927581611,4.568786651131812,9.687558656467711,1,4,0.0125,0.7500000000000001,0.05,inverse_time_unit,True,8000,1.7636576726835658,24000,time_unit,0.0,11.000236156394612,0.0,0.0,2.919960668225788,11.04559620375701,11.500236156394598,18.3053042355174,0,0,0.0,0.0,0.0,inverse_time_unit,True,16000,2.8690164840321904e-15
426,0.0001625389549609331,1,[42],0.17657773686335232,21,0.6564926150417124,forest,242,0.19577400111563567,ok,ok,3.2705130085055066e-10,42,0.00028313864853077146,mean,1.0760651792327867,True,True,mean_plus_max,0.0,time_unit,0.0,1.7925362689254317e-05,11.408888888888889,11.408888888888889,0.00019515782567499943,0.00022778106152365152,3,0.0,0.00028313864853077146,0.00028313864853077146,0.00028313864853077146,0.00028313864853077146,0.0,2.6666666666666665,2.6666666666666665,0.03333333333333333,0.0,0.03333333333333333,inverse_time_unit,1.0000078144549187,8000,"[{""end_in_validation_block"": 8000, ""inter_spike_interval_units"": ""time_unit"", ""isi_rel_error"": 0.0, ""mean_gap"": 8.712300719331258e-08, ""mean_isi_pred"": 11.32, ""mean_isi_true"": 11.32, ""nrmse"": 2.8714639749989454e-05, ""nrmse_x"": 4.4070051224024097e-05, ""penalty"": 0.0, ""score"": 3.1417188110710617e-05, ""spike_count_pred"": 4, ""spike_count_true"": 4, ""spike_frequency_pred"": 0.05, ""spike_frequency_rel_error"": 0.0, ""spike_frequency_true"": 0.05, ""spike_frequency_units"": ""inverse_time_unit"", ""stable"": true, ""start_in_validation_block"": 0, ""std_ratio"": 0.9999998821575945, ""window_index"": 0}, {""end_in_validation_block"": 16000, ""inter_spike_interval_units"": ""time_unit"", ""isi_rel_error"": 0.0, ""mean_gap"": 2.776434105345535e-07, ""mean_isi_pred"": 22.906666666666666, ""mean_isi_true"": 22.906666666666666, ""nrmse"": 0.0005068074118791821, ""nrmse_x"": 0.0005628665093204685, ""penalty"": 0.0, ""score"": 0.0004362784330960532, ""spike_count_pred"": 4, ""spike_count_true"": 4, ""spike_frequency_pred"": 0.05, ""spike_frequency_rel_error"": 0.0, ""spike_frequency_true"": 0.05, ""spike_frequency_units"": ""inverse_time_unit"", ""stable"": true, ""start_in_validation_block"": 8000, ""std_ratio"": 1.0000001584580835, ""window_index"": 1}, {""end_in_validation_block"": 24000, ""inter_spike_interval_units"": ""time_unit"", ""isi_rel_error"": 0.0, ""mean_gap"": 5.3411321650035085e-05, ""mean_isi_pred"": 0.0, ""mean_isi_true"": 0.0, ""nrmse"": 4.995142539582676e-05, ""nrmse_x"": 7.640662402646201e-05, ""penalty"": 0.0, ""score"": 5.45114995635108e-05, ""spike_count_pred"": 0, ""spike_count_true"": 0, ""spike_frequency_pred"": 0.0, ""spike_frequency_rel_error"": 0.0, ""spike_frequency_true"": 0.0, ""spike_frequency_units"": ""inverse_time_unit"", ""stable"": true, ""start_in_validation_block"": 16000, ""std_ratio"": 1.0000234027490784, ""window_index"": 2}]",50,8000,time_unit,0.0,8.712300719331258e-08,11.32,11.32,2.8714639749989454e-05,4.4070051224024097e-05,0.0,3.1417188110710617e-05,4,4,0.05,0.0,0.05,inverse_time_unit,True,0,0.9999998821575945,16000,time_unit,0.0,2.776434105345535e-07,22.906666666666666,22.906666666666666,0.0005068074118791821,0.0005628665093204685,0.0,0.0004362784330960532,4,4,0.05,0.0,0.05,inverse_time_unit,True,8000,1.0000001584580835,24000,time_unit,0.0,5.3411321650035085e-05,0.0,0.0,4.995142539582676e-05,7.640662402646201e-05,0.0,5.45114995635108e-05,0,0,0.0,0.0,0.0,inverse_time_unit,True,16000,1.0000234027490784
263,0.0001625389549609331,1,[42],0.8528658152208447,22,0.1197780442458756,forest,242,0.18371015995662116,ok,ok,2.674029067168788e-09,42,0.00314798525846127,mean,1.1169899659111997,True,True,mean_plus_max,0.0,time_unit,0.0,0.00019503326979224947,11.408888888888889,11.408888888888889,0.002325424393195876,0.0029442979770274214,3,0.0,0.00314798525846127,0.00314798525846127,0.00314798525846127,0.00314798525846127,0.0,2.6666666666666665,2.6666666666666665,0.03333333333333333,0.0,0.03333333333333333,inverse_time_unit,1.000086812116886,8000,"[{""end_in_validation_block"": 8000, ""inter_spike_interval_units"": ""time_unit"", ""isi_rel_error"": 0.0, ""mean_gap"": 5.519130334449029e-06, ""mean_isi_pred"": 11.32, ""mean_isi_true"": 11.32, ""nrmse"": 0.001944516193599251, ""nrmse_x"": 0.002994810358110067, ""penalty"": 0.0, ""score"": 0.0021332747453603495, ""spike_count_pred"": 4, ""spike_count_true"": 4, ""spike_frequency_pred"": 0.05, ""spike_frequency_rel_error"": 0.0, ""spike_frequency_true"": 0.05, ""spike_frequency_units"": ""inverse_time_unit"", ""stable"": true, ""start_in_validation_block"": 0, ""std_ratio"": 1.0000000158224716, ""window_index"": 0}, {""end_in_validation_block"": 16000, ""inter_spike_interval_units"": ""time_unit"", ""isi_rel_error"": 0.0, ""mean_gap"": 8.268910264136893e-06, ""mean_isi_pred"": 22.906666666666666, ""mean_isi_true"": 22.906666666666666, ""nrmse"": 0.004405333213115801, ""nrmse_x"": 0.0048867777961998675, ""penalty"": 0.0, ""score"": 0.0037890610911888774, ""spike_count_pred"": 4, ""spike_count_true"": 4, ""spike_frequency_pred"": 0.05, ""spike_frequency_rel_error"": 0.0, ""spike_frequency_true"": 0.05, ""spike_frequency_units"": ""inverse_time_unit"", ""stable"": true, ""start_in_validation_block"": 8000, ""std_ratio"": 1.0000109276352571, ""window_index"": 1}, {""end_in_validation_block"": 24000, ""inter_spike_interval_units"": ""time_unit"", ""isi_rel_error"": 0.0, ""mean_gap"": 0.0005713117687781625, ""mean_isi_pred"": 0.0, ""mean_isi_true"": 0.0, ""nrmse"": 0.0006264237728725758, ""nrmse_x"": 0.0009513057767723306, ""penalty"": 0.0, ""score"": 0.0006798241204429259, ""spike_count_pred"": 0, ""spike_count_true"": 0, ""spike_frequency_pred"": 0.0, ""spike_frequency_rel_error"": 0.0, ""spike_frequency_true"": 0.0, ""spike_frequency_units"": ""inverse_time_unit"", ""stable"": true, ""start_in_validation_block"": 16000, ""std_ratio"": 1.0002494928929293, ""window_index"": 2}]",89,8000,time_unit,0.0,5.519130334449029e-06,11.32,11.32,0.001944516193599251,0.002994810358110067,0.0,0.0021332747453603495,4,4,0.05,0.0,0.05,inverse_time_unit,True,0,1.0000000158224716,16000,time_unit,0.0,8.268910264136893e-06,22.906666666666666,22.906666666666666,0.004405333213115801,0.0048867777961998675,0.0,0.0037890610911888774,4,4,0.05,0.0,0.05,inverse_time_unit,True,8000,1.0000109276352571,24000,time_unit,0.0,0.0005713117687781625,0.0,0.0,0.0006264237728725758,0.0009513057767723306,0.0,0.0006798241204429259,0,0,0.0,0.0,0.0,inverse_time_unit,True,16000,1.0002494928929293
311,0.0001625389549609331,1,[42],0.3766904266772883,23,0.644088251929992,forest,242,0.18847344252258616,ok,ok,4.5939703207614685e-06,42,0.021469747776044122,mean,1.0437676905542663,True,True,mean_plus_max,0.0,time_unit,0.0002910360884749647,0.0005832185351939387,11.402222222222221,11.408888888888889,0.01452941639712217,0.016451168498177446,3,0.0,0.021469747776044122,0.021469747776044122,0.021469747776044122,0.021469747776044122,0.0,2.6666666666666665,2.6666666666666665,0.03333333333333333,0.0,0.03333333333333333,inverse_time_unit,0.9994054150854778,8000,"[{""end_in_validation_block"": 8000, ""inter_spike_interval_units"": ""time_unit"", ""isi_rel_error"": 0.0, ""mean_gap"": 0.00010859194525824882, ""mean_isi_pred"": 11.32, ""mean_isi_true"": 11.32, ""nrmse"": 0.0012528921142311467, ""nrmse_x"": 0.0018610402295471242, ""penalty"": 0.0, ""score"": 0.001336795154808705, ""spike_count_pred"": 4, ""spike_count_true"": 4, ""spike_frequency_pred"": 0.05, ""spike_frequency_rel_error"": 0.0, ""spike_frequency_true"": 0.05, ""spike_frequency_units"": ""inverse_time_unit"", ""stable"": true, ""start_in_validation_block"": 0, ""std_ratio"": 1.000064853871545, ""window_index"": 0}, {""end_in_validation_block"": 16000, ""inter_spike_interval_units"": ""time_unit"", ""isi_rel_error"": 0.0008731082654248941, ""mean_gap"": 4.931848833075749e-06, ""mean_isi_pred"": 22.886666666666667, ""mean_isi_true"": 22.906666666666666, ""nrmse"": 0.03965812523613045, ""nrmse_x"": 0.04404335707703446, ""penalty"": 0.0, ""score"": 0.03457493183411401, ""spike_count_pred"": 4, ""spike_count_true"": 4, ""spike_frequency_pred"": 0.05, ""spike_frequency_rel_error"": 0.0, ""spike_frequency_true"": 0.05, ""spike_frequency_units"": ""inverse_time_unit"", ""stable"": true, ""start_in_validation_block"": 8000, ""std_ratio"": 0.9999942359130597, ""window_index"": 1}, {""end_in_validation_block"": 24000, ""inter_spike_interval_units"": ""time_unit"", ""isi_rel_error"": 0.0, ""mean_gap"": 0.0016361318114904914, ""mean_isi_pred"": 0.0, ""mean_isi_true"": 0.0, ""nrmse"": 0.0026772318410049145, ""nrmse_x"": 0.0034491081879507515, ""penalty"": 0.0, ""score"": 0.002566317463624142, ""spike_count_pred"": 0, ""spike_count_true"": 0, ""spike_frequency_pred"": 0.0, ""spike_frequency_rel_error"": 0.0, ""spike_frequency_true"": 0.0, ""spike_frequency_units"": ""inverse_time_unit"", ""stable"": true, ""start_in_validation_block"": 16000, ""std_ratio"": 0.9981571554718285, ""window_index"": 2}]",75,8000,time_unit,0.0,0.00010859194525824882,11.32,11.32,0.0012528921142311467,0.0018610402295471242,0.0,0.001336795154808705,4,4,0.05,0.0,0.05,inverse_time_unit,True,0,1.000064853871545,16000,time_unit,0.0008731082654248941,4.931848833075749e-06,22.886666666666667,22.906666666666666,0.03965812523613045,0.04404335707703446,0.0,0.03457493183411401,4,4,0.05,0.0,0.05,inverse_time_unit,True,8000,0.9999942359130597,24000,time_unit,0.0,0.0016361318114904914,0.0,0.0,0.0026772318410049145,0.0034491081879507515,0.0,0.002566317463624142,0,0,0.0,0.0,0.0,inverse_time_unit,True,16000,0.9981571554718285
321,0.0001625389549609331,1,[42],0.21337549876011364,24,0.6763872027586989,forest,242,0.18041070001384868,ok,ok,4.418324948574414e-06,42,0.021018876355078826,mean,1.1178898574510865,True,True,mean_plus_max,0.0,time_unit,0.00019516672128585123,7.043470888822767e-05,11.405555555555557,11.408888888888889,0.01490741513528855,0.017885729953770246,3,0.0,0.021018876355078826,0.021018876355078826,0.021018876355078826,0.021018876355078826,0.0,2.6666666666666665,2.6666666666666665,0.03333333333333333,0.0,0.03333333333333333,inverse_time_unit,0.999685183245509,8000,"[{""end_in_validation_block"": 8000, ""inter_spike_interval_units"": ""time_unit"", ""isi_rel_error"": 0.0002944640753826924, ""mean_gap"": 9.500533662293955e-05, ""mean_isi_pred"": 11.316666666666668, ""mean_isi_true"": 11.32, ""nrmse"": 0.009627457737901165, ""nrmse_x"": 0.014821458095305788, ""penalty"": 0.0, ""score"": 0.01070589842458482, ""spike_count_pred"": 4, ""spike_count_true"": 4, ""spike_frequency_pred"": 0.05, ""spike_frequency_rel_error"": 0.0, ""spike_frequency_true"": 0.05, ""spike_frequency_units"": ""inverse_time_unit"", ""stable"": true, ""start_in_validation_block"": 0, ""std_ratio"": 0.9999433788596191, ""window_index"": 0}, {""end_in_validation_block"": 16000, ""inter_spike_interval_units"": ""time_unit"", ""isi_rel_error"": 0.0002910360884748613, ""mean_gap"": 7.32015414811259e-05, ""mean_isi_pred"": 22.900000000000002, ""mean_isi_true"": 22.906666666666666, ""nrmse"": 0.03404412266347068, ""nrmse_x"": 0.03776836769828257, ""penalty"": 0.0, ""score"": 0.029429150944160515, ""spike_count_pred"": 4, ""spike_count_true"": 4, ""spike_frequency_pred"": 0.05, ""spike_frequency_rel_error"": 0.0, ""spike_frequency_true"": 0.05, ""spike_frequency_units"": ""inverse_time_unit"", ""stable"": true, ""start_in_validation_block"": 8000, ""std_ratio"": 1.000030373788775, ""window_index"": 1}, {""end_in_validation_block"": 24000, ""inter_spike_interval_units"": ""time_unit"", ""isi_rel_error"": 0.0, ""mean_gap"": 4.309724856061756e-05, ""mean_isi_pred"": 0.0, ""mean_isi_true"": 0.0, ""nrmse"": 0.0010506650044938084, ""nrmse_x"": 0.0010673640677223862, ""penalty"": 0.0, ""score"": 0.0008497164883707645, ""spike_count_pred"": 0, ""spike_count_true"": 0, ""spike_frequency_pred"": 0.0, ""spike_frequency_rel_error"": 0.0, ""spike_frequency_true"": 0.0, ""spike_frequency_units"": ""inverse_time_unit"", ""stable"": true, ""start_in_validation_block"": 16000, ""std_ratio"": 0.9990817970881333, ""window_index"": 2}]",75,8000,time_unit,0.0002944640753826924,9.500533662293955e-05,11.316666666666668,11.32,0.009627457737901165,0.014821458095305788,0.0,0.01070589842458482,4,4,0.05,0.0,0.05,inverse_time_unit,True,0,0.9999433788596191,16000,time_unit,0.0002910360884748613,7.32015414811259e-05,22.900000000000002,22.906666666666666,0.03404412266347068,0.03776836769828257,0.0,0.029429150944160515,4,4,0.05,0.0,0.05,inverse_time_unit,True,8000,1.000030373788775,24000,time_unit,0.0,4.309724856061756e-05,0.0,0.0,0.0010506650044938084,0.0010673640677223862,0.0,0.0008497164883707645,0,0,0.0,0.0,0.0,inverse_time_unit,True,16000,0.9990817970881333
357,0.0001625389549609331,1,[42],0.589820843520546,25,0.6708694296315107,forest,242,0.13678468823885107,ok,ok,5.509551404269086e-06,42,4.2694503704043525,mean,1.0663036655535056,True,True,mean_plus_max,0.0,time_unit,0.3845071788901824,0.9663307551773449,19.963333333333335,11.408888888888889,0.8316845866941875,1.5708873034341753,3,0.9078349707369031,4.2694503704043525,4.2694503704043525,4.2694503704043525,4.2694503704043525,0.0,3.0,2.6666666666666665,0.0375,0.4166666666666667,0.03333333333333333,inverse_time_unit,1.3779905209496954,8000,"[{""end_in_validation_block"": 8000, ""inter_spike_interval_units"": ""time_unit"", ""isi_rel_error"": 0.0, ""mean_gap"": 0.00016663977393034828, ""mean_isi_pred"": 11.32, ""mean_isi_true"": 11.32, ""nrmse"": 0.008441472185756251, ""nrmse_x"": 0.012956131375089042, ""penalty"": 0.0, ""score"": 0.009236240302738036, ""spike_count_pred"": 4, ""spike_count_true"": 4, ""spike_frequency_pred"": 0.05, ""spike_frequency_rel_error"": 0.0, ""spike_frequency_true"": 0.05, ""spike_frequency_units"": ""inverse_time_unit"", ""stable"": true, ""start_in_validation_block"": 0, ""std_ratio"": 0.9998883060318582, ""window_index"": 0}, {""end_in_validation_block"": 16000, ""inter_spike_interval_units"": ""time_unit"", ""isi_rel_error"": 0.1535215366705471, ""mean_gap"": 0.175320713547395, ""mean_isi_pred"": 19.39, ""mean_isi_true"": 22.906666666666666, ""nrmse"": 0.8371000450142951, ""nrmse_x"": 0.9046858752146061, ""penalty"": 0.0, ""score"": 1.0336130109568809, ""spike_count_pred"": 3, ""spike_count_true"": 4, ""spike_frequency_pred"": 0.0375, ""spike_frequency_rel_error"": 0.25000000000000006, ""spike_frequency_true"": 0.05, ""spike_frequency_units"": ""inverse_time_unit"", ""stable"": true, ""start_in_validation_block"": 8000, ""std_ratio"": 0.9130329709070382, ""window_index"": 1}, {""end_in_validation_block"": 24000, ""inter_spike_interval_units"": ""time_unit"", ""isi_rel_error"": 1.0, ""mean_gap"": 2.7235049122107093, ""mean_isi_pred"": 29.18, ""mean_isi_true"": 0.0, ""nrmse"": 1.6495122428825113, ""nrmse_x"": 3.7950199037128303, ""penalty"": 2.7235049122107093, ""score"": 6.723143919973394, ""spike_count_pred"": 2, ""spike_count_true"": 0, ""spike_frequency_pred"": 0.025, ""spike_frequency_rel_error"": 1.0, ""spike_frequency_true"": 0.0, ""spike_frequency_units"": ""inverse_time_unit"", ""stable"": true, ""start_in_validation_block"": 16000, ""std_ratio"": 2.2210502859101897, ""window_index"": 2}]",68,8000,time_unit,0.0,0.00016663977393034828,11.32,11.32,0.008441472185756251,0.012956131375089042,0.0,0.009236240302738036,4,4,0.05,0.0,0.05,inverse_time_unit,True,0,0.9998883060318582,16000,time_unit,0.1535215366705471,0.175320713547395,19.39,22.906666666666666,0.8371000450142951,0.9046858752146061,0.0,1.0336130109568809,3,4,0.0375,0.25000000000000006,0.05,inverse_time_unit,True,8000,0.9130329709070382,24000,time_unit,1.0,2.7235049122107093,29.18,0.0,1.6495122428825113,3.7950199037128303,2.7235049122107093,6.723143919973394,2,0,0.025,1.0,0.0,inverse_time_unit,True,16000,2.2210502859101897
454,0.0001625389549609331,1,[42],0.24174149130156647,26,0.4179433292339,forest,242,0.18898913748414672,ok,ok,1.4953970428638757e-06,42,21.692447413737625,mean,1.0698898114877495,True,True,mean_plus_max,0.0,time_unit,0.6666666666666666,8.499019935248375,0.0,11.408888888888889,4.053567914982014,8.701872058759824,3,8.832353268581704,21.692447413737625,21.692447413737625,21.692447413737625,21.692447413737625,0.0,0.0,2.6666666666666665,0.0,0.6666666666666666,0.03333333333333333,inverse_time_unit,0.5112116127353031,8000,"[{""end_in_validation_block"": 8000, ""inter_spike_interval_units"": ""time_unit"", ""isi_rel_error"": 1.0, ""mean_gap"": 4.33682674578805, ""mean_isi_pred"": 0.0, ""mean_isi_true"": 11.32, ""nrmse"": 3.0556655903030583, ""nrmse_x"": 4.8342249581877645, ""penalty"": 4.33682674578805, ""score"": 9.259566870367085, ""spike_count_pred"": 0, ""spike_count_true"": 4, ""spike_frequency_pred"": 0.0, ""spike_frequency_rel_error"": 1.0, ""spike_frequency_true"": 0.05, ""spike_frequency_units"": ""inverse_time_unit"", ""stable"": true, ""start_in_validation_block"": 0, ""std_ratio"": 1.5336348382059068, ""window_index"": 0}, {""end_in_validation_block"": 16000, ""inter_spike_interval_units"": ""time_unit"", ""isi_rel_error"": 1.0, ""mean_gap"": 6.434441780208821, ""mean_isi_pred"": 0.0, ""mean_isi_true"": 22.906666666666666, ""nrmse"": 5.508796495179271, ""nrmse_x"": 6.511684960353723, ""penalty"": 6.93444178020882, ""score"": 13.393067632198186, ""spike_count_pred"": 0, ""spike_count_true"": 4, ""spike_frequency_pred"": 0.0, ""spike_frequency_rel_error"": 1.0, ""spike_frequency_true"": 0.05, ""spike_frequency_units"": ""inverse_time_unit"", ""stable"": true, ""start_in_validation_block"": 8000, ""std_ratio"": 1.0465455125906657e-16, ""window_index"": 1}, {""end_in_validation_block"": 24000, ""inter_spike_interval_units"": ""time_unit"", ""isi_rel_error"": 0.0, ""mean_gap"": 14.725791279748254, ""mean_isi_pred"": 0.0, ""mean_isi_true"": 0.0, ""nrmse"": 3.5962416594637134, ""nrmse_x"": 14.75970625773798, ""penalty"": 15.22579127974824, ""score"": 24.242690136370058, ""spike_count_pred"": 0, ""spike_count_true"": 0, ""spike_frequency_pred"": 0.0, ""spike_frequency_rel_error"": 0.0, ""spike_frequency_true"": 0.0, ""spike_frequency_units"": ""inverse_time_unit"", ""stable"": true, ""start_in_validation_block"": 16000, ""std_ratio"": 2.7102461249501634e-15, ""window_index"": 2}]",54,8000,time_unit,1.0,4.33682674578805,0.0,11.32,3.0556655903030583,4.8342249581877645,4.33682674578805,9.259566870367085,0,4,0.0,1.0,0.05,inverse_time_unit,True,0,1.5336348382059068,16000,time_unit,1.0,6.434441780208821,0.0,22.906666666666666,5.508796495179271,6.511684960353723,6.93444178020882,13.393067632198186,0,4,0.0,1.0,0.05,inverse_time_unit,True,8000,1.0465455125906657e-16,24000,time_unit,0.0,14.725791279748254,0.0,0.0,3.5962416594637134,14.75970625773798,15.22579127974824,24.242690136370058,0,0,0.0,0.0,0.0,inverse_time_unit,True,16000,2.7102461249501634e-15
258,0.0001625389549609331,1,[42],0.45478572308426374,27,0.7006922154980637,forest,242,0.18619473629833866,ok,ok,1.2878163939758478e-09,42,0.00271080766454252,mean,1.180193856337263,True,True,mean_plus_max,0.0,time_unit,4.8506014745784366e-05,0.0001293922546897358,11.40777777777778,11.408888888888889,0.0019079798105185914,0.0023142811136029995,3,0.0,0.00271080766454252,0.00271080766454252,0.00271080766454252,0.00271080766454252,0.0,2.6666666666666665,2.6666666666666665,0.03333333333333333,0.0,0.03333333333333333,inverse_time_unit,1.0000040548219487,8000,"[{""end_in_validation_block"": 8000, ""inter_spike_interval_units"": ""time_unit"", ""isi_rel_error"": 0.0, ""mean_gap"": 8.228507900859158e-07, ""mean_isi_pred"": 11.32, ""mean_isi_true"": 11.32, ""nrmse"": 0.001035469599200435, ""nrmse_x"": 0.0015960810593500941, ""penalty"": 0.0, ""score"": 0.0011367119824426605, ""spike_count_pred"": 4, ""spike_count_true"": 4, ""spike_frequency_pred"": 0.05, ""spike_frequency_rel_error"": 0.0, ""spike_frequency_true"": 0.05, ""spike_frequency_units"": ""inverse_time_unit"", ""stable"": true, ""start_in_validation_block"": 0, ""std_ratio"": 1.000006684733954, ""window_index"": 0}, {""end_in_validation_block"": 16000, ""inter_spike_interval_units"": ""time_unit"", ""isi_rel_error"": 0.0001455180442373531, ""mean_gap"": 2.99892233930023e-06, ""mean_isi_pred"": 22.903333333333336, ""mean_isi_true"": 22.906666666666666, ""nrmse"": 0.00427822047820106, ""nrmse_x"": 0.004735465866480687, ""penalty"": 0.0, ""score"": 0.0037468203682333194, ""spike_count_pred"": 4, ""spike_count_true"": 4, ""spike_frequency_pred"": 0.05, ""spike_frequency_rel_error"": 0.0, ""spike_frequency_true"": 0.05, ""spike_frequency_units"": ""inverse_time_unit"", ""stable"": true, ""start_in_validation_block"": 8000, ""std_ratio"": 0.9999879606940155, ""window_index"": 1}, {""end_in_validation_block"": 24000, ""inter_spike_interval_units"": ""time_unit"", ""isi_rel_error"": 0.0, ""mean_gap"": 0.0003843549909398213, ""mean_isi_pred"": 0.0, ""mean_isi_true"": 0.0, ""nrmse"": 0.0004102493541542804, ""nrmse_x"": 0.0006112964149782176, ""penalty"": 0.0, ""score"": 0.0004387753667765898, ""spike_count_pred"": 0, ""spike_count_true"": 0, ""spike_frequency_pred"": 0.0, ""spike_frequency_rel_error"": 0.0, ""spike_frequency_true"": 0.0, ""spike_frequency_units"": ""inverse_time_unit"", ""stable"": true, ""start_in_validation_block"": 16000, ""std_ratio"": 1.000017519037877, ""window_index"": 2}]",329,8000,time_unit,0.0,8.228507900859158e-07,11.32,11.32,0.001035469599200435,0.0015960810593500941,0.0,0.0011367119824426605,4,4,0.05,0.0,0.05,inverse_time_unit,True,0,1.000006684733954,16000,time_unit,0.0001455180442373531,2.99892233930023e-06,22.903333333333336,22.906666666666666,0.00427822047820106,0.004735465866480687,0.0,0.0037468203682333194,4,4,0.05,0.0,0.05,inverse_time_unit,True,8000,0.9999879606940155,24000,time_unit,0.0,0.0003843549909398213,0.0,0.0,0.0004102493541542804,0.0006112964149782176,0.0,0.0004387753667765898,0,0,0.0,0.0,0.0,inverse_time_unit,True,16000,1.000017519037877
313,0.0001625389549609331,1,[42],0.10085429647084569,28,0.746559415302212,forest,242,0.19474430062368225,ok,ok,8.461835607959678e-10,42,0.0004570685932362915,mean,1.0087147062417137,True,True,mean_plus_max,0.0,time_unit,4.8506014745784366e-05,8.884062507873315e-06,11.40777777777778,11.408888888888889,0.0003007820918188747,0.00036861639121690636,3,0.0,0.0004570685932362915,0.0004570685932362915,0.0004570685932362915,0.0004570685932362915,0.0,2.6666666666666665,2.6666666666666665,0.03333333333333333,0.0,0.03333333333333333,inverse_time_unit,0.9999943732106894,8000,"[{""end_in_validation_block"": 8000, ""inter_spike_interval_units"": ""time_unit"", ""isi_rel_error"": 0.0, ""mean_gap"": 2.3637584887501535e-06, ""mean_isi_pred"": 11.32, ""mean_isi_true"": 11.32, ""nrmse"": 0.00023312492321221826, ""nrmse_x"": 0.0003583115664096892, ""penalty"": 0.0, ""score"": 0.00025535259232838364, ""spike_count_pred"": 4, ""spike_count_true"": 4, ""spike_frequency_pred"": 0.05, ""spike_frequency_rel_error"": 0.0, ""spike_frequency_true"": 0.05, ""spike_frequency_units"": ""inverse_time_unit"", ""stable"": true, ""start_in_validation_block"": 0, ""std_ratio"": 1.000000966437115, ""window_index"": 0}, {""end_in_validation_block"": 16000, ""inter_spike_interval_units"": ""time_unit"", ""isi_rel_error"": 0.0001455180442373531, ""mean_gap"": 3.3355411857420266e-07, ""mean_isi_pred"": 22.903333333333336, ""mean_isi_true"": 22.906666666666666, ""nrmse"": 0.0006352833389985233, ""nrmse_x"": 0.0007053533347076746, ""penalty"": 0.0, ""score"": 0.0006195241909575284, ""spike_count_pred"": 4, ""spike_count_true"": 4, ""spike_frequency_pred"": 0.05, ""spike_frequency_rel_error"": 0.0, ""spike_frequency_true"": 0.05, ""spike_frequency_units"": ""inverse_time_unit"", ""stable"": true, ""start_in_validation_block"": 8000, ""std_ratio"": 1.000000078250034, ""window_index"": 1}, {""end_in_validation_block"": 24000, ""inter_spike_interval_units"": ""time_unit"", ""isi_rel_error"": 0.0, ""mean_gap"": 2.395487491629559e-05, ""mean_isi_pred"": 0.0, ""mean_isi_true"": 0.0, ""nrmse"": 3.393801324588244e-05, ""nrmse_x"": 4.218427253335535e-05, ""penalty"": 0.0, ""score"": 3.1685853204816055e-05, ""spike_count_pred"": 0, ""spike_count_true"": 0, ""spike_frequency_pred"": 0.0, ""spike_frequency_rel_error"": 0.0, ""spike_frequency_true"": 0.0, ""spike_frequency_units"": ""inverse_time_unit"", ""stable"": true, ""start_in_validation_block"": 16000, ""std_ratio"": 0.9999820749449186, ""window_index"": 2}]",207,8000,time_unit,0.0,2.3637584887501535e-06,11.32,11.32,0.00023312492321221826,0.0003583115664096892,0.0,0.00025535259232838364,4,4,0.05,0.0,0.05,inverse_time_unit,True,0,1.000000966437115,16000,time_unit,0.0001455180442373531,3.3355411857420266e-07,22.903333333333336,22.906666666666666,0.0006352833389985233,0.0007053533347076746,0.0,0.0006195241909575284,4,4,0.05,0.0,0.05,inverse_time_unit,True,8000,1.000000078250034,24000,time_unit,0.0,2.395487491629559e-05,0.0,0.0,3.393801324588244e-05,4.218427253335535e-05,0.0,3.1685853204816055e-05,0,0,0.0,0.0,0.0,inverse_time_unit,True,16000,0.9999820749449186
370,0.0001625389549609331,1,[42],0.6373276895978581,29,0.7477302472003833,forest,242,0.19553640794236607,ok,ok,2.5497854809796754e-09,42,0.0021531900468651256,mean,1.0403915220101383,True,True,mean_plus_max,0.0,time_unit,4.8506014745784366e-05,5.447379197113445e-05,11.40777777777778,11.408888888888889,0.0014757090468517228,0.0017350972105014894,3,0.0,0.0021531900468651256,0.0021531900468651256,0.0021531900468651256,0.0021531900468651256,0.0,2.6666666666666665,2.6666666666666665,0.03333333333333333,0.0,0.03333333333333333,inverse_time_unit,0.9999583784609536,8000,"[{""end_in_validation_block"": 8000, ""inter_spike_interval_units"": ""time_unit"", ""isi_rel_error"": 0.0, ""mean_gap"": 2.3589204097825236e-06, ""mean_isi_pred"": 11.32, ""mean_isi_true"": 11.32, ""nrmse"": 0.0005696921189351418, ""nrmse_x"": 0.0008771771627042504, ""penalty"": 0.0, ""score"": 0.0006248704692211231, ""spike_count_pred"": 4, ""spike_count_true"": 4, ""spike_frequency_pred"": 0.05, ""spike_frequency_rel_error"": 0.0, ""spike_frequency_true"": 0.05, ""spike_frequency_units"": ""inverse_time_unit"", ""stable"": true, ""start_in_validation_block"": 0, ""std_ratio"": 0.9999986516938271, ""window_index"": 0}, {""end_in_validation_block"": 16000, ""inter_spike_interval_units"": ""time_unit"", ""isi_rel_error"": 0.0001455180442373531, ""mean_gap"": 2.7064046037647046e-06, ""mean_isi_pred"": 22.903333333333336, ""mean_isi_true"": 22.906666666666666, ""nrmse"": 0.003660602656154383, ""nrmse_x"": 0.004063482839739385, ""penalty"": 0.0, ""score"": 0.0032228252480139344, ""spike_count_pred"": 4, ""spike_count_true"": 4, ""spike_frequency_pred"": 0.05, ""spike_frequency_rel_error"": 0.0, ""spike_frequency_true"": 0.05, ""spike_frequency_units"": ""inverse_time_unit"", ""stable"": true, ""start_in_validation_block"": 8000, ""std_ratio"": 1.00000100592724, ""window_index"": 1}, {""end_in_validation_block"": 24000, ""inter_spike_interval_units"": ""time_unit"", ""isi_rel_error"": 0.0, ""mean_gap"": 0.00015835605089985612, ""mean_isi_pred"": 0.0, ""mean_isi_true"": 0.0, ""nrmse"": 0.0001968323654656442, ""nrmse_x"": 0.0002646316290608331, ""penalty"": 0.0, ""score"": 0.00019475548734986924, ""spike_count_pred"": 0, ""spike_count_true"": 0, ""spike_frequency_pred"": 0.0, ""spike_frequency_rel_error"": 0.0, ""spike_frequency_true"": 0.0, ""spike_frequency_units"": ""inverse_time_unit"", ""stable"": true, ""start_in_validation_block"": 16000, ""std_ratio"": 0.999875477761794, ""window_index"": 2}]",144,8000,time_unit,0.0,2.3589204097825236e-06,11.32,11.32,0.0005696921189351418,0.0008771771627042504,0.0,0.0006248704692211231,4,4,0.05,0.0,0.05,inverse_time_unit,True,0,0.9999986516938271,16000,time_unit,0.0001455180442373531,2.7064046037647046e-06,22.903333333333336,22.906666666666666,0.003660602656154383,0.004063482839739385,0.0,0.0032228252480139344,4,4,0.05,0.0,0.05,inverse_time_unit,True,8000,1.00000100592724,24000,time_unit,0.0,0.00015835605089985612,0.0,0.0,0.0001968323654656442,0.0002646316290608331,0.0,0.00019475548734986924,0,0,0.0,0.0,0.0,inverse_time_unit,True,16000,0.999875477761794
391,0.0001625389549609331,1,[42],0.14700920537151935,30,0.7915924003732158,forest,242,0.19838674154405314,ok,ok,8.294041703292342e-09,42,0.0025904648957962434,mean,0.954557929637571,True,True,mean_plus_max,0.0,time_unit,0.0,0.00015357796196850869,11.408888888888889,11.408888888888889,0.001794310906146022,0.002112447699791572,3,0.0,0.0025904648957962434,0.0025904648957962434,0.0025904648957962434,0.0025904648957962434,0.0,2.6666666666666665,2.6666666666666665,0.03333333333333333,0.0,0.03333333333333333,inverse_time_unit,1.0000625456617074,8000,"[{""end_in_validation_block"": 8000, ""inter_spike_interval_units"": ""time_unit"", ""isi_rel_error"": 0.0, ""mean_gap"": 4.473665441312741e-06, ""mean_isi_pred"": 11.32, ""mean_isi_true"": 11.32, ""nrmse"": 0.00042069463022104884, ""nrmse_x"": 0.0006460843848584528, ""penalty"": 0.0, ""score"": 0.0004605200692274113, ""spike_count_pred"": 4, ""spike_count_true"": 4, ""spike_frequency_pred"": 0.05, ""spike_frequency_rel_error"": 0.0, ""spike_frequency_true"": 0.05, ""spike_frequency_units"": ""inverse_time_unit"", ""stable"": true, ""start_in_validation_block"": 0, ""std_ratio"": 1.0000010815961102, ""window_index"": 0}, {""end_in_validation_block"": 16000, ""inter_spike_interval_units"": ""time_unit"", ""isi_rel_error"": 0.0, ""mean_gap"": 1.043785901241216e-05, ""mean_isi_pred"": 22.906666666666666, ""mean_isi_true"": 22.906666666666666, ""nrmse"": 0.004554701208613791, ""nrmse_x"": 0.005057251700625536, ""penalty"": 0.0, ""score"": 0.003920163737497493, ""spike_count_pred"": 4, ""spike_count_true"": 4, ""spike_frequency_pred"": 0.05, ""spike_frequency_rel_error"": 0.0, ""spike_frequency_true"": 0.05, ""spike_frequency_units"": ""inverse_time_unit"", ""stable"": true, ""start_in_validation_block"": 8000, ""std_ratio"": 1.000005721163414, ""window_index"": 1}, {""end_in_validation_block"": 24000, ""inter_spike_interval_units"": ""time_unit"", ""isi_rel_error"": 0.0, ""mean_gap"": 0.0004458223614518011, ""mean_isi_pred"": 0.0, ""mean_isi_true"": 0.0, ""nrmse"": 0.0004075368796032264, ""nrmse_x"": 0.0006340070138907263, ""penalty"": 0.0, ""score"": 0.0004505880775407061, ""spike_count_pred"": 0, ""spike_count_true"": 0, ""spike_frequency_pred"": 0.0, ""spike_frequency_rel_error"": 0.0, ""spike_frequency_true"": 0.0, ""spike_frequency_units"": ""inverse_time_unit"", ""stable"": true, ""start_in_validation_block"": 16000, ""std_ratio"": 1.0001808342255976, ""window_index"": 2}]",63,8000,time_unit,0.0,4.473665441312741e-06,11.32,11.32,0.00042069463022104884,0.0006460843848584528,0.0,0.0004605200692274113,4,4,0.05,0.0,0.05,inverse_time_unit,True,0,1.0000010815961102,16000,time_unit,0.0,1.043785901241216e-05,22.906666666666666,22.906666666666666,0.004554701208613791,0.005057251700625536,0.0,0.003920163737497493,4,4,0.05,0.0,0.05,inverse_time_unit,True,8000,1.000005721163414,24000,time_unit,0.0,0.0004458223614518011,0.0,0.0,0.0004075368796032264,0.0006340070138907263,0.0,0.0004505880775407061,0,0,0.0,0.0,0.0,inverse_time_unit,True,16000,1.0001808342255976
437,3.528241641532816,1,[42],0.9375668084288652,1,0.503785110137893,gbrt,342,0.16801655951560343,ok,ok,1.7635149077786963e-08,42,3.528241641532816,mean,0.5285623146723003,True,True,mean_plus_max,0.0,time_unit,0.6666666666666666,0.750271558549317,0.0,11.408888888888889,1.3279484238378496,1.262694422024035,3,0.474590225986804,3.528241641532816,3.528241641532816,3.528241641532816,3.528241641532816,0.0,0.0,2.6666666666666665,0.0,0.6666666666666666,0.03333333333333333,inverse_time_unit,0.08665036953473455,8000,"[{""end_in_validation_block"": 8000, ""inter_spike_interval_units"": ""time_unit"", ""isi_rel_error"": 1.0, ""mean_gap"": 0.5642283614165016, ""mean_isi_pred"": 0.0, ""mean_isi_true"": 11.32, ""nrmse"": 1.0222505645905176, ""nrmse_x"": 1.1469268239020467, ""penalty"": 0.10918005310092065, ""score"": 2.495552447394676, ""spike_count_pred"": 0, ""spike_count_true"": 4, ""spike_frequency_pred"": 0.0, ""spike_frequency_rel_error"": 1.0, ""spike_frequency_true"": 0.05, ""spike_frequency_units"": ""inverse_time_unit"", ""stable"": true, ""start_in_validation_block"": 0, ""std_ratio"": 0.07816398937981588, ""window_index"": 0}, {""end_in_validation_block"": 16000, ""inter_spike_interval_units"": ""time_unit"", ""isi_rel_error"": 1.0, ""mean_gap"": 1.0494049671005248, ""mean_isi_pred"": 0.0, ""mean_isi_true"": 22.906666666666666, ""nrmse"": 1.9846697720335198, ""nrmse_x"": 1.4508571673190027, ""penalty"": 1.3145906248594914, ""score"": 4.1087295098933225, ""spike_count_pred"": 0, ""spike_count_true"": 4, ""spike_frequency_pred"": 0.0, ""spike_frequency_rel_error"": 1.0, ""spike_frequency_true"": 0.05, ""spike_frequency_units"": ""inverse_time_unit"", ""stable"": true, ""start_in_validation_block"": 8000, ""std_ratio"": 0.046962868448206685, ""window_index"": 1}, {""end_in_validation_block"": 24000, ""inter_spike_interval_units"": ""time_unit"", ""isi_rel_error"": 0.0, ""mean_gap"": 0.6371813471309248, ""mean_isi_pred"": 0.0, ""mean_isi_true"": 0.0, ""nrmse"": 0.9769249348895122, ""nrmse_x"": 1.190299274851056, ""penalty"": 0.0, ""score"": 0.8988958348904588, ""spike_count_pred"": 0, ""spike_count_true"": 0, ""spike_frequency_pred"": 0.0, ""spike_frequency_rel_error"": 0.0, ""spike_frequency_true"": 0.0, ""spike_frequency_units"": ""inverse_time_unit"", ""stable"": true, ""start_in_validation_block"": 16000, ""std_ratio"": 0.1348242507761811, ""window_index"": 2}]",184,8000,time_unit,1.0,0.5642283614165016,0.0,11.32,1.0222505645905176,1.1469268239020467,0.10918005310092065,2.495552447394676,0,4,0.0,1.0,0.05,inverse_time_unit,True,0,0.07816398937981588,16000,time_unit,1.0,1.0494049671005248,0.0,22.906666666666666,1.9846697720335198,1.4508571673190027,1.3145906248594914,4.1087295098933225,0,4,0.0,1.0,0.05,inverse_time_unit,True,8000,0.046962868448206685,24000,time_unit,0.0,0.6371813471309248,0.0,0.0,0.9769249348895122,1.190299274851056,0.0,0.8988958348904588,0,0,0.0,0.0,0.0,inverse_time_unit,True,16000,0.1348242507761811
790,0.018827514483774732,1,[42],0.24943183376952205,2,0.20667523630333146,gbrt,342,0.10532383628157259,ok,ok,7.292805036962157e-08,42,0.018827514483774732,mean,1.125990667635912,True,True,mean_plus_max,0.0,time_unit,0.00024253007372912862,0.0003876890972541005,11.403333333333334,11.408888888888889,0.01258830484317424,0.014114699983125955,3,0.0,0.018827514483774732,0.018827514483774732,0.018827514483774732,0.018827514483774732,0.0,2.6666666666666665,2.6666666666666665,0.03333333333333333,0.0,0.03333333333333333,inverse_time_unit,0.9995906667791816,8000,"[{""end_in_validation_block"": 8000, ""inter_spike_interval_units"": ""time_unit"", ""isi_rel_error"": 0.0, ""mean_gap"": 3.8054493774893037e-06, ""mean_isi_pred"": 11.32, ""mean_isi_true"": 11.32, ""nrmse"": 0.00024659724690425397, ""nrmse_x"": 0.000378530612757138, ""penalty"": 0.0, ""score"": 0.0002698411487424894, ""spike_count_pred"": 4, ""spike_count_true"": 4, ""spike_frequency_pred"": 0.05, ""spike_frequency_rel_error"": 0.0, ""spike_frequency_true"": 0.05, ""spike_frequency_units"": ""inverse_time_unit"", ""stable"": true, ""start_in_validation_block"": 0, ""std_ratio"": 1.0000010087174376, ""window_index"": 0}, {""end_in_validation_block"": 16000, ""inter_spike_interval_units"": ""time_unit"", ""isi_rel_error"": 0.0007275902211873859, ""mean_gap"": 4.6166315301091806e-05, ""mean_isi_pred"": 22.89, ""mean_isi_true"": 22.906666666666666, ""nrmse"": 0.03580356819428656, ""nrmse_x"": 0.03976302876804361, ""penalty"": 0.0, ""score"": 0.031184352981589322, ""spike_count_pred"": 4, ""spike_count_true"": 4, ""spike_frequency_pred"": 0.05, ""spike_frequency_rel_error"": 0.0, ""spike_frequency_true"": 0.05, ""spike_frequency_units"": ""inverse_time_unit"", ""stable"": true, ""start_in_validation_block"": 8000, ""std_ratio"": 1.0000180098183806, ""window_index"": 1}, {""end_in_validation_block"": 24000, ""inter_spike_interval_units"": ""time_unit"", ""isi_rel_error"": 0.0, ""mean_gap"": 0.0011130955270837203, ""mean_isi_pred"": 0.0, ""mean_isi_true"": 0.0, ""nrmse"": 0.0017147490883319043, ""nrmse_x"": 0.0022025405685771188, ""penalty"": 0.0, ""score"": 0.0016400845848003915, ""spike_count_pred"": 0, ""spike_count_true"": 0, ""spike_frequency_pred"": 0.0, ""spike_frequency_rel_error"": 0.0, ""spike_frequency_true"": 0.0, ""spike_frequency_units"": ""inverse_time_unit"", ""stable"": true, ""start_in_validation_block"": 16000, ""std_ratio"": 0.9987529818017264, ""window_index"": 2}]",111,8000,time_unit,0.0,3.8054493774893037e-06,11.32,11.32,0.00024659724690425397,0.000378530612757138,0.0,0.0002698411487424894,4,4,0.05,0.0,0.05,inverse_time_unit,True,0,1.0000010087174376,16000,time_unit,0.0007275902211873859,4.6166315301091806e-05,22.89,22.906666666666666,0.03580356819428656,0.03976302876804361,0.0,0.031184352981589322,4,4,0.05,0.0,0.05,inverse_time_unit,True,8000,1.0000180098183806,24000,time_unit,0.0,0.0011130955270837203,0.0,0.0,0.0017147490883319043,0.0022025405685771188,0.0,0.0016400845848003915,0,0,0.0,0.0,0.0,inverse_time_unit,True,16000,0.9987529818017264
594,0.018827514483774732,1,[42],0.9393007820186747,3,0.3665388295428773,gbrt,342,0.054228369593160866,ok,ok,4.371294046900638e-05,42,5.230878462357522,mean,0.8641130401229339,True,True,mean_plus_max,0.0,time_unit,0.3789138754854601,1.2382836299300657,21.460555555555555,11.408888888888889,1.113847391631668,1.9644100562261209,3,1.2322349547983105,5.230878462357522,5.230878462357522,5.230878462357522,5.230878462357522,0.0,3.3333333333333335,2.6666666666666665,0.041666666666666664,0.4166666666666667,0.03333333333333333,inverse_time_unit,1.407325402065795,8000,"[{""end_in_validation_block"": 8000, ""inter_spike_interval_units"": ""time_unit"", ""isi_rel_error"": 0.002355712603062481, ""mean_gap"": 0.0010603237506112441, ""mean_isi_pred"": 11.346666666666668, ""mean_isi_true"": 11.32, ""nrmse"": 0.03174911293039478, ""nrmse_x"": 0.048339325281567556, ""penalty"": 0.0, ""score"": 0.0357017634389921, ""spike_count_pred"": 4, ""spike_count_true"": 4, ""spike_frequency_pred"": 0.05, ""spike_frequency_rel_error"": 0.0, ""spike_frequency_true"": 0.05, ""spike_frequency_units"": ""inverse_time_unit"", ""stable"": true, ""start_in_validation_block"": 0, ""std_ratio"": 0.9999378348110016, ""window_index"": 0}, {""end_in_validation_block"": 16000, ""inter_spike_interval_units"": ""time_unit"", ""isi_rel_error"": 0.1343859138533178, ""mean_gap"": 0.017085701644654273, ""mean_isi_pred"": 25.985, ""mean_isi_true"": 22.906666666666666, ""nrmse"": 1.4117965368722298, ""nrmse_x"": 1.3661161132111652, ""penalty"": 0.0, ""score"": 1.4215059534108574, ""spike_count_pred"": 3, ""spike_count_true"": 4, ""spike_frequency_pred"": 0.0375, ""spike_frequency_rel_error"": 0.25000000000000006, ""spike_frequency_true"": 0.05, ""spike_frequency_units"": ""inverse_time_unit"", ""stable"": true, ""start_in_validation_block"": 8000, ""std_ratio"": 0.8567119924754985, ""window_index"": 1}, {""end_in_validation_block"": 24000, ""inter_spike_interval_units"": ""time_unit"", ""isi_rel_error"": 1.0, ""mean_gap"": 3.6967048643949316, ""mean_isi_pred"": 27.05, ""mean_isi_true"": 0.0, ""nrmse"": 1.8979965250923796, ""nrmse_x"": 4.47877473018563, ""penalty"": 3.6967048643949316, ""score"": 8.134530097270122, ""spike_count_pred"": 3, ""spike_count_true"": 0, ""spike_frequency_pred"": 0.0375, ""spike_frequency_rel_error"": 1.0, ""spike_frequency_true"": 0.0, ""spike_frequency_units"": ""inverse_time_unit"", ""stable"": true, ""start_in_validation_block"": 16000, ""std_ratio"": 2.365326378910885, ""window_index"": 2}]",217,8000,time_unit,0.002355712603062481,0.0010603237506112441,11.346666666666668,11.32,0.03174911293039478,0.048339325281567556,0.0,0.0357017634389921,4,4,0.05,0.0,0.05,inverse_time_unit,True,0,0.9999378348110016,16000,time_unit,0.1343859138533178,0.017085701644654273,25.985,22.906666666666666,1.4117965368722298,1.3661161132111652,0.0,1.4215059534108574,3,4,0.0375,0.25000000000000006,0.05,inverse_time_unit,True,8000,0.8567119924754985,24000,time_unit,1.0,3.6967048643949316,27.05,0.0,1.8979965250923796,4.47877473018563,3.6967048643949316,8.134530097270122,3,0,0.0375,1.0,0.0,inverse_time_unit,True,16000,2.365326378910885
530,0.018827514483774732,1,[42],0.3810459155551048,4,0.10394486707063988,gbrt,342,0.1577473099445639,ok,ok,1.0664907134290888e-06,42,0.263160383911275,mean,0.8254767900712188,True,True,mean_plus_max,0.0,time_unit,0.003928987194412101,0.0161113502990254,11.49888888888889,11.408888888888889,0.15321893208759552,0.2545400321635139,3,0.0,0.263160383911275,0.263160383911275,0.263160383911275,0.263160383911275,0.0,2.6666666666666665,2.6666666666666665,0.03333333333333333,0.0,0.03333333333333333,inverse_time_unit,1.03696421317654,8000,"[{""end_in_validation_block"": 8000, ""inter_spike_interval_units"": ""time_unit"", ""isi_rel_error"": 0.0, ""mean_gap"": 2.069384083381282e-06, ""mean_isi_pred"": 11.32, ""mean_isi_true"": 11.32, ""nrmse"": 0.0005333535174734253, ""nrmse_x"": 0.0008080774601321792, ""penalty"": 0.0, ""score"": 0.0005777809824410549, ""spike_count_pred"": 4, ""spike_count_true"": 4, ""spike_frequency_pred"": 0.05, ""spike_frequency_rel_error"": 0.0, ""spike_frequency_true"": 0.05, ""spike_frequency_units"": ""inverse_time_unit"", ""stable"": true, ""start_in_validation_block"": 0, ""std_ratio"": 1.0000209660590509, ""window_index"": 0}, {""end_in_validation_block"": 16000, ""inter_spike_interval_units"": ""time_unit"", ""isi_rel_error"": 0.011786961583236303, ""mean_gap"": 0.007491960801010397, ""mean_isi_pred"": 23.176666666666666, ""mean_isi_true"": 22.906666666666666, ""nrmse"": 0.37746154284693656, ""nrmse_x"": 0.42057762164654044, ""penalty"": 0.0, ""score"": 0.33157655840894956, ""spike_count_pred"": 4, ""spike_count_true"": 4, ""spike_frequency_pred"": 0.05, ""spike_frequency_rel_error"": 0.0, ""spike_frequency_true"": 0.05, ""spike_frequency_units"": ""inverse_time_unit"", ""stable"": true, ""start_in_validation_block"": 8000, ""std_ratio"": 0.997854969205013, ""window_index"": 1}, {""end_in_validation_block"": 24000, ""inter_spike_interval_units"": ""time_unit"", ""isi_rel_error"": 0.0, ""mean_gap"": 0.04084002071198242, ""mean_isi_pred"": 0.0, ""mean_isi_true"": 0.0, ""nrmse"": 0.08166189989837656, ""nrmse_x"": 0.3422343973838691, ""penalty"": 0.0, ""score"": 0.20864439353572217, ""spike_count_pred"": 0, ""spike_count_true"": 0, ""spike_frequency_pred"": 0.0, ""spike_frequency_rel_error"": 0.0, ""spike_frequency_true"": 0.0, ""spike_frequency_units"": ""inverse_time_unit"", ""stable"": true, ""start_in_validation_block"": 16000, ""std_ratio"": 1.1130167042655557, ""window_index"": 2}]",358,8000,time_unit,0.0,2.069384083381282e-06,11.32,11.32,0.0005333535174734253,0.0008080774601321792,0.0,0.0005777809824410549,4,4,0.05,0.0,0.05,inverse_time_unit,True,0,1.0000209660590509,16000,time_unit,0.011786961583236303,0.007491960801010397,23.176666666666666,22.906666666666666,0.37746154284693656,0.42057762164654044,0.0,0.33157655840894956,4,4,0.05,0.0,0.05,inverse_time_unit,True,8000,0.997854969205013,24000,time_unit,0.0,0.04084002071198242,0.0,0.0,0.08166189989837656,0.3422343973838691,0.0,0.20864439353572217,0,0,0.0,0.0,0.0,inverse_time_unit,True,16000,1.1130167042655557
773,0.018827514483774732,1,[42],0.432089523637511,5,0.7563629152273633,gbrt,342,0.02487079142048296,ok,ok,3.975639072490291e-06,42,3.3014143529354945,mean,1.1795411230251247,True,True,mean_plus_max,0.0,time_unit,0.6666666666666666,0.7907091519530277,0.0,11.408888888888889,1.6521308613706152,1.2826571129642514,3,0.34331144715658146,3.3014143529354945,3.3014143529354945,3.3014143529354945,3.3014143529354945,0.0,0.0,2.6666666666666665,0.0,0.6666666666666666,0.03333333333333333,inverse_time_unit,0.03133771056868372,8000,"[{""end_in_validation_block"": 8000, ""inter_spike_interval_units"": ""time_unit"", ""isi_rel_error"": 1.0, ""mean_gap"": 0.4885157304561268, ""mean_isi_pred"": 0.0, ""mean_isi_true"": 11.32, ""nrmse"": 1.5620177473449557, ""nrmse_x"": 1.1006052391219439, ""penalty"": 0.029934341469756223, ""score"": 2.5257716598230644, ""spike_count_pred"": 0, ""spike_count_true"": 4, ""spike_frequency_pred"": 0.0, ""spike_frequency_rel_error"": 1.0, ""spike_frequency_true"": 0.05, ""spike_frequency_units"": ""inverse_time_unit"", ""stable"": true, ""start_in_validation_block"": 0, ""std_ratio"": 0.09401313170604876, ""window_index"": 0}, {""end_in_validation_block"": 16000, ""inter_spike_interval_units"": ""time_unit"", ""isi_rel_error"": 1.0, ""mean_gap"": 0.9382136153830714, ""mean_isi_pred"": 0.0, ""mean_isi_true"": 22.906666666666666, ""nrmse"": 2.4170560520406426, ""nrmse_x"": 1.3712201822064074, ""penalty"": 0.49999999999999817, ""score"": 3.358435113223683, ""spike_count_pred"": 0, ""spike_count_true"": 4, ""spike_frequency_pred"": 0.0, ""spike_frequency_rel_error"": 1.0, ""spike_frequency_true"": 0.05, ""spike_frequency_units"": ""inverse_time_unit"", ""stable"": true, ""start_in_validation_block"": 8000, ""std_ratio"": 3.7014319896850905e-16, ""window_index"": 1}, {""end_in_validation_block"": 24000, ""inter_spike_interval_units"": ""time_unit"", ""isi_rel_error"": 0.0, ""mean_gap"": 0.9453981100198852, ""mean_isi_pred"": 0.0, ""mean_isi_true"": 0.0, ""nrmse"": 0.9773187847262472, ""nrmse_x"": 1.3761459175644026, ""penalty"": 0.4999999999999899, ""score"": 1.5012099508419734, ""spike_count_pred"": 0, ""spike_count_true"": 0, ""spike_frequency_pred"": 0.0, ""spike_frequency_rel_error"": 0.0, ""spike_frequency_true"": 0.0, ""spike_frequency_units"": ""inverse_time_unit"", ""stable"": true, ""start_in_validation_block"": 16000, ""std_ratio"": 2.0293107091603997e-15, ""window_index"": 2}]",256,8000,time_unit,1.0,0.4885157304561268,0.0,11.32,1.5620177473449557,1.1006052391219439,0.029934341469756223,2.5257716598230644,0,4,0.0,1.0,0.05,inverse_time_unit,True,0,0.09401313170604876,16000,time_unit,1.0,0.9382136153830714,0.0,22.906666666666666,2.4170560520406426,1.3712201822064074,0.49999999999999817,3.358435113223683,0,4,0.0,1.0,0.05,inverse_time_unit,True,8000,3.7014319896850905e-16,24000,time_unit,0.0,0.9453981100198852,0.0,0.0,0.9773187847262472,1.3761459175644026,0.4999999999999899,1.5012099508419734,0,0,0.0,0.0,0.0,inverse_time_unit,True,16000,2.0293107091603997e-15
655,0.018827514483774732,1,[42],0.7525404646421581,6,0.5623711212485042,gbrt,342,0.043709172255640645,ok,ok,4.5615322696647805e-08,42,17.846213930788352,mean,0.9235344708068862,True,True,mean_plus_max,0.0,time_unit,0.35777385159010605,6.6683668183320535,3.4966666666666666,11.408888888888889,3.1395536529484307,7.032893659871223,3,6.834616621710477,17.846213930788352,17.846213930788352,17.846213930788352,17.846213930788352,0.0,1.6666666666666667,2.6666666666666665,0.020833333333333332,0.25000000000000006,0.03333333333333333,inverse_time_unit,1.035194629414686,8000,"[{""end_in_validation_block"": 8000, ""inter_spike_interval_units"": ""time_unit"", ""isi_rel_error"": 0.07332155477031803, ""mean_gap"": 0.0012505898647037536, ""mean_isi_pred"": 10.49, ""mean_isi_true"": 11.32, ""nrmse"": 0.39666659473871313, ""nrmse_x"": 0.5740275486030658, ""penalty"": 0.0, ""score"": 0.4515425778015235, ""spike_count_pred"": 4, ""spike_count_true"": 4, ""spike_frequency_pred"": 0.05, ""spike_frequency_rel_error"": 0.0, ""spike_frequency_true"": 0.05, ""spike_frequency_units"": ""inverse_time_unit"", ""stable"": true, ""start_in_validation_block"": 0, ""std_ratio"": 0.9998835335376158, ""window_index"": 0}, {""end_in_validation_block"": 16000, ""inter_spike_interval_units"": ""time_unit"", ""isi_rel_error"": 1.0, ""mean_gap"": 5.624118341364278, ""mean_isi_pred"": 0.0, ""mean_isi_true"": 22.906666666666666, ""nrmse"": 5.377046793962353, ""nrmse_x"": 6.11019268162343, ""penalty"": 5.624118341364278, ""score"": 11.578986014747754, ""spike_count_pred"": 1, ""spike_count_true"": 4, ""spike_frequency_pred"": 0.0125, ""spike_frequency_rel_error"": 0.7500000000000001, ""spike_frequency_true"": 0.05, ""spike_frequency_units"": ""inverse_time_unit"", ""stable"": true, ""start_in_validation_block"": 8000, ""std_ratio"": 2.105700354706437, ""window_index"": 1}, {""end_in_validation_block"": 24000, ""inter_spike_interval_units"": ""time_unit"", ""isi_rel_error"": 0.0, ""mean_gap"": 14.37973152376718, ""mean_isi_pred"": 0.0, ""mean_isi_true"": 0.0, ""nrmse"": 3.6449475701442267, ""nrmse_x"": 14.414460749387173, ""penalty"": 14.879731523767154, ""score"": 23.718921828466158, ""spike_count_pred"": 0, ""spike_count_true"": 0, ""spike_frequency_pred"": 0.0, ""spike_frequency_rel_error"": 0.0, ""spike_frequency_true"": 0.0, ""spike_frequency_units"": ""inverse_time_unit"", ""stable"": true, ""start_in_validation_block"": 16000, ""std_ratio"": 5.4198148153854145e-15, ""window_index"": 2}]",218,8000,time_unit,0.07332155477031803,0.0012505898647037536,10.49,11.32,0.39666659473871313,0.5740275486030658,0.0,0.4515425778015235,4,4,0.05,0.0,0.05,inverse_time_unit,True,0,0.9998835335376158,16000,time_unit,1.0,5.624118341364278,0.0,22.906666666666666,5.377046793962353,6.11019268162343,5.624118341364278,11.578986014747754,1,4,0.0125,0.7500000000000001,0.05,inverse_time_unit,True,8000,2.105700354706437,24000,time_unit,0.0,14.37973152376718,0.0,0.0,3.6449475701442267,14.414460749387173,14.879731523767154,23.718921828466158,0,0,0.0,0.0,0.0,inverse_time_unit,True,16000,5.4198148153854145e-15
525,0.0023890656897452562,1,[42],0.3523816255473891,7,0.16977005694599395,gbrt,342,0.16046856783486116,ok,ok,6.974853498453886e-08,42,0.0023890656897452562,mean,0.8220982713281234,True,True,mean_plus_max,0.0,time_unit,4.8506014745784366e-05,8.375585187992103e-05,11.40777777777778,11.408888888888889,0.001600236623250438,0.001840689088267969,3,0.0,0.0023890656897452562,0.0023890656897452562,0.0023890656897452562,0.0023890656897452562,0.0,2.6666666666666665,2.6666666666666665,0.03333333333333333,0.0,0.03333333333333333,inverse_time_unit,0.9999503802752939,8000,"[{""end_in_validation_block"": 8000, ""inter_spike_interval_units"": ""time_unit"", ""isi_rel_error"": 0.0, ""mean_gap"": 1.3849981701665824e-06, ""mean_isi_pred"": 11.32, ""mean_isi_true"": 11.32, ""nrmse"": 0.00021709004316561827, ""nrmse_x"": 0.0003339418854338038, ""penalty"": 0.0, ""score"": 0.00023794054777999667, ""spike_count_pred"": 4, ""spike_count_true"": 4, ""spike_frequency_pred"": 0.05, ""spike_frequency_rel_error"": 0.0, ""spike_frequency_true"": 0.05, ""spike_frequency_units"": ""inverse_time_unit"", ""stable"": true, ""start_in_validation_block"": 0, ""std_ratio"": 1.000000568969235, ""window_index"": 0}, {""end_in_validation_block"": 16000, ""inter_spike_interval_units"": ""time_unit"", ""isi_rel_error"": 0.0001455180442373531, ""mean_gap"": 1.3088188091128358e-06, ""mean_isi_pred"": 22.903333333333336, ""mean_isi_true"": 22.906666666666666, ""nrmse"": 0.004341091062393394, ""nrmse_x"": 0.004820847862422653, ""penalty"": 0.0, ""score"": 0.0038094981120494844, ""spike_count_pred"": 4, ""spike_count_true"": 4, ""spike_frequency_pred"": 0.05, ""spike_frequency_rel_error"": 0.0, ""spike_frequency_true"": 0.05, ""spike_frequency_units"": ""inverse_time_unit"", ""stable"": true, ""start_in_validation_block"": 8000, ""std_ratio"": 0.9999988909444213, ""window_index"": 1}, {""end_in_validation_block"": 24000, ""inter_spike_interval_units"": ""time_unit"", ""isi_rel_error"": 0.0, ""mean_gap"": 0.00024857373866048367, ""mean_isi_pred"": 0.0, ""mean_isi_true"": 0.0, ""nrmse"": 0.00024252876419230104, ""nrmse_x"": 0.00036727751694745094, ""penalty"": 0.0, ""score"": 0.0002626348253691733, ""spike_count_pred"": 0, ""spike_count_true"": 0, ""spike_frequency_pred"": 0.0, ""spike_frequency_rel_error"": 0.0, ""spike_frequency_true"": 0.0, ""spike_frequency_units"": ""inverse_time_unit"", ""stable"": true, ""start_in_validation_block"": 16000, ""std_ratio"": 0.9998516809122252, ""window_index"": 2}]",105,8000,time_unit,0.0,1.3849981701665824e-06,11.32,11.32,0.00021709004316561827,0.0003339418854338038,0.0,0.00023794054777999667,4,4,0.05,0.0,0.05,inverse_time_unit,True,0,1.000000568969235,16000,time_unit,0.0001455180442373531,1.3088188091128358e-06,22.903333333333336,22.906666666666666,0.004341091062393394,0.004820847862422653,0.0,0.0038094981120494844,4,4,0.05,0.0,0.05,inverse_time_unit,True,8000,0.9999988909444213,24000,time_unit,0.0,0.00024857373866048367,0.0,0.0,0.00024252876419230104,0.00036727751694745094,0.0,0.0002626348253691733,0,0,0.0,0.0,0.0,inverse_time_unit,True,16000,0.9998516809122252
294,0.0023890656897452562,1,[42],0.188406325486693,8,0.5497334519228557,gbrt,342,0.1504157375532065,ok,ok,4.695345063696283e-05,42,0.03165761197343872,mean,1.1448091472966775,True,True,mean_plus_max,0.0,time_unit,0.000534708824506652,0.002673966250570449,11.417777777777777,11.408888888888889,0.023061764021814975,0.02778647561852668,3,0.0,0.03165761197343872,0.03165761197343872,0.03165761197343872,0.03165761197343872,0.0,2.6666666666666665,2.6666666666666665,0.03333333333333333,0.0,0.03333333333333333,inverse_time_unit,1.001156776071125,8000,"[{""end_in_validation_block"": 8000, ""inter_spike_interval_units"": ""time_unit"", ""isi_rel_error"": 0.0002944640753826924, ""mean_gap"": 0.00022620780227015894, ""mean_isi_pred"": 11.316666666666668, ""mean_isi_true"": 11.32, ""nrmse"": 0.012713322200617997, ""nrmse_x"": 0.019509820133519075, ""penalty"": 0.0, ""score"": 0.014055963661281338, ""spike_count_pred"": 4, ""spike_count_true"": 4, ""spike_frequency_pred"": 0.05, ""spike_frequency_rel_error"": 0.0, ""spike_frequency_true"": 0.05, ""spike_frequency_units"": ""inverse_time_unit"", ""stable"": true, ""start_in_validation_block"": 0, ""std_ratio"": 1.0001003244012718, ""window_index"": 0}, {""end_in_validation_block"": 16000, ""inter_spike_interval_units"": ""time_unit"", ""isi_rel_error"": 0.0013096623981372637, ""mean_gap"": 0.00022028941662340418, ""mean_isi_pred"": 22.936666666666664, ""mean_isi_true"": 22.906666666666666, ""nrmse"": 0.04731142462841627, ""nrmse_x"": 0.05252060455635492, ""penalty"": 0.0, ""score"": 0.041369019862167906, ""spike_count_pred"": 4, ""spike_count_true"": 4, ""spike_frequency_pred"": 0.05, ""spike_frequency_rel_error"": 0.0, ""spike_frequency_true"": 0.05, ""spike_frequency_units"": ""inverse_time_unit"", ""stable"": true, ""start_in_validation_block"": 8000, ""std_ratio"": 1.0001214152142217, ""window_index"": 1}, {""end_in_validation_block"": 24000, ""inter_spike_interval_units"": ""time_unit"", ""isi_rel_error"": 0.0, ""mean_gap"": 0.007575401532817784, ""mean_isi_pred"": 0.0, ""mean_isi_true"": 0.0, ""nrmse"": 0.00916054523641066, ""nrmse_x"": 0.011329002165706042, ""penalty"": 0.0, ""score"": 0.008521087500240988, ""spike_count_pred"": 0, ""spike_count_true"": 0, ""spike_frequency_pred"": 0.0, ""spike_frequency_rel_error"": 0.0, ""spike_frequency_true"": 0.0, ""spike_frequency_units"": ""inverse_time_unit"", ""stable"": true, ""start_in_validation_block"": 16000, ""std_ratio"": 1.0032485885978817, ""window_index"": 2}]",363,8000,time_unit,0.0002944640753826924,0.00022620780227015894,11.316666666666668,11.32,0.012713322200617997,0.019509820133519075,0.0,0.014055963661281338,4,4,0.05,0.0,0.05,inverse_time_unit,True,0,1.0001003244012718,16000,time_unit,0.0013096623981372637,0.00022028941662340418,22.936666666666664,22.906666666666666,0.04731142462841627,0.05252060455635492,0.0,0.041369019862167906,4,4,0.05,0.0,0.05,inverse_time_unit,True,8000,1.0001214152142217,24000,time_unit,0.0,0.007575401532817784,0.0,0.0,0.00916054523641066,0.011329002165706042,0.0,0.008521087500240988,0,0,0.0,0.0,0.0,inverse_time_unit,True,16000,1.0032485885978817
706,0.0023890656897452562,1,[42],0.06847164778776264,9,0.6525951886639816,gbrt,342,0.04302348458007434,ok,ok,2.2970168353252142e-10,42,102.90277693664834,mean,0.7223589696042909,True,True,mean_plus_max,0.0,time_unit,0.9918977193459361,2.186905772234861,0.1843081502145596,11.408888888888889,3.4468761410013347,4.56856139228456,3,1.7888823425749523,102.90277693664834,102.90277693664834,102.90277693664834,102.90277693664834,0.0,424.3333333333333,2.6666666666666665,5.304166666666667,69.58333333333333,0.03333333333333333,inverse_time_unit,3.7600832923994183,8000,"[{""end_in_validation_block"": 8000, ""inter_spike_interval_units"": ""time_unit"", ""isi_rel_error"": 0.9837447083931009, ""mean_gap"": 0.5853529857177504, ""mean_isi_pred"": 0.18400990099009903, ""mean_isi_true"": 11.32, ""nrmse"": 2.0369106315851058, ""nrmse_x"": 2.4281311938636345, ""penalty"": 0.0, ""score"": 102.58657216871782, ""spike_count_pred"": 405, ""spike_count_true"": 4, ""spike_frequency_pred"": 5.0625, ""spike_frequency_rel_error"": 100.25, ""spike_frequency_true"": 0.05, ""spike_frequency_units"": ""inverse_time_unit"", ""stable"": true, ""start_in_validation_block"": 0, ""std_ratio"": 2.216890929426475, ""window_index"": 0}, {""end_in_validation_block"": 16000, ""inter_spike_interval_units"": ""time_unit"", ""isi_rel_error"": 0.9919484496447075, ""mean_gap"": 0.608717303261976, ""mean_isi_pred"": 0.18443418013856813, ""mean_isi_true"": 22.906666666666666, ""nrmse"": 4.797127665395516, ""nrmse_x"": 2.6281495619450523, ""penalty"": 0.0, ""score"": 110.640738400241, ""spike_count_pred"": 434, ""spike_count_true"": 4, ""spike_frequency_pred"": 5.425, ""spike_frequency_rel_error"": 107.5, ""spike_frequency_true"": 0.05, ""spike_frequency_units"": ""inverse_time_unit"", ""stable"": true, ""start_in_validation_block"": 8000, ""std_ratio"": 2.3534308509033472, ""window_index"": 1}, {""end_in_validation_block"": 24000, ""inter_spike_interval_units"": ""time_unit"", ""isi_rel_error"": 1.0, ""mean_gap"": 5.366647027724857, ""mean_isi_pred"": 0.18448036951501157, ""mean_isi_true"": 0.0, ""nrmse"": 3.506590126023382, ""nrmse_x"": 8.649403421044994, ""penalty"": 5.366647027724857, ""score"": 12.50046644080545, ""spike_count_pred"": 434, ""spike_count_true"": 0, ""spike_frequency_pred"": 5.425, ""spike_frequency_rel_error"": 1.0, ""spike_frequency_true"": 0.0, ""spike_frequency_units"": ""inverse_time_unit"", ""stable"": true, ""start_in_validation_block"": 16000, ""std_ratio"": 6.709928096868433, ""window_index"": 2}]",217,8000,time_unit,0.9837447083931009,0.5853529857177504,0.18400990099009903,11.32,2.0369106315851058,2.4281311938636345,0.0,102.58657216871782,405,4,5.0625,100.25,0.05,inverse_time_unit,True,0,2.216890929426475,16000,time_unit,0.9919484496447075,0.608717303261976,0.18443418013856813,22.906666666666666,4.797127665395516,2.6281495619450523,0.0,110.640738400241,434,4,5.425,107.5,0.05,inverse_time_unit,True,8000,2.3534308509033472,24000,time_unit,1.0,5.366647027724857,0.18448036951501157,0.0,3.506590126023382,8.649403421044994,5.366647027724857,12.50046644080545,434,0,5.425,1.0,0.0,inverse_time_unit,True,16000,6.709928096868433
752,0.0023890656897452562,1,[42],0.0645911904001295,10,0.4311918643490864,gbrt,342,0.15748641057835375,seed_42=non_finite_prediction,non_finite_prediction,1.087783148435687e-09,42,1000000.0,mean,1.0668923027714134,False,False,mean_plus_max,1000000.0,time_unit,1000000.0,1000000.0,1000000.0,1000000.0,1000000.0,1000000.0,3,1000000.0,1000000.0,1000000.0,1000000.0,1000000.0,0.0,1000000.0,1000000.0,1000000.0,1000000.0,1000000.0,inverse_time_unit,1000000.0,8000,,88,,,,,,,,,,,,,,,,,,,,,,,,,,,,,,,,,,,,,,,,,,,,,,,,,,,,,,,,,
451,0.0023890656897452562,1,[42],0.05329425569067787,11,0.5511692693913813,gbrt,342,0.032897652177648846,seed_42=non_finite_prediction,non_finite_prediction,3.4280900293719835e-07,42,1000000.0,mean,0.7387272031888408,False,False,mean_plus_max,1000000.0,time_unit,1000000.0,1000000.0,1000000.0,1000000.0,1000000.0,1000000.0,3,1000000.0,1000000.0,1000000.0,1000000.0,1000000.0,0.0,1000000.0,1000000.0,1000000.0,1000000.0,1000000.0,inverse_time_unit,1000000.0,8000,,73,,,,,,,,,,,,,,,,,,,,,,,,,,,,,,,,,,,,,,,,,,,,,,,,,,,,,,,,,
336,0.00033387745435847196,1,[42],0.8086200626768906,12,0.7691883927960602,gbrt,342,0.03268420388459198,ok,ok,8.848458439177245e-10,42,0.00033387745435847196,mean,0.6146783538004065,True,True,mean_plus_max,0.0,time_unit,0.0,3.4637097638750993e-06,11.408888888888889,11.408888888888889,0.0002320312234115493,0.00027044563445843676,3,0.0,0.00033387745435847196,0.00033387745435847196,0.00033387745435847196,0.00033387745435847196,0.0,2.6666666666666665,2.6666666666666665,0.03333333333333333,0.0,0.03333333333333333,inverse_time_unit,1.0000059874021476,8000,"[{""end_in_validation_block"": 8000, ""inter_spike_interval_units"": ""time_unit"", ""isi_rel_error"": 0.0, ""mean_gap"": 9.221785586544518e-07, ""mean_isi_pred"": 11.32, ""mean_isi_true"": 11.32, ""nrmse"": 8.390758427364094e-05, ""nrmse_x"": 0.00012906545981913807, ""penalty"": 0.0, ""score"": 9.196289896893618e-05, ""spike_count_pred"": 4, ""spike_count_true"": 4, ""spike_frequency_pred"": 0.05, ""spike_frequency_rel_error"": 0.0, ""spike_frequency_true"": 0.05, ""spike_frequency_units"": ""inverse_time_unit"", ""stable"": true, ""start_in_validation_block"": 0, ""std_ratio"": 1.0000007156692048, ""window_index"": 0}, {""end_in_validation_block"": 16000, ""inter_spike_interval_units"": ""time_unit"", ""isi_rel_error"": 0.0, ""mean_gap"": 1.0730803343713554e-07, ""mean_isi_pred"": 22.906666666666666, ""mean_isi_true"": 22.906666666666666, ""nrmse"": 0.0005907137886664682, ""nrmse_x"": 0.0006560359109948371, ""penalty"": 0.0, ""score"": 0.0005084981982137774, ""spike_count_pred"": 4, ""spike_count_true"": 4, ""spike_frequency_pred"": 0.05, ""spike_frequency_rel_error"": 0.0, ""spike_frequency_true"": 0.05, ""spike_frequency_units"": ""inverse_time_unit"", ""stable"": true, ""start_in_validation_block"": 8000, ""std_ratio"": 1.000000259079388, ""window_index"": 1}, {""end_in_validation_block"": 24000, ""inter_spike_interval_units"": ""time_unit"", ""isi_rel_error"": 0.0, ""mean_gap"": 9.36164269953371e-06, ""mean_isi_pred"": 0.0, ""mean_isi_true"": 0.0, ""nrmse"": 2.147229729453886e-05, ""nrmse_x"": 2.623553256133514e-05, ""penalty"": 0.0, ""score"": 1.9797617232369044e-05, ""spike_count_pred"": 0, ""spike_count_true"": 0, ""spike_frequency_pred"": 0.0, ""spike_frequency_rel_error"": 0.0, ""spike_frequency_true"": 0.0, ""spike_frequency_units"": ""inverse_time_unit"", ""stable"": true, ""start_in_validation_block"": 16000, ""std_ratio"": 1.00001698745785, ""window_index"": 2}]",72,8000,time_unit,0.0,9.221785586544518e-07,11.32,11.32,8.390758427364094e-05,0.00012906545981913807,0.0,9.196289896893618e-05,4,4,0.05,0.0,0.05,inverse_time_unit,True,0,1.0000007156692048,16000,time_unit,0.0,1.0730803343713554e-07,22.906666666666666,22.906666666666666,0.0005907137886664682,0.0006560359109948371,0.0,0.0005084981982137774,4,4,0.05,0.0,0.05,inverse_time_unit,True,8000,1.000000259079388,24000,time_unit,0.0,9.36164269953371e-06,0.0,0.0,2.147229729453886e-05,2.623553256133514e-05,0.0,1.9797617232369044e-05,0,0,0.0,0.0,0.0,inverse_time_unit,True,16000,1.00001698745785
335,0.0002130852097045364,1,[42],0.31775827604923274,13,0.7673626144758299,gbrt,342,0.04053093616050994,ok,ok,3.7625341621417756e-10,42,0.0002130852097045364,mean,0.5136166912298845,True,True,mean_plus_max,0.0,time_unit,0.0,1.7350565170949955e-05,11.408888888888889,11.408888888888889,0.0001489656869146621,0.00017792058573974298,3,0.0,0.0002130852097045364,0.0002130852097045364,0.0002130852097045364,0.0002130852097045364,0.0,2.6666666666666665,2.6666666666666665,0.03333333333333333,0.0,0.03333333333333333,inverse_time_unit,1.0000031676849408,8000,"[{""end_in_validation_block"": 8000, ""inter_spike_interval_units"": ""time_unit"", ""isi_rel_error"": 0.0, ""mean_gap"": 1.2585384595714925e-06, ""mean_isi_pred"": 11.32, ""mean_isi_true"": 11.32, ""nrmse"": 4.1802683718185655e-05, ""nrmse_x"": 6.407504794456944e-05, ""penalty"": 0.0, ""score"": 4.569194729905961e-05, ""spike_count_pred"": 4, ""spike_count_true"": 4, ""spike_frequency_pred"": 0.05, ""spike_frequency_rel_error"": 0.0, ""spike_frequency_true"": 0.05, ""spike_frequency_units"": ""inverse_time_unit"", ""stable"": true, ""start_in_validation_block"": 0, ""std_ratio"": 1.0000006159859707, ""window_index"": 0}, {""end_in_validation_block"": 16000, ""inter_spike_interval_units"": ""time_unit"", ""isi_rel_error"": 0.0, ""mean_gap"": 1.8206117705045414e-06, ""mean_isi_pred"": 22.906666666666666, ""mean_isi_true"": 22.906666666666666, ""nrmse"": 0.0003629181641730576, ""nrmse_x"": 0.00040221876769597204, ""penalty"": 0.0, ""score"": 0.000311949863276049, ""spike_count_pred"": 4, ""spike_count_true"": 4, ""spike_frequency_pred"": 0.05, ""spike_frequency_rel_error"": 0.0, ""spike_frequency_true"": 0.05, ""spike_frequency_units"": ""inverse_time_unit"", ""stable"": true, ""start_in_validation_block"": 8000, ""std_ratio"": 1.000000812076405, ""window_index"": 1}, {""end_in_validation_block"": 24000, ""inter_spike_interval_units"": ""time_unit"", ""isi_rel_error"": 0.0, ""mean_gap"": 4.8972545282773834e-05, ""mean_isi_pred"": 0.0, ""mean_isi_true"": 0.0, ""nrmse"": 4.217621285274301e-05, ""nrmse_x"": 6.74679415786875e-05, ""penalty"": 0.0, ""score"": 4.765142108146388e-05, ""spike_count_pred"": 0, ""spike_count_true"": 0, ""spike_frequency_pred"": 0.0, ""spike_frequency_rel_error"": 0.0, ""spike_frequency_true"": 0.0, ""spike_frequency_units"": ""inverse_time_unit"", ""stable"": true, ""start_in_validation_block"": 16000, ""std_ratio"": 1.0000080749924467, ""window_index"": 2}]",272,8000,time_unit,0.0,1.2585384595714925e-06,11.32,11.32,4.1802683718185655e-05,6.407504794456944e-05,0.0,4.569194729905961e-05,4,4,0.05,0.0,0.05,inverse_time_unit,True,0,1.0000006159859707,16000,time_unit,0.0,1.8206117705045414e-06,22.906666666666666,22.906666666666666,0.0003629181641730576,0.00040221876769597204,0.0,0.000311949863276049,4,4,0.05,0.0,0.05,inverse_time_unit,True,8000,1.000000812076405,24000,time_unit,0.0,4.8972545282773834e-05,0.0,0.0,4.217621285274301e-05,6.74679415786875e-05,0.0,4.765142108146388e-05,0,0,0.0,0.0,0.0,inverse_time_unit,True,16000,1.0000080749924467
690,0.0002130852097045364,1,[42],0.25748589350993967,14,0.7319382663881687,gbrt,342,0.1441083550971694,ok,ok,2.522763334301192e-10,42,0.0003793009901030977,mean,0.5064090871029517,True,True,mean_plus_max,0.0,time_unit,4.8506014745784366e-05,2.2542987193303694e-06,11.40777777777778,11.408888888888889,0.0002323885252624341,0.0002681400833156519,3,0.0,0.0003793009901030977,0.0003793009901030977,0.0003793009901030977,0.0003793009901030977,0.0,2.6666666666666665,2.6666666666666665,0.03333333333333333,0.0,0.03333333333333333,inverse_time_unit,0.9999951650772957,8000,"[{""end_in_validation_block"": 8000, ""inter_spike_interval_units"": ""time_unit"", ""isi_rel_error"": 0.0, ""mean_gap"": 7.213771446481896e-07, ""mean_isi_pred"": 11.32, ""mean_isi_true"": 11.32, ""nrmse"": 7.125056623210435e-05, ""nrmse_x"": 0.00010959024361649885, ""penalty"": 0.0, ""score"": 7.808727554710046e-05, ""spike_count_pred"": 4, ""spike_count_true"": 4, ""spike_frequency_pred"": 0.05, ""spike_frequency_rel_error"": 0.0, ""spike_frequency_true"": 0.05, ""spike_frequency_units"": ""inverse_time_unit"", ""stable"": true, ""start_in_validation_block"": 0, ""std_ratio"": 1.0000002843888947, ""window_index"": 0}, {""end_in_validation_block"": 16000, ""inter_spike_interval_units"": ""time_unit"", ""isi_rel_error"": 0.0001455180442373531, ""mean_gap"": 1.221883640821501e-06, ""mean_isi_pred"": 22.903333333333336, ""mean_isi_true"": 22.906666666666666, ""nrmse"": 0.0006103310159581005, ""nrmse_x"": 0.000677369902283186, ""penalty"": 0.0, ""score"": 0.0005978952223639539, ""spike_count_pred"": 4, ""spike_count_true"": 4, ""spike_frequency_pred"": 0.05, ""spike_frequency_rel_error"": 0.0, ""spike_frequency_true"": 0.05, ""spike_frequency_units"": ""inverse_time_unit"", ""stable"": true, ""start_in_validation_block"": 8000, ""std_ratio"": 1.0000005275577533, ""window_index"": 1}, {""end_in_validation_block"": 24000, ""inter_spike_interval_units"": ""time_unit"", ""isi_rel_error"": 0.0, ""mean_gap"": 4.819635372521418e-06, ""mean_isi_pred"": 0.0, ""mean_isi_true"": 0.0, ""nrmse"": 1.558399359709752e-05, ""nrmse_x"": 1.7460104047270798e-05, ""penalty"": 0.0, ""score"": 1.349905562527332e-05, ""spike_count_pred"": 0, ""spike_count_true"": 0, ""spike_frequency_pred"": 0.0, ""spike_frequency_rel_error"": 0.0, ""spike_frequency_true"": 0.0, ""spike_frequency_units"": ""inverse_time_unit"", ""stable"": true, ""start_in_validation_block"": 16000, ""std_ratio"": 0.9999846832852396, ""window_index"": 2}]",416,8000,time_unit,0.0,7.213771446481896e-07,11.32,11.32,7.125056623210435e-05,0.00010959024361649885,0.0,7.808727554710046e-05,4,4,0.05,0.0,0.05,inverse_time_unit,True,0,1.0000002843888947,16000,time_unit,0.0001455180442373531,1.221883640821501e-06,22.903333333333336,22.906666666666666,0.0006103310159581005,0.000677369902283186,0.0,0.0005978952223639539,4,4,0.05,0.0,0.05,inverse_time_unit,True,8000,1.0000005275577533,24000,time_unit,0.0,4.819635372521418e-06,0.0,0.0,1.558399359709752e-05,1.7460104047270798e-05,0.0,1.349905562527332e-05,0,0,0.0,0.0,0.0,inverse_time_unit,True,16000,0.9999846832852396
377,0.0002130852097045364,1,[42],0.06517314413164899,15,0.7159775507132856,gbrt,342,0.19168923982215408,ok,ok,3.417005191688033e-07,42,67.35524787835377,mean,0.6898321904454628,True,True,mean_plus_max,0.0,time_unit,0.06044509324809988,13.253671724072783,10.115,11.408888888888889,7.125331021706557,20.65061174308258,3,25.155323371485782,67.35524787835377,67.35524787835377,67.35524787835377,67.35524787835377,0.0,2.6666666666666665,2.6666666666666665,0.03333333333333333,0.4166666666666667,0.03333333333333333,inverse_time_unit,15.908165867557651,8000,"[{""end_in_validation_block"": 8000, ""inter_spike_interval_units"": ""time_unit"", ""isi_rel_error"": 0.007950530035335676, ""mean_gap"": 0.025519123408463955, ""mean_isi_pred"": 11.41, ""mean_isi_true"": 11.32, ""nrmse"": 0.6920547416313373, ""nrmse_x"": 1.0674277676808754, ""penalty"": 0.0, ""score"": 0.7640742226499838, ""spike_count_pred"": 4, ""spike_count_true"": 4, ""spike_frequency_pred"": 0.05, ""spike_frequency_rel_error"": 0.0, ""spike_frequency_true"": 0.05, ""spike_frequency_units"": ""inverse_time_unit"", ""stable"": true, ""start_in_validation_block"": 0, ""std_ratio"": 0.9853624976148297, ""window_index"": 0}, {""end_in_validation_block"": 16000, ""inter_spike_interval_units"": ""time_unit"", ""isi_rel_error"": 0.17338474970896395, ""mean_gap"": 0.11588972601479927, ""mean_isi_pred"": 18.935, ""mean_isi_true"": 22.906666666666666, ""nrmse"": 0.7801678413420444, ""nrmse_x"": 0.8597682200633375, ""penalty"": 0.0, ""score"": 1.0046068562248287, ""spike_count_pred"": 3, ""spike_count_true"": 4, ""spike_frequency_pred"": 0.0375, ""spike_frequency_rel_error"": 0.25000000000000006, ""spike_frequency_true"": 0.05, ""spike_frequency_units"": ""inverse_time_unit"", ""stable"": true, ""start_in_validation_block"": 8000, ""std_ratio"": 0.8927713133958526, ""window_index"": 1}, {""end_in_validation_block"": 24000, ""inter_spike_interval_units"": ""time_unit"", ""isi_rel_error"": 0.0, ""mean_gap"": 39.619606322795086, ""mean_isi_pred"": 0.0, ""mean_isi_true"": 0.0, ""nrmse"": 19.90377048214629, ""nrmse_x"": 60.02463924150353, ""penalty"": 75.46597011445735, ""score"": 114.45546431782086, ""spike_count_pred"": 1, ""spike_count_true"": 0, ""spike_frequency_pred"": 0.0125, ""spike_frequency_rel_error"": 1.0, ""spike_frequency_true"": 0.0, ""spike_frequency_units"": ""inverse_time_unit"", ""stable"": true, ""start_in_validation_block"": 16000, ""std_ratio"": 45.84636379166227, ""window_index"": 2}]",366,8000,time_unit,0.007950530035335676,0.025519123408463955,11.41,11.32,0.6920547416313373,1.0674277676808754,0.0,0.7640742226499838,4,4,0.05,0.0,0.05,inverse_time_unit,True,0,0.9853624976148297,16000,time_unit,0.17338474970896395,0.11588972601479927,18.935,22.906666666666666,0.7801678413420444,0.8597682200633375,0.0,1.0046068562248287,3,4,0.0375,0.25000000000000006,0.05,inverse_time_unit,True,8000,0.8927713133958526,24000,time_unit,0.0,39.619606322795086,0.0,0.0,19.90377048214629,60.02463924150353,75.46597011445735,114.45546431782086,1,0,0.0125,1.0,0.0,inverse_time_unit,True,16000,45.84636379166227
324,0.0002130852097045364,1,[42],0.0601387513808841,16,0.7935836812034395,gbrt,342,0.1877678116047794,ok,ok,6.633404767821901e-09,42,1.7239954248112812,mean,1.0425395532533823,True,True,mean_plus_max,0.0,time_unit,0.00019402405898334425,0.4557530535649765,11.413333333333334,11.408888888888889,0.28831466960094804,0.8373575772598295,3,0.45573994196549156,1.7239954248112812,1.7239954248112812,1.7239954248112812,1.7239954248112812,0.0,2.6666666666666665,2.6666666666666665,0.03333333333333333,0.0,0.03333333333333333,inverse_time_unit,1.5826886802884879,8000,"[{""end_in_validation_block"": 8000, ""inter_spike_interval_units"": ""time_unit"", ""isi_rel_error"": 0.0, ""mean_gap"": 2.256460793990773e-05, ""mean_isi_pred"": 11.32, ""mean_isi_true"": 11.32, ""nrmse"": 0.0008542775841657315, ""nrmse_x"": 0.0013091031764655655, ""penalty"": 0.0, ""score"": 0.000933576143097494, ""spike_count_pred"": 4, ""spike_count_true"": 4, ""spike_frequency_pred"": 0.05, ""spike_frequency_rel_error"": 0.0, ""spike_frequency_true"": 0.05, ""spike_frequency_units"": ""inverse_time_unit"", ""stable"": true, ""start_in_validation_block"": 0, ""std_ratio"": 1.0000063636101255, ""window_index"": 0}, {""end_in_validation_block"": 16000, ""inter_spike_interval_units"": ""time_unit"", ""isi_rel_error"": 0.0005820721769500327, ""mean_gap"": 1.6770190514632475e-05, ""mean_isi_pred"": 22.92, ""mean_isi_true"": 22.906666666666666, ""nrmse"": 0.02559482657509341, ""nrmse_x"": 0.028420007448024663, ""penalty"": 0.0, ""score"": 0.022320746828661937, ""spike_count_pred"": 4, ""spike_count_true"": 4, ""spike_frequency_pred"": 0.05, ""spike_frequency_rel_error"": 0.0, ""spike_frequency_true"": 0.05, ""spike_frequency_units"": ""inverse_time_unit"", ""stable"": true, ""start_in_validation_block"": 8000, ""std_ratio"": 1.0000136173649454, ""window_index"": 1}, {""end_in_validation_block"": 24000, ""inter_spike_interval_units"": ""time_unit"", ""isi_rel_error"": 0.0, ""mean_gap"": 1.3672198258964747, ""mean_isi_pred"": 0.0, ""mean_isi_true"": 0.0, ""nrmse"": 0.838494904643585, ""nrmse_x"": 2.4823436211549983, ""penalty"": 1.3672198258964747, ""score"": 2.94213254369262, ""spike_count_pred"": 0, ""spike_count_true"": 0, ""spike_frequency_pred"": 0.0, ""spike_frequency_rel_error"": 0.0, ""spike_frequency_true"": 0.0, ""spike_frequency_units"": ""inverse_time_unit"", ""stable"": true, ""start_in_validation_block"": 16000, ""std_ratio"": 2.748046059890392, ""window_index"": 2}]",155,8000,time_unit,0.0,2.256460793990773e-05,11.32,11.32,0.0008542775841657315,0.0013091031764655655,0.0,0.000933576143097494,4,4,0.05,0.0,0.05,inverse_time_unit,True,0,1.0000063636101255,16000,time_unit,0.0005820721769500327,1.6770190514632475e-05,22.92,22.906666666666666,0.02559482657509341,0.028420007448024663,0.0,0.022320746828661937,4,4,0.05,0.0,0.05,inverse_time_unit,True,8000,1.0000136173649454,24000,time_unit,0.0,1.3672198258964747,0.0,0.0,0.838494904643585,2.4823436211549983,1.3672198258964747,2.94213254369262,0,0,0.0,0.0,0.0,inverse_time_unit,True,16000,2.748046059890392
601,0.0002130852097045364,1,[42],0.06188250417801939,17,0.6095171385645152,gbrt,342,0.19988502541246603,ok,ok,0.00010430168938673458,42,213.13613142558245,mean,0.8491146752488884,True,True,mean_plus_max,0.0,time_unit,0.014010868089692553,43.978117089816415,11.60888888888889,11.408888888888889,14.289749783961904,58.34630705052327,3,86.38541150898885,213.13613142558245,213.13613142558245,213.13613142558245,213.13613142558245,0.0,2.6666666666666665,2.6666666666666665,0.03333333333333333,0.0,0.03333333333333333,inverse_time_unit,38.064983879144044,8000,"[{""end_in_validation_block"": 8000, ""inter_spike_interval_units"": ""time_unit"", ""isi_rel_error"": 0.01060070671378085, ""mean_gap"": 0.03396637730417264, ""mean_isi_pred"": 11.200000000000001, ""mean_isi_true"": 11.32, ""nrmse"": 0.7829000875250405, ""nrmse_x"": 1.1954565150072058, ""penalty"": 0.0, ""score"": 0.8585264584921138, ""spike_count_pred"": 4, ""spike_count_true"": 4, ""spike_frequency_pred"": 0.05, ""spike_frequency_rel_error"": 0.0, ""spike_frequency_true"": 0.05, ""spike_frequency_units"": ""inverse_time_unit"", ""stable"": true, ""start_in_validation_block"": 0, ""std_ratio"": 0.9774532574512276, ""window_index"": 0}, {""end_in_validation_block"": 16000, ""inter_spike_interval_units"": ""time_unit"", ""isi_rel_error"": 0.03143189755529681, ""mean_gap"": 0.007504463765252561, ""mean_isi_pred"": 23.626666666666665, ""mean_isi_true"": 22.906666666666666, ""nrmse"": 1.126186362198982, ""nrmse_x"": 1.2489966682447806, ""penalty"": 0.0, ""score"": 0.9842107068620233, ""spike_count_pred"": 4, ""spike_count_true"": 4, ""spike_frequency_pred"": 0.05, ""spike_frequency_rel_error"": 0.0, ""spike_frequency_true"": 0.05, ""spike_frequency_units"": ""inverse_time_unit"", ""stable"": true, ""start_in_validation_block"": 8000, ""std_ratio"": 0.9960214480034991, ""window_index"": 1}, {""end_in_validation_block"": 24000, ""inter_spike_interval_units"": ""time_unit"", ""isi_rel_error"": 0.0, ""mean_gap"": 131.89288042837984, ""mean_isi_pred"": 0.0, ""mean_isi_true"": 0.0, ""nrmse"": 40.96016290216169, ""nrmse_x"": 172.59446796831782, ""penalty"": 259.15623452696656, ""score"": 364.3232326350818, ""spike_count_pred"": 0, ""spike_count_true"": 0, ""spike_frequency_pred"": 0.0, ""spike_frequency_rel_error"": 0.0, ""spike_frequency_true"": 0.0, ""spike_frequency_units"": ""inverse_time_unit"", ""stable"": true, ""start_in_validation_block"": 16000, ""std_ratio"": 112.22147693197742, ""window_index"": 2}]",295,8000,time_unit,0.01060070671378085,0.03396637730417264,11.200000000000001,11.32,0.7829000875250405,1.1954565150072058,0.0,0.8585264584921138,4,4,0.05,0.0,0.05,inverse_time_unit,True,0,0.9774532574512276,16000,time_unit,0.03143189755529681,0.007504463765252561,23.626666666666665,22.906666666666666,1.126186362198982,1.2489966682447806,0.0,0.9842107068620233,4,4,0.05,0.0,0.05,inverse_time_unit,True,8000,0.9960214480034991,24000,time_unit,0.0,131.89288042837984,0.0,0.0,40.96016290216169,172.59446796831782,259.15623452696656,364.3232326350818,0,0,0.0,0.0,0.0,inverse_time_unit,True,16000,112.22147693197742
350,0.0002130852097045364,1,[42],0.05644150415878876,18,0.10352925888817574,gbrt,342,0.07786917381104656,seed_42=non_finite_prediction,non_finite_prediction,1.390288943823966e-07,42,1000000.0,mean,0.610299120126035,False,False,mean_plus_max,1000000.0,time_unit,1000000.0,1000000.0,1000000.0,1000000.0,1000000.0,1000000.0,3,1000000.0,1000000.0,1000000.0,1000000.0,1000000.0,0.0,1000000.0,1000000.0,1000000.0,1000000.0,1000000.0,inverse_time_unit,1000000.0,8000,,495,,,,,,,,,,,,,,,,,,,,,,,,,,,,,,,,,,,,,,,,,,,,,,,,,,,,,,,,,
558,0.0002130852097045364,1,[42],0.23069809001858071,19,0.10155391409381927,gbrt,342,0.1967718698673303,ok,ok,1.039447547254216e-06,42,10.41343339022826,mean,1.1765837926057139,True,True,mean_plus_max,0.0,time_unit,0.5228209658421672,3.493460697985281,5.918333333333333,11.408888888888889,2.2765283164323002,3.97785308178714,3,3.4363587006815997,10.41343339022826,10.41343339022826,10.41343339022826,10.41343339022826,0.0,1.0,2.6666666666666665,0.012499999999999999,0.4166666666666667,0.03333333333333333,inverse_time_unit,1.0939321960146269,8000,"[{""end_in_validation_block"": 8000, ""inter_spike_interval_units"": ""time_unit"", ""isi_rel_error"": 0.5684628975265016, ""mean_gap"": 0.17130599191104393, ""mean_isi_pred"": 17.755, ""mean_isi_true"": 11.32, ""nrmse"": 1.0362730366406354, ""nrmse_x"": 1.0399745610506266, ""penalty"": 0.0, ""score"": 1.3652857165012544, ""spike_count_pred"": 3, ""spike_count_true"": 4, ""spike_frequency_pred"": 0.0375, ""spike_frequency_rel_error"": 0.25000000000000006, ""spike_frequency_true"": 0.05, ""spike_frequency_units"": ""inverse_time_unit"", ""stable"": true, ""start_in_validation_block"": 0, ""std_ratio"": 0.8990820539128613, ""window_index"": 0}, {""end_in_validation_block"": 16000, ""inter_spike_interval_units"": ""time_unit"", ""isi_rel_error"": 1.0, ""mean_gap"": 1.7384209762471379, ""mean_isi_pred"": 0.0, ""mean_isi_true"": 22.906666666666666, ""nrmse"": 2.7744579850980116, ""nrmse_x"": 2.0884638556118826, ""penalty"": 1.7384209762471379, ""score"": 5.0806905931081765, ""spike_count_pred"": 0, ""spike_count_true"": 4, ""spike_frequency_pred"": 0.0, ""spike_frequency_rel_error"": 1.0, ""spike_frequency_true"": 0.05, ""spike_frequency_units"": ""inverse_time_unit"", ""stable"": true, ""start_in_validation_block"": 8000, ""std_ratio"": 0.616796158668309, ""window_index"": 1}, {""end_in_validation_block"": 24000, ""inter_spike_interval_units"": ""time_unit"", ""isi_rel_error"": 0.0, ""mean_gap"": 8.57065512579766, ""mean_isi_pred"": 0.0, ""mean_isi_true"": 0.0, ""nrmse"": 3.0188539275582538, ""nrmse_x"": 8.80512082869891, ""penalty"": 8.57065512579766, ""score"": 14.168185063471626, ""spike_count_pred"": 0, ""spike_count_true"": 0, ""spike_frequency_pred"": 0.0, ""spike_frequency_rel_error"": 0.0, ""spike_frequency_true"": 0.0, ""spike_frequency_units"": ""inverse_time_unit"", ""stable"": true, ""start_in_validation_block"": 16000, ""std_ratio"": 1.7659183754627104, ""window_index"": 2}]",93,8000,time_unit,0.5684628975265016,0.17130599191104393,17.755,11.32,1.0362730366406354,1.0399745610506266,0.0,1.3652857165012544,3,4,0.0375,0.25000000000000006,0.05,inverse_time_unit,True,0,0.8990820539128613,16000,time_unit,1.0,1.7384209762471379,0.0,22.906666666666666,2.7744579850980116,2.0884638556118826,1.7384209762471379,5.0806905931081765,0,4,0.0,1.0,0.05,inverse_time_unit,True,8000,0.616796158668309,24000,time_unit,0.0,8.57065512579766,0.0,0.0,3.0188539275582538,8.80512082869891,8.57065512579766,14.168185063471626,0,0,0.0,0.0,0.0,inverse_time_unit,True,16000,1.7659183754627104
594,0.0002130852097045364,1,[42],0.1885018443087706,20,0.20474454524892335,gbrt,342,0.18799326183308732,ok,ok,7.193450558346261e-05,42,8.202636686876957,mean,0.9509376272305965,True,True,mean_plus_max,0.0,time_unit,0.5643863354957075,2.1816827466002264,8.508333333333335,11.408888888888889,1.6387473602565443,3.1498818085565485,3,1.894886197362365,8.202636686876957,8.202636686876957,8.202636686876957,8.202636686876957,0.0,8.333333333333334,2.6666666666666665,0.10416666666666667,1.0,0.03333333333333333,inverse_time_unit,2.0057162862425044,8000,"[{""end_in_validation_block"": 8000, ""inter_spike_interval_units"": ""time_unit"", ""isi_rel_error"": 0.004858657243816229, ""mean_gap"": 0.13375906261081358, ""mean_isi_pred"": 11.265, ""mean_isi_true"": 11.32, ""nrmse"": 0.49598928198478465, ""nrmse_x"": 0.6716671361806389, ""penalty"": 0.0, ""score"": 0.7458435740174558, ""spike_count_pred"": 3, ""spike_count_true"": 4, ""spike_frequency_pred"": 0.0375, ""spike_frequency_rel_error"": 0.25000000000000006, ""spike_frequency_true"": 0.05, ""spike_frequency_units"": ""inverse_time_unit"", ""stable"": true, ""start_in_validation_block"": 0, ""std_ratio"": 0.9045033596562907, ""window_index"": 0}, {""end_in_validation_block"": 16000, ""inter_spike_interval_units"": ""time_unit"", ""isi_rel_error"": 0.6883003492433062, ""mean_gap"": 0.7266305851027713, ""mean_isi_pred"": 7.140000000000001, ""mean_isi_true"": 22.906666666666666, ""nrmse"": 2.208051101797127, ""nrmse_x"": 1.876100231939964, ""penalty"": 0.0, ""score"": 3.678018077637915, ""spike_count_pred"": 11, ""spike_count_true"": 4, ""spike_frequency_pred"": 0.1375, ""spike_frequency_rel_error"": 1.75, ""spike_frequency_true"": 0.05, ""spike_frequency_units"": ""inverse_time_unit"", ""stable"": true, ""start_in_validation_block"": 8000, ""std_ratio"": 1.3266358116027843, ""window_index"": 1}, {""end_in_validation_block"": 24000, ""inter_spike_interval_units"": ""time_unit"", ""isi_rel_error"": 1.0, ""mean_gap"": 5.684658592087095, ""mean_isi_pred"": 7.12, ""mean_isi_true"": 0.0, ""nrmse"": 2.212201696987722, ""nrmse_x"": 6.901878057549043, ""penalty"": 5.684658592087095, ""score"": 11.533741947985998, ""spike_count_pred"": 11, ""spike_count_true"": 0, ""spike_frequency_pred"": 0.1375, ""spike_frequency_rel_error"": 1.0, ""spike_frequency_true"": 0.0, ""spike_frequency_units"": ""inverse_time_unit"", ""stable"": true, ""start_in_validation_block"": 16000, ""std_ratio"": 3.7860096874684377, ""window_index"": 2}]",84,8000,time_unit,0.004858657243816229,0.13375906261081358,11.265,11.32,0.49598928198478465,0.6716671361806389,0.0,0.7458435740174558,3,4,0.0375,0.25000000000000006,0.05,inverse_time_unit,True,0,0.9045033596562907,16000,time_unit,0.6883003492433062,0.7266305851027713,7.140000000000001,22.906666666666666,2.208051101797127,1.876100231939964,0.0,3.678018077637915,11,4,0.1375,1.75,0.05,inverse_time_unit,True,8000,1.3266358116027843,24000,time_unit,1.0,5.684658592087095,7.12,0.0,2.212201696987722,6.901878057549043,5.684658592087095,11.533741947985998,11,0,0.1375,1.0,0.0,inverse_time_unit,True,16000,3.7860096874684377
537,0.0002130852097045364,1,[42],0.0635366235337374,21,0.7125281368071589,gbrt,342,0.047563166780870414,ok,ok,3.014401639639365e-09,42,0.01258488216949942,mean,0.9138844613638839,True,True,mean_plus_max,0.0,time_unit,9.701202949167212e-05,0.0005335931028133185,11.411111111111111,11.408888888888889,0.008728995095627847,0.010295384587070409,3,0.0,0.01258488216949942,0.01258488216949942,0.01258488216949942,0.01258488216949942,0.0,2.6666666666666665,2.6666666666666665,0.03333333333333333,0.0,0.03333333333333333,inverse_time_unit,1.0002855003978641,8000,"[{""end_in_validation_block"": 8000, ""inter_spike_interval_units"": ""time_unit"", ""isi_rel_error"": 0.0, ""mean_gap"": 1.4884250172587547e-07, ""mean_isi_pred"": 11.32, ""mean_isi_true"": 11.32, ""nrmse"": 0.0029080061799460722, ""nrmse_x"": 0.004475447462514458, ""penalty"": 0.0, ""score"": 0.00318849764936947, ""spike_count_pred"": 4, ""spike_count_true"": 4, ""spike_frequency_pred"": 0.05, ""spike_frequency_rel_error"": 0.0, ""spike_frequency_true"": 0.05, ""spike_frequency_units"": ""inverse_time_unit"", ""stable"": true, ""start_in_validation_block"": 0, ""std_ratio"": 1.000010114515999, ""window_index"": 0}, {""end_in_validation_block"": 16000, ""inter_spike_interval_units"": ""time_unit"", ""isi_rel_error"": 0.00029103608847501637, ""mean_gap"": 2.2993839292631164e-05, ""mean_isi_pred"": 22.913333333333334, ""mean_isi_true"": 22.906666666666666, ""nrmse"": 0.021650879902027118, ""nrmse_x"": 0.024015318931067835, ""penalty"": 0.0, ""score"": 0.018766663431831594, ""spike_count_pred"": 4, ""spike_count_true"": 4, ""spike_frequency_pred"": 0.05, ""spike_frequency_rel_error"": 0.0, ""spike_frequency_true"": 0.05, ""spike_frequency_units"": ""inverse_time_unit"", ""stable"": true, ""start_in_validation_block"": 8000, ""std_ratio"": 1.0000336302624393, ""window_index"": 1}, {""end_in_validation_block"": 24000, ""inter_spike_interval_units"": ""time_unit"", ""isi_rel_error"": 0.0, ""mean_gap"": 0.0015776366266455984, ""mean_isi_pred"": 0.0, ""mean_isi_true"": 0.0, ""nrmse"": 0.0016280992049103496, ""nrmse_x"": 0.002395387367628934, ""penalty"": 0.0, ""score"": 0.001724487853423501, ""spike_count_pred"": 0, ""spike_count_true"": 0, ""spike_frequency_pred"": 0.0, ""spike_frequency_rel_error"": 0.0, ""spike_frequency_true"": 0.0, ""spike_frequency_units"": ""inverse_time_unit"", ""stable"": true, ""start_in_validation_block"": 16000, ""std_ratio"": 1.000812756415154, ""window_index"": 2}]",87,8000,time_unit,0.0,1.4884250172587547e-07,11.32,11.32,0.0029080061799460722,0.004475447462514458,0.0,0.00318849764936947,4,4,0.05,0.0,0.05,inverse_time_unit,True,0,1.000010114515999,16000,time_unit,0.00029103608847501637,2.2993839292631164e-05,22.913333333333334,22.906666666666666,0.021650879902027118,0.024015318931067835,0.0,0.018766663431831594,4,4,0.05,0.0,0.05,inverse_time_unit,True,8000,1.0000336302624393,24000,time_unit,0.0,0.0015776366266455984,0.0,0.0,0.0016280992049103496,0.002395387367628934,0.0,0.001724487853423501,0,0,0.0,0.0,0.0,inverse_time_unit,True,16000,1.000812756415154
761,0.0002130852097045364,1,[42],0.6512204435272977,22,0.41844899863398155,gbrt,342,0.14146603012423764,ok,ok,6.727044440447676e-10,42,26.146057858709934,mean,0.5478272384095829,True,True,mean_plus_max,0.0,time_unit,0.6666666666666666,10.381661024281225,0.0,11.408888888888889,5.206288061438392,10.48511454114856,3,10.714994357614534,26.146057858709934,26.146057858709934,26.146057858709934,26.146057858709934,0.0,0.0,2.6666666666666665,0.0,0.6666666666666666,0.03333333333333333,inverse_time_unit,0.3436800192304528,8000,"[{""end_in_validation_block"": 8000, ""inter_spike_interval_units"": ""time_unit"", ""isi_rel_error"": 1.0, ""mean_gap"": 5.693367502930298, ""mean_isi_pred"": 0.0, ""mean_isi_true"": 11.32, ""nrmse"": 4.163700872306421, ""nrmse_x"": 5.909873048099189, ""penalty"": 5.693367502930298, ""score"": 11.484722897461456, ""spike_count_pred"": 0, ""spike_count_true"": 4, ""spike_frequency_pred"": 0.0, ""spike_frequency_rel_error"": 1.0, ""spike_frequency_true"": 0.05, ""spike_frequency_units"": ""inverse_time_unit"", ""stable"": true, ""start_in_validation_block"": 0, ""std_ratio"": 1.0310400576913439, ""window_index"": 0}, {""end_in_validation_block"": 16000, ""inter_spike_interval_units"": ""time_unit"", ""isi_rel_error"": 1.0, ""mean_gap"": 7.548721184223488, ""mean_isi_pred"": 0.0, ""mean_isi_true"": 22.906666666666666, ""nrmse"": 6.711647422000528, ""nrmse_x"": 7.614669494938332, ""penalty"": 8.048721184223469, ""score"": 15.414701261939683, ""spike_count_pred"": 0, ""spike_count_true"": 4, ""spike_frequency_pred"": 0.0, ""spike_frequency_rel_error"": 1.0, ""spike_frequency_true"": 0.05, ""spike_frequency_units"": ""inverse_time_unit"", ""stable"": true, ""start_in_validation_block"": 8000, ""std_ratio"": 3.801694701732135e-15, ""window_index"": 1}, {""end_in_validation_block"": 24000, ""inter_spike_interval_units"": ""time_unit"", ""isi_rel_error"": 0.0, ""mean_gap"": 17.90289438568989, ""mean_isi_pred"": 0.0, ""mean_isi_true"": 0.0, ""nrmse"": 4.743515890008227, ""nrmse_x"": 17.930801080408155, ""penalty"": 18.402894385689837, ""score"": 29.45071395241638, ""spike_count_pred"": 0, ""spike_count_true"": 0, ""spike_frequency_pred"": 0.0, ""spike_frequency_rel_error"": 0.0, ""spike_frequency_true"": 0.0, ""spike_frequency_units"": ""inverse_time_unit"", ""stable"": true, ""start_in_validation_block"": 16000, ""std_ratio"": 1.0839629630770829e-14, ""window_index"": 2}]",73,8000,time_unit,1.0,5.693367502930298,0.0,11.32,4.163700872306421,5.909873048099189,5.693367502930298,11.484722897461456,0,4,0.0,1.0,0.05,inverse_time_unit,True,0,1.0310400576913439,16000,time_unit,1.0,7.548721184223488,0.0,22.906666666666666,6.711647422000528,7.614669494938332,8.048721184223469,15.414701261939683,0,4,0.0,1.0,0.05,inverse_time_unit,True,8000,3.801694701732135e-15,24000,time_unit,0.0,17.90289438568989,0.0,0.0,4.743515890008227,17.930801080408155,18.402894385689837,29.45071395241638,0,0,0.0,0.0,0.0,inverse_time_unit,True,16000,1.0839629630770829e-14
747,0.0002130852097045364,1,[42],0.06435507304261412,23,0.3931966650410633,gbrt,342,0.1682204587269624,seed_42=non_finite_prediction,non_finite_prediction,6.938641532139921e-05,42,1000000.0,mean,0.6153590019290367,False,False,mean_plus_max,1000000.0,time_unit,1000000.0,1000000.0,1000000.0,1000000.0,1000000.0,1000000.0,3,1000000.0,1000000.0,1000000.0,1000000.0,1000000.0,0.0,1000000.0,1000000.0,1000000.0,1000000.0,1000000.0,inverse_time_unit,1000000.0,8000,,110,,,,,,,,,,,,,,,,,,,,,,,,,,,,,,,,,,,,,,,,,,,,,,,,,,,,,,,,,
511,0.0002130852097045364,1,[42],0.059209192588406685,24,0.4860667743691076,gbrt,342,0.19242380896718314,ok,ok,5.739525061433497e-06,42,0.7647493697409176,mean,0.8011882612936017,True,True,mean_plus_max,0.0,time_unit,0.03858919142016015,0.05245370367142508,10.6,11.408888888888889,0.5332067925145755,0.6498486734104165,3,0.0,0.7647493697409176,0.7647493697409176,0.7647493697409176,0.7647493697409176,0.0,2.6666666666666665,2.6666666666666665,0.03333333333333333,0.0,0.03333333333333333,inverse_time_unit,0.9614937161072502,8000,"[{""end_in_validation_block"": 8000, ""inter_spike_interval_units"": ""time_unit"", ""isi_rel_error"": 0.019434628975265072, ""mean_gap"": 0.0008652821723537454, ""mean_isi_pred"": 11.1, ""mean_isi_true"": 11.32, ""nrmse"": 0.2858781211284548, ""nrmse_x"": 0.4426225372269758, ""penalty"": 0.0, ""score"": 0.3246292402445829, ""spike_count_pred"": 4, ""spike_count_true"": 4, ""spike_frequency_pred"": 0.05, ""spike_frequency_rel_error"": 0.0, ""spike_frequency_true"": 0.05, ""spike_frequency_units"": ""inverse_time_unit"", ""stable"": true, ""start_in_validation_block"": 0, ""std_ratio"": 0.9982272763507998, ""window_index"": 0}, {""end_in_validation_block"": 16000, ""inter_spike_interval_units"": ""time_unit"", ""isi_rel_error"": 0.09633294528521538, ""mean_gap"": 0.0019539677520197213, ""mean_isi_pred"": 20.7, ""mean_isi_true"": 22.906666666666666, ""nrmse"": 1.1357746818066226, ""nrmse_x"": 1.2487910527483548, ""penalty"": 0.0, ""score"": 1.0189452221058584, ""spike_count_pred"": 4, ""spike_count_true"": 4, ""spike_frequency_pred"": 0.05, ""spike_frequency_rel_error"": 0.0, ""spike_frequency_true"": 0.05, ""spike_frequency_units"": ""inverse_time_unit"", ""stable"": true, ""start_in_validation_block"": 8000, ""std_ratio"": 0.9953904163381846, ""window_index"": 1}, {""end_in_validation_block"": 24000, ""inter_spike_interval_units"": ""time_unit"", ""isi_rel_error"": 0.0, ""mean_gap"": 0.15454186108990178, ""mean_isi_pred"": 0.0, ""mean_isi_true"": 0.0, ""nrmse"": 0.17796757460864884, ""nrmse_x"": 0.258132430255919, ""penalty"": 0.0, ""score"": 0.18646473029291766, ""spike_count_pred"": 0, ""spike_count_true"": 0, ""spike_frequency_pred"": 0.0, ""spike_frequency_rel_error"": 0.0, ""spike_frequency_true"": 0.0, ""spike_frequency_units"": ""inverse_time_unit"", ""stable"": true, ""start_in_validation_block"": 16000, ""std_ratio"": 0.8908634556327664, ""window_index"": 2}]",246,8000,time_unit,0.019434628975265072,0.0008652821723537454,11.1,11.32,0.2858781211284548,0.4426225372269758,0.0,0.3246292402445829,4,4,0.05,0.0,0.05,inverse_time_unit,True,0,0.9982272763507998,16000,time_unit,0.09633294528521538,0.0019539677520197213,20.7,22.906666666666666,1.1357746818066226,1.2487910527483548,0.0,1.0189452221058584,4,4,0.05,0.0,0.05,inverse_time_unit,True,8000,0.9953904163381846,24000,time_unit,0.0,0.15454186108990178,0.0,0.0,0.17796757460864884,0.258132430255919,0.0,0.18646473029291766,0,0,0.0,0.0,0.0,inverse_time_unit,True,16000,0.8908634556327664
750,0.0002130852097045364,1,[42],0.1067239984462663,25,0.6560759174159213,gbrt,342,0.10646153440487016,ok,ok,3.173769411978249e-10,42,0.0004310632634254907,mean,0.8990061353897801,True,True,mean_plus_max,0.0,time_unit,4.8506014745784366e-05,1.0172857186434428e-05,11.40777777777778,11.408888888888889,0.00026822046302497503,0.0003094249839879249,3,0.0,0.0004310632634254907,0.0004310632634254907,0.0004310632634254907,0.0004310632634254907,0.0,2.6666666666666665,2.6666666666666665,0.03333333333333333,0.0,0.03333333333333333,inverse_time_unit,0.9999909408425197,8000,"[{""end_in_validation_block"": 8000, ""inter_spike_interval_units"": ""time_unit"", ""isi_rel_error"": 0.0, ""mean_gap"": 1.1353638586930038e-06, ""mean_isi_pred"": 11.32, ""mean_isi_true"": 11.32, ""nrmse"": 6.183927954240851e-05, ""nrmse_x"": 9.511832067357009e-05, ""penalty"": 0.0, ""score"": 6.777489625606568e-05, ""spike_count_pred"": 4, ""spike_count_true"": 4, ""spike_frequency_pred"": 0.05, ""spike_frequency_rel_error"": 0.0, ""spike_frequency_true"": 0.05, ""spike_frequency_units"": ""inverse_time_unit"", ""stable"": true, ""start_in_validation_block"": 0, ""std_ratio"": 1.000000546031563, ""window_index"": 0}, {""end_in_validation_block"": 16000, ""inter_spike_interval_units"": ""time_unit"", ""isi_rel_error"": 0.0001455180442373531, ""mean_gap"": 5.618363609799599e-07, ""mean_isi_pred"": 22.903333333333336, ""mean_isi_true"": 22.906666666666666, ""nrmse"": 0.0007034909732575327, ""nrmse_x"": 0.000781188783598045, ""penalty"": 0.0, ""score"": 0.0006782855964119844, ""spike_count_pred"": 4, ""spike_count_true"": 4, ""spike_frequency_pred"": 0.05, ""spike_frequency_rel_error"": 0.0, ""spike_frequency_true"": 0.05, ""spike_frequency_units"": ""inverse_time_unit"", ""stable"": true, ""start_in_validation_block"": 8000, ""std_ratio"": 1.0000000728982357, ""window_index"": 1}, {""end_in_validation_block"": 24000, ""inter_spike_interval_units"": ""time_unit"", ""isi_rel_error"": 0.0, ""mean_gap"": 2.882137133963032e-05, ""mean_isi_pred"": 0.0, ""mean_isi_true"": 0.0, ""nrmse"": 3.933113627498385e-05, ""nrmse_x"": 5.196784769215969e-05, ""penalty"": 0.0, ""score"": 3.8415100299433795e-05, ""spike_count_pred"": 0, ""spike_count_true"": 0, ""spike_frequency_pred"": 0.0, ""spike_frequency_rel_error"": 0.0, ""spike_frequency_true"": 0.0, ""spike_frequency_units"": ""inverse_time_unit"", ""stable"": true, ""start_in_validation_block"": 16000, ""std_ratio"": 0.9999722035977601, ""window_index"": 2}]",333,8000,time_unit,0.0,1.1353638586930038e-06,11.32,11.32,6.183927954240851e-05,9.511832067357009e-05,0.0,6.777489625606568e-05,4,4,0.05,0.0,0.05,inverse_time_unit,True,0,1.000000546031563,16000,time_unit,0.0001455180442373531,5.618363609799599e-07,22.903333333333336,22.906666666666666,0.0007034909732575327,0.000781188783598045,0.0,0.0006782855964119844,4,4,0.05,0.0,0.05,inverse_time_unit,True,8000,1.0000000728982357,24000,time_unit,0.0,2.882137133963032e-05,0.0,0.0,3.933113627498385e-05,5.196784769215969e-05,0.0,3.8415100299433795e-05,0,0,0.0,0.0,0.0,inverse_time_unit,True,16000,0.9999722035977601
731,0.0002130852097045364,1,[42],0.06715817894415517,26,0.6563254195059025,gbrt,342,0.18712204557703763,ok,ok,4.7045123604668324e-06,42,0.12766680750027293,mean,0.9345311157699849,True,True,mean_plus_max,0.0,time_unit,0.00198874660457902,0.007809380716321871,11.454444444444446,11.408888888888889,0.08582224751594665,0.10229888499472146,3,0.0,0.12766680750027293,0.12766680750027293,0.12766680750027293,0.12766680750027293,0.0,2.6666666666666665,2.6666666666666665,0.03333333333333333,0.0,0.03333333333333333,inverse_time_unit,1.0044019296848,8000,"[{""end_in_validation_block"": 8000, ""inter_spike_interval_units"": ""time_unit"", ""isi_rel_error"": 0.0, ""mean_gap"": 6.20675982437939e-05, ""mean_isi_pred"": 11.32, ""mean_isi_true"": 11.32, ""nrmse"": 0.011628766178523188, ""nrmse_x"": 0.01789538234653059, ""penalty"": 0.0, ""score"": 0.012749651835222623, ""spike_count_pred"": 4, ""spike_count_true"": 4, ""spike_frequency_pred"": 0.05, ""spike_frequency_rel_error"": 0.0, ""spike_frequency_true"": 0.05, ""spike_frequency_units"": ""inverse_time_unit"", ""stable"": true, ""start_in_validation_block"": 0, ""std_ratio"": 0.9999614360971745, ""window_index"": 0}, {""end_in_validation_block"": 16000, ""inter_spike_interval_units"": ""time_unit"", ""isi_rel_error"": 0.00596623981373706, ""mean_gap"": 0.0009087241230992659, ""mean_isi_pred"": 23.043333333333337, ""mean_isi_true"": 22.906666666666666, ""nrmse"": 0.223702919591494, ""nrmse_x"": 0.2489110772415595, ""penalty"": 0.0, ""score"": 0.19580994228759976, ""spike_count_pred"": 4, ""spike_count_true"": 4, ""spike_frequency_pred"": 0.05, ""spike_frequency_rel_error"": 0.0, ""spike_frequency_true"": 0.05, ""spike_frequency_units"": ""inverse_time_unit"", ""stable"": true, ""start_in_validation_block"": 8000, ""std_ratio"": 1.0004473260819702, ""window_index"": 1}, {""end_in_validation_block"": 24000, ""inter_spike_interval_units"": ""time_unit"", ""isi_rel_error"": 0.0, ""mean_gap"": 0.022457350427622553, ""mean_isi_pred"": 0.0, ""mean_isi_true"": 0.0, ""nrmse"": 0.022135056777822765, ""nrmse_x"": 0.04009019539607435, ""penalty"": 0.0, ""score"": 0.027583371662296585, ""spike_count_pred"": 0, ""spike_count_true"": 0, ""spike_frequency_pred"": 0.0, ""spike_frequency_rel_error"": 0.0, ""spike_frequency_true"": 0.0, ""spike_frequency_units"": ""inverse_time_unit"", ""stable"": true, ""start_in_validation_block"": 16000, ""std_ratio"": 1.0127970268752549, ""window_index"": 2}]",294,8000,time_unit,0.0,6.20675982437939e-05,11.32,11.32,0.011628766178523188,0.01789538234653059,0.0,0.012749651835222623,4,4,0.05,0.0,0.05,inverse_time_unit,True,0,0.9999614360971745,16000,time_unit,0.00596623981373706,0.0009087241230992659,23.043333333333337,22.906666666666666,0.223702919591494,0.2489110772415595,0.0,0.19580994228759976,4,4,0.05,0.0,0.05,inverse_time_unit,True,8000,1.0004473260819702,24000,time_unit,0.0,0.022457350427622553,0.0,0.0,0.022135056777822765,0.04009019539607435,0.0,0.027583371662296585,0,0,0.0,0.0,0.0,inverse_time_unit,True,16000,1.0127970268752549
777,0.0002130852097045364,1,[42],0.05527908178914767,27,0.6475111404239272,gbrt,342,0.17867280135335123,ok,ok,5.446180958616784e-05,42,0.2896537479346745,mean,1.0180728200678721,True,True,mean_plus_max,0.0,time_unit,0.004464838681221468,0.036492417949374474,11.504444444444445,11.408888888888889,0.17646693717765263,0.27891117362273565,3,0.0,0.2896537479346745,0.2896537479346745,0.2896537479346745,0.2896537479346745,0.0,2.6666666666666665,2.6666666666666665,0.03333333333333333,0.0,0.03333333333333333,inverse_time_unit,1.0289515634753468,8000,"[{""end_in_validation_block"": 8000, ""inter_spike_interval_units"": ""time_unit"", ""isi_rel_error"": 0.0005889281507656986, ""mean_gap"": 0.00011944690314481282, ""mean_isi_pred"": 11.313333333333333, ""mean_isi_true"": 11.32, ""nrmse"": 0.03167065428953621, ""nrmse_x"": 0.048726812430231525, ""penalty"": 0.0, ""score"": 0.03501187448439424, ""spike_count_pred"": 4, ""spike_count_true"": 4, ""spike_frequency_pred"": 0.05, ""spike_frequency_rel_error"": 0.0, ""spike_frequency_true"": 0.05, ""spike_frequency_units"": ""inverse_time_unit"", ""stable"": true, ""start_in_validation_block"": 0, ""std_ratio"": 0.9997010525074308, ""window_index"": 0}, {""end_in_validation_block"": 16000, ""inter_spike_interval_units"": ""time_unit"", ""isi_rel_error"": 0.012805587892898705, ""mean_gap"": 0.008918836468826647, ""mean_isi_pred"": 23.2, ""mean_isi_true"": 22.906666666666666, ""nrmse"": 0.4096368190048554, ""nrmse_x"": 0.456003266419856, ""penalty"": 0.0, ""score"": 0.359613795228584, ""spike_count_pred"": 4, ""spike_count_true"": 4, ""spike_frequency_pred"": 0.05, ""spike_frequency_rel_error"": 0.0, ""spike_frequency_true"": 0.05, ""spike_frequency_units"": ""inverse_time_unit"", ""stable"": true, ""start_in_validation_block"": 8000, ""std_ratio"": 0.9987271717742603, ""window_index"": 1}, {""end_in_validation_block"": 24000, ""inter_spike_interval_units"": ""time_unit"", ""isi_rel_error"": 0.0, ""mean_gap"": 0.10043897047615195, ""mean_isi_pred"": 0.0, ""mean_isi_true"": 0.0, ""nrmse"": 0.0880933382385664, ""nrmse_x"": 0.33200344201811943, ""penalty"": 0.0, ""score"": 0.20462522766960728, ""spike_count_pred"": 0, ""spike_count_true"": 0, ""spike_frequency_pred"": 0.0, ""spike_frequency_rel_error"": 0.0, ""spike_frequency_true"": 0.0, ""spike_frequency_units"": ""inverse_time_unit"", ""stable"": true, ""start_in_validation_block"": 16000, ""std_ratio"": 1.0884264661443497, ""window_index"": 2}]",296,8000,time_unit,0.0005889281507656986,0.00011944690314481282,11.313333333333333,11.32,0.03167065428953621,0.048726812430231525,0.0,0.03501187448439424,4,4,0.05,0.0,0.05,inverse_time_unit,True,0,0.9997010525074308,16000,time_unit,0.012805587892898705,0.008918836468826647,23.2,22.906666666666666,0.4096368190048554,0.456003266419856,0.0,0.359613795228584,4,4,0.05,0.0,0.05,inverse_time_unit,True,8000,0.9987271717742603,24000,time_unit,0.0,0.10043897047615195,0.0,0.0,0.0880933382385664,0.33200344201811943,0.0,0.20462522766960728,0,0,0.0,0.0,0.0,inverse_time_unit,True,16000,1.0884264661443497
726,0.0002130852097045364,1,[42],0.058864745458383126,28,0.5931440006995493,gbrt,342,0.12367985467725201,seed_42=non_finite_prediction,non_finite_prediction,6.097574910009012e-08,42,1000000.0,mean,0.8162039460008732,False,False,mean_plus_max,1000000.0,time_unit,1000000.0,1000000.0,1000000.0,1000000.0,1000000.0,1000000.0,3,1000000.0,1000000.0,1000000.0,1000000.0,1000000.0,0.0,1000000.0,1000000.0,1000000.0,1000000.0,1000000.0,inverse_time_unit,1000000.0,8000,,385,,,,,,,,,,,,,,,,,,,,,,,,,,,,,,,,,,,,,,,,,,,,,,,,,,,,,,,,,
629,0.0002130852097045364,1,[42],0.05255000062995066,29,0.6477774772400341,gbrt,342,0.1330070085787022,ok,ok,6.529916344154135e-05,42,1.4643968067318507,mean,1.0947895113794166,True,True,mean_plus_max,0.0,time_unit,0.06226204057548124,0.228299158092922,9.987222222222224,11.408888888888889,0.36856578306886645,0.7705689483026118,3,0.0,1.4643968067318507,1.4643968067318507,1.4643968067318507,1.4643968067318507,0.0,2.6666666666666665,2.6666666666666665,0.03333333333333333,0.4166666666666667,0.03333333333333333,inverse_time_unit,1.3187017455385608,8000,"[{""end_in_validation_block"": 8000, ""inter_spike_interval_units"": ""time_unit"", ""isi_rel_error"": 0.0011778563015310834, ""mean_gap"": 0.00047870393967853765, ""mean_isi_pred"": 11.306666666666668, ""mean_isi_true"": 11.32, ""nrmse"": 0.049771646291630285, ""nrmse_x"": 0.07648858250865168, ""penalty"": 0.0, ""score"": 0.055100560103431534, ""spike_count_pred"": 4, ""spike_count_true"": 4, ""spike_frequency_pred"": 0.05, ""spike_frequency_rel_error"": 0.0, ""spike_frequency_true"": 0.05, ""spike_frequency_units"": ""inverse_time_unit"", ""stable"": true, ""start_in_validation_block"": 0, ""std_ratio"": 0.9987617296630281, ""window_index"": 0}, {""end_in_validation_block"": 16000, ""inter_spike_interval_units"": ""time_unit"", ""isi_rel_error"": 0.18560826542491263, ""mean_gap"": 0.09015546549762642, ""mean_isi_pred"": 18.655, ""mean_isi_true"": 22.906666666666666, ""nrmse"": 0.5788608036550286, ""nrmse_x"": 0.6291950170170466, ""penalty"": 0.0, ""score"": 0.8335765929855893, ""spike_count_pred"": 3, ""spike_count_true"": 4, ""spike_frequency_pred"": 0.0375, ""spike_frequency_rel_error"": 0.25000000000000006, ""spike_frequency_true"": 0.05, ""spike_frequency_units"": ""inverse_time_unit"", ""stable"": true, ""start_in_validation_block"": 8000, ""std_ratio"": 0.9007821214994017, ""window_index"": 1}, {""end_in_validation_block"": 24000, ""inter_spike_interval_units"": ""time_unit"", ""isi_rel_error"": 0.0, ""mean_gap"": 0.5942633048414611, ""mean_isi_pred"": 0.0, ""mean_isi_true"": 0.0, ""nrmse"": 0.4770648992599404, ""nrmse_x"": 1.6060232453821373, ""penalty"": 0.0, ""score"": 2.0025790097751606, ""spike_count_pred"": 1, ""spike_count_true"": 0, ""spike_frequency_pred"": 0.0125, ""spike_frequency_rel_error"": 1.0, ""spike_frequency_true"": 0.0, ""spike_frequency_units"": ""inverse_time_unit"", ""stable"": true, ""start_in_validation_block"": 16000, ""std_ratio"": 2.0565613854532527, ""window_index"": 2}]",132,8000,time_unit,0.0011778563015310834,0.00047870393967853765,11.306666666666668,11.32,0.049771646291630285,0.07648858250865168,0.0,0.055100560103431534,4,4,0.05,0.0,0.05,inverse_time_unit,True,0,0.9987617296630281,16000,time_unit,0.18560826542491263,0.09015546549762642,18.655,22.906666666666666,0.5788608036550286,0.6291950170170466,0.0,0.8335765929855893,3,4,0.0375,0.25000000000000006,0.05,inverse_time_unit,True,8000,0.9007821214994017,24000,time_unit,0.0,0.5942633048414611,0.0,0.0,0.4770648992599404,1.6060232453821373,0.0,2.0025790097751606,1,0,0.0125,1.0,0.0,inverse_time_unit,True,16000,2.0565613854532527
389,0.0002130852097045364,1,[42],0.7268231166012903,30,0.6108296979981667,gbrt,342,0.19726752857337912,ok,ok,1.4535818922062865e-05,42,6.087620713371825,mean,1.1188767117613296,True,True,mean_plus_max,0.0,time_unit,0.4969960550726665,1.4546491014980862,11.868333333333332,11.408888888888889,1.220863876919781,2.387577236039089,3,1.408700026381885,6.087620713371825,6.087620713371825,6.087620713371825,6.087620713371825,0.0,5.666666666666667,2.6666666666666665,0.07083333333333333,0.5,0.03333333333333333,inverse_time_unit,1.8951520724883058,8000,"[{""end_in_validation_block"": 8000, ""inter_spike_interval_units"": ""time_unit"", ""isi_rel_error"": 0.000883392226148391, ""mean_gap"": 0.00030172982875699693, ""mean_isi_pred"": 11.33, ""mean_isi_true"": 11.32, ""nrmse"": 0.024109562732916527, ""nrmse_x"": 0.03710923888799682, ""penalty"": 0.0, ""score"": 0.026879168184701575, ""spike_count_pred"": 4, ""spike_count_true"": 4, ""spike_frequency_pred"": 0.05, ""spike_frequency_rel_error"": 0.0, ""spike_frequency_true"": 0.05, ""spike_frequency_units"": ""inverse_time_unit"", ""stable"": true, ""start_in_validation_block"": 0, ""std_ratio"": 1.0001271927281117, ""window_index"": 0}, {""end_in_validation_block"": 16000, ""inter_spike_interval_units"": ""time_unit"", ""isi_rel_error"": 0.490104772991851, ""mean_gap"": 0.13754549551984624, ""mean_isi_pred"": 11.68, ""mean_isi_true"": 22.906666666666666, ""nrmse"": 1.745464851714433, ""nrmse_x"": 1.5823452721656468, ""penalty"": 0.0, ""score"": 2.051708499115639, ""spike_count_pred"": 6, ""spike_count_true"": 4, ""spike_frequency_pred"": 0.075, ""spike_frequency_rel_error"": 0.4999999999999999, ""spike_frequency_true"": 0.05, ""spike_frequency_units"": ""inverse_time_unit"", ""stable"": true, ""start_in_validation_block"": 8000, ""std_ratio"": 1.188494635017354, ""window_index"": 1}, {""end_in_validation_block"": 24000, ""inter_spike_interval_units"": ""time_unit"", ""isi_rel_error"": 1.0, ""mean_gap"": 4.226100079145655, ""mean_isi_pred"": 12.595, ""mean_isi_true"": 0.0, ""nrmse"": 1.8930172163119934, ""nrmse_x"": 5.543277197063624, ""penalty"": 4.226100079145655, ""score"": 9.248156841608647, ""spike_count_pred"": 7, ""spike_count_true"": 0, ""spike_frequency_pred"": 0.0875, ""spike_frequency_rel_error"": 1.0, ""spike_frequency_true"": 0.0, ""spike_frequency_units"": ""inverse_time_unit"", ""stable"": true, ""start_in_validation_block"": 16000, ""std_ratio"": 3.4968343897194525, ""window_index"": 2}]",306,8000,time_unit,0.000883392226148391,0.00030172982875699693,11.33,11.32,0.024109562732916527,0.03710923888799682,0.0,0.026879168184701575,4,4,0.05,0.0,0.05,inverse_time_unit,True,0,1.0001271927281117,16000,time_unit,0.490104772991851,0.13754549551984624,11.68,22.906666666666666,1.745464851714433,1.5823452721656468,0.0,2.051708499115639,6,4,0.075,0.4999999999999999,0.05,inverse_time_unit,True,8000,1.188494635017354,24000,time_unit,1.0,4.226100079145655,12.595,0.0,1.8930172163119934,5.543277197063624,4.226100079145655,9.248156841608647,7,0,0.0875,1.0,0.0,inverse_time_unit,True,16000,3.4968343897194525
