N_res,best_score,evaluation_seed_count,evaluation_seeds,input_scaling,iteration,leaky_coefficient,optimizer,optimizer_random_seed,p,reason,reason_seed_42,regularization,reservoir_seed,score,score_aggregation,spectral_radius,stable,stable_seed_42,validation_aggregation,validation_divergent_window_count,validation_inter_spike_interval_units,validation_isi_rel_error,validation_mean_gap,validation_mean_isi_pred,validation_mean_isi_true,validation_nrmse,validation_nrmse_x,validation_num_windows,validation_penalty,validation_score,validation_score_max,validation_score_min,validation_score_seed_42,validation_score_std,validation_spike_count_pred,validation_spike_count_true,validation_spike_frequency_pred,validation_spike_frequency_rel_error,validation_spike_frequency_true,validation_spike_frequency_units,validation_std_ratio,validation_window_length,validation_window_metrics_json,washout,window_0_end_in_validation_block,window_0_inter_spike_interval_units,window_0_isi_rel_error,window_0_mean_gap,window_0_mean_isi_pred,window_0_mean_isi_true,window_0_nrmse,window_0_nrmse_x,window_0_penalty,window_0_score,window_0_spike_count_pred,window_0_spike_count_true,window_0_spike_frequency_pred,window_0_spike_frequency_rel_error,window_0_spike_frequency_true,window_0_spike_frequency_units,window_0_stable,window_0_start_in_validation_block,window_0_std_ratio,window_1_end_in_validation_block,window_1_inter_spike_interval_units,window_1_isi_rel_error,window_1_mean_gap,window_1_mean_isi_pred,window_1_mean_isi_true,window_1_nrmse,window_1_nrmse_x,window_1_penalty,window_1_score,window_1_spike_count_pred,window_1_spike_count_true,window_1_spike_frequency_pred,window_1_spike_frequency_rel_error,window_1_spike_frequency_true,window_1_spike_frequency_units,window_1_stable,window_1_start_in_validation_block,window_1_std_ratio,window_2_end_in_validation_block,window_2_inter_spike_interval_units,window_2_isi_rel_error,window_2_mean_gap,window_2_mean_isi_pred,window_2_mean_isi_true,window_2_nrmse,window_2_nrmse_x,window_2_penalty,window_2_score,window_2_spike_count_pred,window_2_spike_count_true,window_2_spike_frequency_pred,window_2_spike_frequency_rel_error,window_2_spike_frequency_true,window_2_spike_frequency_units,window_2_stable,window_2_start_in_validation_block,window_2_std_ratio
688,0.32868564784821375,1,[42],0.47354111521091163,1,0.517795110562541,gp,42,0.05301826217590949,ok,ok,5.009846399533703e-10,42,0.32868564784821375,mean,1.0457837001909387,True,True,mean_plus_max,0.0,time_unit,0.008583126876252005,0.005232920910229572,11.906666666666666,12.056666666666667,0.21271920361304328,0.29819291427317524,3,0.0,0.32868564784821375,0.32868564784821375,0.32868564784821375,0.32868564784821375,0.0,2.3333333333333335,2.3333333333333335,0.029166666666666664,0.0,0.029166666666666664,inverse_time_unit,0.997342334367056,8000,"[{""end_in_validation_block"": 8000, ""inter_spike_interval_units"": ""time_unit"", ""isi_rel_error"": 0.0, ""mean_gap"": 0.007990122998924364, ""mean_isi_pred"": 0.0, ""mean_isi_true"": 0.0, ""nrmse"": 0.08361337023445368, ""nrmse_x"": 0.1499244571336137, ""penalty"": 0.0, ""score"": 0.10336179398210096, ""spike_count_pred"": 1, ""spike_count_true"": 1, ""spike_frequency_pred"": 0.0125, ""spike_frequency_rel_error"": 0.0, ""spike_frequency_true"": 0.0125, ""spike_frequency_units"": ""inverse_time_unit"", ""stable"": true, ""start_in_validation_block"": 0, ""std_ratio"": 0.9876659309353147, ""window_index"": 0}, {""end_in_validation_block"": 16000, ""inter_spike_interval_units"": ""time_unit"", ""isi_rel_error"": 0.008109477952356824, ""mean_gap"": 0.0055282364073429464, ""mean_isi_pred"": 19.57, ""mean_isi_true"": 19.73, ""nrmse"": 0.13786676837048037, ""nrmse_x"": 0.1703935525412329, ""penalty"": 0.0, ""score"": 0.13223788496647662, ""spike_count_pred"": 3, ""spike_count_true"": 3, ""spike_frequency_pred"": 0.0375, ""spike_frequency_rel_error"": 0.0, ""spike_frequency_true"": 0.0375, ""spike_frequency_units"": ""inverse_time_unit"", ""stable"": true, ""start_in_validation_block"": 8000, ""std_ratio"": 1.005233112651692, ""window_index"": 1}, {""end_in_validation_block"": 24000, ""inter_spike_interval_units"": ""time_unit"", ""isi_rel_error"": 0.01763990267639919, ""mean_gap"": 0.0021804033244214047, ""mean_isi_pred"": 16.15, ""mean_isi_true"": 16.44, ""nrmse"": 0.4166774722341958, ""nrmse_x"": 0.5742607331446792, ""penalty"": 0.0, ""score"": 0.4288327226263221, ""spike_count_pred"": 3, ""spike_count_true"": 3, ""spike_frequency_pred"": 0.0375, ""spike_frequency_rel_error"": 0.0, ""spike_frequency_true"": 0.0375, ""spike_frequency_units"": ""inverse_time_unit"", ""stable"": true, ""start_in_validation_block"": 16000, ""std_ratio"": 0.999127959514161, ""window_index"": 2}]",257,8000,time_unit,0.0,0.007990122998924364,0.0,0.0,0.08361337023445368,0.1499244571336137,0.0,0.10336179398210096,1,1,0.0125,0.0,0.0125,inverse_time_unit,True,0,0.9876659309353147,16000,time_unit,0.008109477952356824,0.0055282364073429464,19.57,19.73,0.13786676837048037,0.1703935525412329,0.0,0.13223788496647662,3,3,0.0375,0.0,0.0375,inverse_time_unit,True,8000,1.005233112651692,24000,time_unit,0.01763990267639919,0.0021804033244214047,16.15,16.44,0.4166774722341958,0.5742607331446792,0.0,0.4288327226263221,3,3,0.0375,0.0,0.0375,inverse_time_unit,True,16000,0.999127959514161
434,0.32868564784821375,1,[42],0.7358988336534836,2,0.1394881053189702,gp,42,0.04571602722594935,ok,ok,0.000371423145064471,42,7.666429872232695,mean,0.9556219310641971,True,True,mean_plus_max,0.0,time_unit,1.0,2.0738914844602143,2.6166666666666667,12.056666666666667,2.425188780117045,2.7033318948995384,3,2.407224817793546,7.666429872232695,7.666429872232695,7.666429872232695,7.666429872232695,0.0,0.6666666666666666,2.3333333333333335,0.008333333333333333,1.0,0.029166666666666664,inverse_time_unit,0.6334033571324562,8000,"[{""end_in_validation_block"": 8000, ""inter_spike_interval_units"": ""time_unit"", ""isi_rel_error"": 1.0, ""mean_gap"": 1.22192351755981, ""mean_isi_pred"": 7.8500000000000005, ""mean_isi_true"": 0.0, ""nrmse"": 2.271538410555188, ""nrmse_x"": 2.7250100901302896, ""penalty"": 1.22192351755981, ""score"": 4.788563669770266, ""spike_count_pred"": 2, ""spike_count_true"": 1, ""spike_frequency_pred"": 0.025, ""spike_frequency_rel_error"": 1.0, ""spike_frequency_true"": 0.0125, ""spike_frequency_units"": ""inverse_time_unit"", ""stable"": true, ""start_in_validation_block"": 0, ""std_ratio"": 1.9002100713973678, ""window_index"": 0}, {""end_in_validation_block"": 16000, ""inter_spike_interval_units"": ""time_unit"", ""isi_rel_error"": 1.0, ""mean_gap"": 2.4680073684841393, ""mean_isi_pred"": 0.0, ""mean_isi_true"": 19.73, ""nrmse"": 2.4623755339104476, ""nrmse_x"": 2.662904499018319, ""penalty"": 2.968007368484137, ""score"": 6.548198726421824, ""spike_count_pred"": 0, ""spike_count_true"": 3, ""spike_frequency_pred"": 0.0, ""spike_frequency_rel_error"": 1.0, ""spike_frequency_true"": 0.0375, ""spike_frequency_units"": ""inverse_time_unit"", ""stable"": true, ""start_in_validation_block"": 8000, ""std_ratio"": 4.352322931492085e-16, ""window_index"": 1}, {""end_in_validation_block"": 24000, ""inter_spike_interval_units"": ""time_unit"", ""isi_rel_error"": 1.0, ""mean_gap"": 2.5317435673366937, ""mean_isi_pred"": 0.0, ""mean_isi_true"": 16.44, ""nrmse"": 2.541652395885499, ""nrmse_x"": 2.722081095550007, ""penalty"": 3.0317435673366915, ""score"": 6.66430126886057, ""spike_count_pred"": 0, ""spike_count_true"": 3, ""spike_frequency_pred"": 0.0, ""spike_frequency_rel_error"": 1.0, ""spike_frequency_true"": 0.0375, ""spike_frequency_units"": ""inverse_time_unit"", ""stable"": true, ""start_in_validation_block"": 16000, ""std_ratio"": 4.2835147995361506e-16, ""window_index"": 2}]",50,8000,time_unit,1.0,1.22192351755981,7.8500000000000005,0.0,2.271538410555188,2.7250100901302896,1.22192351755981,4.788563669770266,2,1,0.025,1.0,0.0125,inverse_time_unit,True,0,1.9002100713973678,16000,time_unit,1.0,2.4680073684841393,0.0,19.73,2.4623755339104476,2.662904499018319,2.968007368484137,6.548198726421824,0,3,0.0,1.0,0.0375,inverse_time_unit,True,8000,4.352322931492085e-16,24000,time_unit,1.0,2.5317435673366937,0.0,16.44,2.541652395885499,2.722081095550007,3.0317435673366915,6.66430126886057,0,3,0.0,1.0,0.0375,inverse_time_unit,True,16000,4.2835147995361506e-16
796,0.32868564784821375,1,[42],0.07190930378934497,3,0.1049464136538022,gp,42,0.131146671732989,seed_42=non_finite_prediction,non_finite_prediction,4.7143586818602335e-07,42,1000000.0,mean,0.9281572123417967,False,False,mean_plus_max,1000000.0,time_unit,1000000.0,1000000.0,1000000.0,1000000.0,1000000.0,1000000.0,3,1000000.0,1000000.0,1000000.0,1000000.0,1000000.0,0.0,1000000.0,1000000.0,1000000.0,1000000.0,1000000.0,inverse_time_unit,1000000.0,8000,,230,,,,,,,,,,,,,,,,,,,,,,,,,,,,,,,,,,,,,,,,,,,,,,,,,,,,,,,,,
276,0.00883451891541288,1,[42],0.6374667088664331,4,0.16342450417297458,gp,42,0.1952759933914627,ok,ok,4.7559134096445433e-08,42,0.00883451891541288,mean,0.662939938301213,True,True,mean_plus_max,0.0,time_unit,0.00028723123069797335,0.000216439467653196,12.051666666666668,12.056666666666667,0.005806398481697901,0.008235410833648578,3,0.0,0.00883451891541288,0.00883451891541288,0.00883451891541288,0.00883451891541288,0.0,2.3333333333333335,2.3333333333333335,0.029166666666666664,0.0,0.029166666666666664,inverse_time_unit,0.9998974787787326,8000,"[{""end_in_validation_block"": 8000, ""inter_spike_interval_units"": ""time_unit"", ""isi_rel_error"": 0.0, ""mean_gap"": 0.00037261798866273566, ""mean_isi_pred"": 0.0, ""mean_isi_true"": 0.0, ""nrmse"": 0.003454910922016849, ""nrmse_x"": 0.006212503456884284, ""penalty"": 0.0, ""score"": 0.004280604631790569, ""spike_count_pred"": 1, ""spike_count_true"": 1, ""spike_frequency_pred"": 0.0125, ""spike_frequency_rel_error"": 0.0, ""spike_frequency_true"": 0.0125, ""spike_frequency_units"": ""inverse_time_unit"", ""stable"": true, ""start_in_validation_block"": 0, ""std_ratio"": 0.9993642833024149, ""window_index"": 0}, {""end_in_validation_block"": 16000, ""inter_spike_interval_units"": ""time_unit"", ""isi_rel_error"": 0.0002534211860111001, ""mean_gap"": 0.0002347234133548179, ""mean_isi_pred"": 19.725, ""mean_isi_true"": 19.73, ""nrmse"": 0.0033886202363744965, ""nrmse_x"": 0.0041459862080363554, ""penalty"": 0.0, ""score"": 0.00325415806651917, ""spike_count_pred"": 3, ""spike_count_true"": 3, ""spike_frequency_pred"": 0.0375, ""spike_frequency_rel_error"": 0.0, ""spike_frequency_true"": 0.0375, ""spike_frequency_units"": ""inverse_time_unit"", ""stable"": true, ""start_in_validation_block"": 8000, ""std_ratio"": 1.0003041231934218, ""window_index"": 1}, {""end_in_validation_block"": 24000, ""inter_spike_interval_units"": ""time_unit"", ""isi_rel_error"": 0.00060827250608282, ""mean_gap"": 4.197700094203441e-05, ""mean_isi_pred"": 16.43, ""mean_isi_true"": 16.44, ""nrmse"": 0.01057566428670236, ""nrmse_x"": 0.014347742836025093, ""penalty"": 0.0, ""score"": 0.010839310884530802, ""spike_count_pred"": 3, ""spike_count_true"": 3, ""spike_frequency_pred"": 0.0375, ""spike_frequency_rel_error"": 0.0, ""spike_frequency_true"": 0.0375, ""spike_frequency_units"": ""inverse_time_unit"", ""stable"": true, ""start_in_validation_block"": 16000, ""std_ratio"": 1.0000240298403613, ""window_index"": 2}]",492,8000,time_unit,0.0,0.00037261798866273566,0.0,0.0,0.003454910922016849,0.006212503456884284,0.0,0.004280604631790569,1,1,0.0125,0.0,0.0125,inverse_time_unit,True,0,0.9993642833024149,16000,time_unit,0.0002534211860111001,0.0002347234133548179,19.725,19.73,0.0033886202363744965,0.0041459862080363554,0.0,0.00325415806651917,3,3,0.0375,0.0,0.0375,inverse_time_unit,True,8000,1.0003041231934218,24000,time_unit,0.00060827250608282,4.197700094203441e-05,16.43,16.44,0.01057566428670236,0.014347742836025093,0.0,0.010839310884530802,3,3,0.0375,0.0,0.0375,inverse_time_unit,True,16000,1.0000240298403613
507,0.00883451891541288,1,[42],0.06260171310187321,5,0.41534947637868025,gp,42,0.17478927321253776,ok,ok,0.0003939238626633632,42,0.7034092115985461,mean,0.9762152770114458,True,True,mean_plus_max,0.0,time_unit,0.03779572484830694,0.005395863837747064,12.731666666666667,12.056666666666667,0.48809751138930385,0.647457068202014,3,0.0,0.7034092115985461,0.7034092115985461,0.7034092115985461,0.7034092115985461,0.0,2.3333333333333335,2.3333333333333335,0.029166666666666664,0.0,0.029166666666666664,inverse_time_unit,1.002880569214103,8000,"[{""end_in_validation_block"": 8000, ""inter_spike_interval_units"": ""time_unit"", ""isi_rel_error"": 0.0, ""mean_gap"": 0.00460540446270751, ""mean_isi_pred"": 0.0, ""mean_isi_true"": 0.0, ""nrmse"": 0.03193737656553641, ""nrmse_x"": 0.05494952797048703, ""penalty"": 0.0, ""score"": 0.03820658452515197, ""spike_count_pred"": 1, ""spike_count_true"": 1, ""spike_frequency_pred"": 0.0125, ""spike_frequency_rel_error"": 0.0, ""spike_frequency_true"": 0.0125, ""spike_frequency_units"": ""inverse_time_unit"", ""stable"": true, ""start_in_validation_block"": 0, ""std_ratio"": 1.0036931650899363, ""window_index"": 0}, {""end_in_validation_block"": 16000, ""inter_spike_interval_units"": ""time_unit"", ""isi_rel_error"": 0.048910288900152046, ""mean_gap"": 0.008147284761708984, ""mean_isi_pred"": 20.695, ""mean_isi_true"": 19.73, ""nrmse"": 0.6412238160196907, ""nrmse_x"": 0.8046561183704996, ""penalty"": 0.0, ""score"": 0.6273219635587735, ""spike_count_pred"": 3, ""spike_count_true"": 3, ""spike_frequency_pred"": 0.0375, ""spike_frequency_rel_error"": 0.0, ""spike_frequency_true"": 0.0375, ""spike_frequency_units"": ""inverse_time_unit"", ""stable"": true, ""start_in_validation_block"": 8000, ""std_ratio"": 0.9992517566582612, ""window_index"": 1}, {""end_in_validation_block"": 24000, ""inter_spike_interval_units"": ""time_unit"", ""isi_rel_error"": 0.06447688564476878, ""mean_gap"": 0.003434902288824699, ""mean_isi_pred"": 17.5, ""mean_isi_true"": 16.44, ""nrmse"": 0.7911313415826846, ""nrmse_x"": 1.0827655582650553, ""penalty"": 0.0, ""score"": 0.8255423352638359, ""spike_count_pred"": 3, ""spike_count_true"": 3, ""spike_frequency_pred"": 0.0375, ""spike_frequency_rel_error"": 0.0, ""spike_frequency_true"": 0.0375, ""spike_frequency_units"": ""inverse_time_unit"", ""stable"": true, ""start_in_validation_block"": 16000, ""std_ratio"": 1.0056967858941117, ""window_index"": 2}]",303,8000,time_unit,0.0,0.00460540446270751,0.0,0.0,0.03193737656553641,0.05494952797048703,0.0,0.03820658452515197,1,1,0.0125,0.0,0.0125,inverse_time_unit,True,0,1.0036931650899363,16000,time_unit,0.048910288900152046,0.008147284761708984,20.695,19.73,0.6412238160196907,0.8046561183704996,0.0,0.6273219635587735,3,3,0.0375,0.0,0.0375,inverse_time_unit,True,8000,0.9992517566582612,24000,time_unit,0.06447688564476878,0.003434902288824699,17.5,16.44,0.7911313415826846,1.0827655582650553,0.0,0.8255423352638359,3,3,0.0375,0.0,0.0375,inverse_time_unit,True,16000,1.0056967858941117
462,0.00883451891541288,1,[42],0.6991003428841854,6,0.2687178262182083,gp,42,0.022873925399638555,ok,ok,1.861986828396592e-06,42,12.9536888303853,mean,0.6616256779355043,True,True,mean_plus_max,0.0,time_unit,0.6666666666666666,4.977108996964421,0.0,12.056666666666667,3.5482557640729575,5.140234935569074,3,5.310442330297751,12.9536888303853,12.9536888303853,12.9536888303853,12.9536888303853,0.0,0.0,2.3333333333333335,0.0,1.0,0.029166666666666664,inverse_time_unit,0.48177451903365287,8000,"[{""end_in_validation_block"": 8000, ""inter_spike_interval_units"": ""time_unit"", ""isi_rel_error"": 0.0, ""mean_gap"": 5.398875980833998, ""mean_isi_pred"": 0.0, ""mean_isi_true"": 0.0, ""nrmse"": 3.347301839537418, ""nrmse_x"": 5.680702012726877, ""penalty"": 5.398875980833998, ""score"": 10.360087547718134, ""spike_count_pred"": 0, ""spike_count_true"": 1, ""spike_frequency_pred"": 0.0, ""spike_frequency_rel_error"": 1.0, ""spike_frequency_true"": 0.0125, ""spike_frequency_units"": ""inverse_time_unit"", ""stable"": true, ""start_in_validation_block"": 0, ""std_ratio"": 1.4453235571009568, ""window_index"": 0}, {""end_in_validation_block"": 16000, ""inter_spike_interval_units"": ""time_unit"", ""isi_rel_error"": 1.0, ""mean_gap"": 4.752415099282815, ""mean_isi_pred"": 0.0, ""mean_isi_true"": 19.73, ""nrmse"": 3.837592165402178, ""nrmse_x"": 4.856485280106518, ""penalty"": 5.2524150992828105, ""score"": 10.382880044691941, ""spike_count_pred"": 0, ""spike_count_true"": 3, ""spike_frequency_pred"": 0.0, ""spike_frequency_rel_error"": 1.0, ""spike_frequency_true"": 0.0375, ""spike_frequency_units"": ""inverse_time_unit"", ""stable"": true, ""start_in_validation_block"": 8000, ""std_ratio"": 8.70464586298417e-16, ""window_index"": 1}, {""end_in_validation_block"": 24000, ""inter_spike_interval_units"": ""time_unit"", ""isi_rel_error"": 1.0, ""mean_gap"": 4.780035910776447, ""mean_isi_pred"": 0.0, ""mean_isi_true"": 16.44, ""nrmse"": 3.459873287279277, ""nrmse_x"": 4.883517513873828, ""penalty"": 5.2800359107764425, ""score"": 10.330938865226868, ""spike_count_pred"": 0, ""spike_count_true"": 3, ""spike_frequency_pred"": 0.0, ""spike_frequency_rel_error"": 1.0, ""spike_frequency_true"": 0.0375, ""spike_frequency_units"": ""inverse_time_unit"", ""stable"": true, ""start_in_validation_block"": 16000, ""std_ratio"": 8.567029599072301e-16, ""window_index"": 2}]",425,8000,time_unit,0.0,5.398875980833998,0.0,0.0,3.347301839537418,5.680702012726877,5.398875980833998,10.360087547718134,0,1,0.0,1.0,0.0125,inverse_time_unit,True,0,1.4453235571009568,16000,time_unit,1.0,4.752415099282815,0.0,19.73,3.837592165402178,4.856485280106518,5.2524150992828105,10.382880044691941,0,3,0.0,1.0,0.0375,inverse_time_unit,True,8000,8.70464586298417e-16,24000,time_unit,1.0,4.780035910776447,0.0,16.44,3.459873287279277,4.883517513873828,5.2800359107764425,10.330938865226868,0,3,0.0,1.0,0.0375,inverse_time_unit,True,16000,8.567029599072301e-16
345,0.00883451891541288,1,[42],0.45389808076668253,7,0.628752987222357,gp,42,0.09039090936318338,ok,ok,2.8549048610706747e-09,42,0.010492445401733441,mean,0.6275652614516436,True,True,mean_plus_max,0.0,time_unit,0.0001858524796842061,8.423017003558559e-05,12.053333333333333,12.056666666666667,0.006783764395194937,0.009120095441316966,3,0.0,0.010492445401733441,0.010492445401733441,0.010492445401733441,0.010492445401733441,0.0,2.3333333333333335,2.3333333333333335,0.029166666666666664,0.0,0.029166666666666664,inverse_time_unit,0.9999581042177507,8000,"[{""end_in_validation_block"": 8000, ""inter_spike_interval_units"": ""time_unit"", ""isi_rel_error"": 0.0, ""mean_gap"": 4.9632069751346275e-05, ""mean_isi_pred"": 0.0, ""mean_isi_true"": 0.0, ""nrmse"": 0.0007526987890008842, ""nrmse_x"": 0.0012918000369832809, ""penalty"": 0.0, ""score"": 0.0008986647175910255, ""spike_count_pred"": 1, ""spike_count_true"": 1, ""spike_frequency_pred"": 0.0125, ""spike_frequency_rel_error"": 0.0, ""spike_frequency_true"": 0.0125, ""spike_frequency_units"": ""inverse_time_unit"", ""stable"": true, ""start_in_validation_block"": 0, ""std_ratio"": 1.0000058243989647, ""window_index"": 0}, {""end_in_validation_block"": 16000, ""inter_spike_interval_units"": ""time_unit"", ""isi_rel_error"": 0.0002534211860111001, ""mean_gap"": 6.962476983391963e-05, ""mean_isi_pred"": 19.725, ""mean_isi_true"": 19.73, ""nrmse"": 0.004975474119799183, ""nrmse_x"": 0.006173478858320084, ""penalty"": 0.0, ""score"": 0.004765992495031393, ""spike_count_pred"": 3, ""spike_count_true"": 3, ""spike_frequency_pred"": 0.0375, ""spike_frequency_rel_error"": 0.0, ""spike_frequency_true"": 0.0375, ""spike_frequency_units"": ""inverse_time_unit"", ""stable"": true, ""start_in_validation_block"": 8000, ""std_ratio"": 0.9999503176753318, ""window_index"": 1}, {""end_in_validation_block"": 24000, ""inter_spike_interval_units"": ""time_unit"", ""isi_rel_error"": 0.0003041362530415181, ""mean_gap"": 0.00013343367052149086, ""mean_isi_pred"": 16.435, ""mean_isi_true"": 16.44, ""nrmse"": 0.014623120276784744, ""nrmse_x"": 0.019895007428647533, ""penalty"": 0.0, ""score"": 0.014750102281473089, ""spike_count_pred"": 3, ""spike_count_true"": 3, ""spike_frequency_pred"": 0.0375, ""spike_frequency_rel_error"": 0.0, ""spike_frequency_true"": 0.0375, ""spike_frequency_units"": ""inverse_time_unit"", ""stable"": true, ""start_in_validation_block"": 16000, ""std_ratio"": 0.9999181705789557, ""window_index"": 2}]",305,8000,time_unit,0.0,4.9632069751346275e-05,0.0,0.0,0.0007526987890008842,0.0012918000369832809,0.0,0.0008986647175910255,1,1,0.0125,0.0,0.0125,inverse_time_unit,True,0,1.0000058243989647,16000,time_unit,0.0002534211860111001,6.962476983391963e-05,19.725,19.73,0.004975474119799183,0.006173478858320084,0.0,0.004765992495031393,3,3,0.0375,0.0,0.0375,inverse_time_unit,True,8000,0.9999503176753318,24000,time_unit,0.0003041362530415181,0.00013343367052149086,16.435,16.44,0.014623120276784744,0.019895007428647533,0.0,0.014750102281473089,3,3,0.0375,0.0,0.0375,inverse_time_unit,True,16000,0.9999181705789557
267,0.00883451891541288,1,[42],0.9303259225041047,8,0.3766051652012702,gp,42,0.1716112594270998,ok,ok,1.232832205450695e-05,42,0.9868621351596707,mean,0.814827893358836,True,True,mean_plus_max,0.0,time_unit,0.3377431805448165,0.0026283904729987803,16.16,12.056666666666667,0.09339686590536174,0.13141450803176705,3,0.0,0.9868621351596707,0.9868621351596707,0.9868621351596707,0.9868621351596707,0.0,2.6666666666666665,2.3333333333333335,0.03333333333333333,0.3333333333333333,0.029166666666666664,inverse_time_unit,1.001247766400046,8000,"[{""end_in_validation_block"": 8000, ""inter_spike_interval_units"": ""time_unit"", ""isi_rel_error"": 1.0, ""mean_gap"": 0.0048237590106309305, ""mean_isi_pred"": 12.39, ""mean_isi_true"": 0.0, ""nrmse"": 0.04537258411927659, ""nrmse_x"": 0.08141257565572371, ""penalty"": 0.0, ""score"": 1.5561200626404672, ""spike_count_pred"": 2, ""spike_count_true"": 1, ""spike_frequency_pred"": 0.025, ""spike_frequency_rel_error"": 1.0, ""spike_frequency_true"": 0.0125, ""spike_frequency_units"": ""inverse_time_unit"", ""stable"": true, ""start_in_validation_block"": 0, ""std_ratio"": 1.0067645239442118, ""window_index"": 0}, {""end_in_validation_block"": 16000, ""inter_spike_interval_units"": ""time_unit"", ""isi_rel_error"": 0.003801317790167222, ""mean_gap"": 0.002988561182608804, ""mean_isi_pred"": 19.805, ""mean_isi_true"": 19.73, ""nrmse"": 0.0625157727342454, ""nrmse_x"": 0.07720740978058466, ""penalty"": 0.0, ""score"": 0.05999367745796653, ""spike_count_pred"": 3, ""spike_count_true"": 3, ""spike_frequency_pred"": 0.0375, ""spike_frequency_rel_error"": 0.0, ""spike_frequency_true"": 0.0375, ""spike_frequency_units"": ""inverse_time_unit"", ""stable"": true, ""start_in_validation_block"": 8000, ""std_ratio"": 0.9969045673740758, ""window_index"": 1}, {""end_in_validation_block"": 24000, ""inter_spike_interval_units"": ""time_unit"", ""isi_rel_error"": 0.009428223844282307, ""mean_gap"": 7.28512257566061e-05, ""mean_isi_pred"": 16.285, ""mean_isi_true"": 16.44, ""nrmse"": 0.17230224086256324, ""nrmse_x"": 0.23562353865899283, ""penalty"": 0.0, ""score"": 0.177382618400228, ""spike_count_pred"": 3, ""spike_count_true"": 3, ""spike_frequency_pred"": 0.0375, ""spike_frequency_rel_error"": 0.0, ""spike_frequency_true"": 0.0375, ""spike_frequency_units"": ""inverse_time_unit"", ""stable"": true, ""start_in_validation_block"": 16000, ""std_ratio"": 1.0000742078818508, ""window_index"": 2}]",197,8000,time_unit,1.0,0.0048237590106309305,12.39,0.0,0.04537258411927659,0.08141257565572371,0.0,1.5561200626404672,2,1,0.025,1.0,0.0125,inverse_time_unit,True,0,1.0067645239442118,16000,time_unit,0.003801317790167222,0.002988561182608804,19.805,19.73,0.0625157727342454,0.07720740978058466,0.0,0.05999367745796653,3,3,0.0375,0.0,0.0375,inverse_time_unit,True,8000,0.9969045673740758,24000,time_unit,0.009428223844282307,7.28512257566061e-05,16.285,16.44,0.17230224086256324,0.23562353865899283,0.0,0.177382618400228,3,3,0.0375,0.0,0.0375,inverse_time_unit,True,16000,1.0000742078818508
626,0.00883451891541288,1,[42],1.0,9,0.8,gp,42,0.02,ok,ok,1e-10,42,0.06474331065688216,mean,0.5,True,True,mean_plus_max,0.0,time_unit,0.00020275750202760668,0.0006453226689622768,12.053333333333333,12.056666666666667,0.03909827594965439,0.053787207035909834,3,0.0,0.06474331065688216,0.06474331065688216,0.06474331065688216,0.06474331065688216,0.0,2.3333333333333335,2.3333333333333335,0.029166666666666664,0.0,0.029166666666666664,inverse_time_unit,1.0001363023305123,8000,"[{""end_in_validation_block"": 8000, ""inter_spike_interval_units"": ""time_unit"", ""isi_rel_error"": 0.0, ""mean_gap"": 0.0007411164648296649, ""mean_isi_pred"": 0.0, ""mean_isi_true"": 0.0, ""nrmse"": 0.006423409260084895, ""nrmse_x"": 0.011627432524681763, ""penalty"": 0.0, ""score"": 0.008000940203596194, ""spike_count_pred"": 1, ""spike_count_true"": 1, ""spike_frequency_pred"": 0.0125, ""spike_frequency_rel_error"": 0.0, ""spike_frequency_true"": 0.0125, ""spike_frequency_units"": ""inverse_time_unit"", ""stable"": true, ""start_in_validation_block"": 0, ""std_ratio"": 1.0014485105130324, ""window_index"": 0}, {""end_in_validation_block"": 16000, ""inter_spike_interval_units"": ""time_unit"", ""isi_rel_error"": 0.0, ""mean_gap"": 0.0005620880610911134, ""mean_isi_pred"": 19.73, ""mean_isi_true"": 19.73, ""nrmse"": 0.009956255952979222, ""nrmse_x"": 0.012271153523409193, ""penalty"": 0.0, ""score"": 0.009238198426119863, ""spike_count_pred"": 3, ""spike_count_true"": 3, ""spike_frequency_pred"": 0.0375, ""spike_frequency_rel_error"": 0.0, ""spike_frequency_true"": 0.0375, ""spike_frequency_units"": ""inverse_time_unit"", ""stable"": true, ""start_in_validation_block"": 8000, ""std_ratio"": 0.9993072524560089, ""window_index"": 1}, {""end_in_validation_block"": 24000, ""inter_spike_interval_units"": ""time_unit"", ""isi_rel_error"": 0.00060827250608282, ""mean_gap"": 0.0006327634809660519, ""mean_isi_pred"": 16.43, ""mean_isi_true"": 16.44, ""nrmse"": 0.10091516263589904, ""nrmse_x"": 0.13746303505963856, ""penalty"": 0.0, ""score"": 0.10113759619481738, ""spike_count_pred"": 3, ""spike_count_true"": 3, ""spike_frequency_pred"": 0.0375, ""spike_frequency_rel_error"": 0.0, ""spike_frequency_true"": 0.0375, ""spike_frequency_units"": ""inverse_time_unit"", ""stable"": true, ""start_in_validation_block"": 16000, ""std_ratio"": 0.999653144022495, ""window_index"": 2}]",500,8000,time_unit,0.0,0.0007411164648296649,0.0,0.0,0.006423409260084895,0.011627432524681763,0.0,0.008000940203596194,1,1,0.0125,0.0,0.0125,inverse_time_unit,True,0,1.0014485105130324,16000,time_unit,0.0,0.0005620880610911134,19.73,19.73,0.009956255952979222,0.012271153523409193,0.0,0.009238198426119863,3,3,0.0375,0.0,0.0375,inverse_time_unit,True,8000,0.9993072524560089,24000,time_unit,0.00060827250608282,0.0006327634809660519,16.43,16.44,0.10091516263589904,0.13746303505963856,0.0,0.10113759619481738,3,3,0.0375,0.0,0.0375,inverse_time_unit,True,16000,0.999653144022495
662,0.00883451891541288,1,[42],0.05,10,0.1,gp,42,0.2,seed_42=non_finite_prediction,non_finite_prediction,0.001,42,1000000.0,mean,1.2,False,False,mean_plus_max,1000000.0,time_unit,1000000.0,1000000.0,1000000.0,1000000.0,1000000.0,1000000.0,3,1000000.0,1000000.0,1000000.0,1000000.0,1000000.0,0.0,1000000.0,1000000.0,1000000.0,1000000.0,1000000.0,inverse_time_unit,1000000.0,8000,,50,,,,,,,,,,,,,,,,,,,,,,,,,,,,,,,,,,,,,,,,,,,,,,,,,,,,,,,,,
250,0.00883451891541288,1,[42],0.05,11,0.5704913571254969,gp,42,0.2,seed_42=non_finite_prediction,non_finite_prediction,0.001,42,1000000.0,mean,1.2,False,False,mean_plus_max,1000000.0,time_unit,1000000.0,1000000.0,1000000.0,1000000.0,1000000.0,1000000.0,3,1000000.0,1000000.0,1000000.0,1000000.0,1000000.0,0.0,1000000.0,1000000.0,1000000.0,1000000.0,1000000.0,inverse_time_unit,1000000.0,8000,,284,,,,,,,,,,,,,,,,,,,,,,,,,,,,,,,,,,,,,,,,,,,,,,,,,,,,,,,,,
388,0.00883451891541288,1,[42],0.6903610754432621,12,0.6045431272652576,gp,42,0.03456606252920575,ok,ok,6.205952109350916e-10,42,0.017704529387922,mean,0.6400169050455589,True,True,mean_plus_max,0.0,time_unit,8.447372867036671e-05,0.0001532596233432766,12.055000000000001,12.056666666666667,0.010915866568893144,0.014888972424956405,3,0.0,0.017704529387922,0.017704529387922,0.017704529387922,0.017704529387922,0.0,2.3333333333333335,2.3333333333333335,0.029166666666666664,0.0,0.029166666666666664,inverse_time_unit,1.000023770067064,8000,"[{""end_in_validation_block"": 8000, ""inter_spike_interval_units"": ""time_unit"", ""isi_rel_error"": 0.0, ""mean_gap"": 0.00016516545247980321, ""mean_isi_pred"": 0.0, ""mean_isi_true"": 0.0, ""nrmse"": 0.0013758050707861104, ""nrmse_x"": 0.002503143684163624, ""penalty"": 0.0, ""score"": 0.001720680293986521, ""spike_count_pred"": 1, ""spike_count_true"": 1, ""spike_frequency_pred"": 0.0125, ""spike_frequency_rel_error"": 0.0, ""spike_frequency_true"": 0.0125, ""spike_frequency_units"": ""inverse_time_unit"", ""stable"": true, ""start_in_validation_block"": 0, ""std_ratio"": 1.0003807832029203, ""window_index"": 0}, {""end_in_validation_block"": 16000, ""inter_spike_interval_units"": ""time_unit"", ""isi_rel_error"": 0.0002534211860111001, ""mean_gap"": 0.00010992267280404693, ""mean_isi_pred"": 19.725, ""mean_isi_true"": 19.73, ""nrmse"": 0.004351641783108788, ""nrmse_x"": 0.005395544540971251, ""penalty"": 0.0, ""score"": 0.004182170536316935, ""spike_count_pred"": 3, ""spike_count_true"": 3, ""spike_frequency_pred"": 0.0375, ""spike_frequency_rel_error"": 0.0, ""spike_frequency_true"": 0.0375, ""spike_frequency_units"": ""inverse_time_unit"", ""stable"": true, ""start_in_validation_block"": 8000, ""std_ratio"": 0.9997960325247537, ""window_index"": 1}, {""end_in_validation_block"": 24000, ""inter_spike_interval_units"": ""time_unit"", ""isi_rel_error"": 0.0, ""mean_gap"": 0.00018469074474597962, ""mean_isi_pred"": 16.44, ""mean_isi_true"": 16.44, ""nrmse"": 0.027020152852784536, ""nrmse_x"": 0.03676822904973434, ""penalty"": 0.0, ""score"": 0.026977564190550023, ""spike_count_pred"": 3, ""spike_count_true"": 3, ""spike_frequency_pred"": 0.0375, ""spike_frequency_rel_error"": 0.0, ""spike_frequency_true"": 0.0375, ""spike_frequency_units"": ""inverse_time_unit"", ""stable"": true, ""start_in_validation_block"": 16000, ""std_ratio"": 0.999894494473518, ""window_index"": 2}]",371,8000,time_unit,0.0,0.00016516545247980321,0.0,0.0,0.0013758050707861104,0.002503143684163624,0.0,0.001720680293986521,1,1,0.0125,0.0,0.0125,inverse_time_unit,True,0,1.0003807832029203,16000,time_unit,0.0002534211860111001,0.00010992267280404693,19.725,19.73,0.004351641783108788,0.005395544540971251,0.0,0.004182170536316935,3,3,0.0375,0.0,0.0375,inverse_time_unit,True,8000,0.9997960325247537,24000,time_unit,0.0,0.00018469074474597962,16.44,16.44,0.027020152852784536,0.03676822904973434,0.0,0.026977564190550023,3,3,0.0375,0.0,0.0375,inverse_time_unit,True,16000,0.999894494473518
563,0.00883451891541288,1,[42],0.371333818326763,13,0.3826812041437364,gp,42,0.13633314203105024,ok,ok,8.313381886169776e-07,42,3.364801169194869,mean,0.7654070228145503,True,True,mean_plus_max,0.0,time_unit,0.6666666666666666,0.17776663759427727,0.0,12.056666666666667,1.4728412145883112,1.0174077570733777,3,0.36881945483121753,3.364801169194869,3.364801169194869,3.364801169194869,3.364801169194869,0.0,0.0,2.3333333333333335,0.0,1.0,0.029166666666666664,inverse_time_unit,0.026236109033756495,8000,"[{""end_in_validation_block"": 8000, ""inter_spike_interval_units"": ""time_unit"", ""isi_rel_error"": 0.0, ""mean_gap"": 0.24447516399856792, ""mean_isi_pred"": 0.0, ""mean_isi_true"": 0.0, ""nrmse"": 1.6494182449063404, ""nrmse_x"": 1.0290931984507568, ""penalty"": 0.10881092342863476, ""score"": 2.0871667438031363, ""spike_count_pred"": 0, ""spike_count_true"": 1, ""spike_frequency_pred"": 0.0, ""spike_frequency_rel_error"": 1.0, ""spike_frequency_true"": 0.0125, ""spike_frequency_units"": ""inverse_time_unit"", ""stable"": true, ""start_in_validation_block"": 0, ""std_ratio"": 0.07823781531427305, ""window_index"": 0}, {""end_in_validation_block"": 16000, ""inter_spike_interval_units"": ""time_unit"", ""isi_rel_error"": 1.0, ""mean_gap"": 0.09375849020755177, ""mean_isi_pred"": 0.0, ""mean_isi_true"": 19.73, ""nrmse"": 1.2526902527957633, ""nrmse_x"": 1.004282224590832, ""penalty"": 0.49766230010739493, ""score"": 2.8631900868312936, ""spike_count_pred"": 0, ""spike_count_true"": 3, ""spike_frequency_pred"": 0.0, ""spike_frequency_rel_error"": 1.0, ""spike_frequency_true"": 0.0375, ""spike_frequency_units"": ""inverse_time_unit"", ""stable"": true, ""start_in_validation_block"": 8000, ""std_ratio"": 0.00046753997852102294, ""window_index"": 1}, {""end_in_validation_block"": 24000, ""inter_spike_interval_units"": ""time_unit"", ""isi_rel_error"": 1.0, ""mean_gap"": 0.19506625857671214, ""mean_isi_pred"": 0.0, ""mean_isi_true"": 16.44, ""nrmse"": 1.5164151460628297, ""nrmse_x"": 1.0188478481785446, ""penalty"": 0.4999851409576229, ""score"": 2.93945524397153, ""spike_count_pred"": 0, ""spike_count_true"": 3, ""spike_frequency_pred"": 0.0, ""spike_frequency_rel_error"": 1.0, ""spike_frequency_true"": 0.0375, ""spike_frequency_units"": ""inverse_time_unit"", ""stable"": true, ""start_in_validation_block"": 16000, ""std_ratio"": 2.971808475414396e-06, ""window_index"": 2}]",245,8000,time_unit,0.0,0.24447516399856792,0.0,0.0,1.6494182449063404,1.0290931984507568,0.10881092342863476,2.0871667438031363,0,1,0.0,1.0,0.0125,inverse_time_unit,True,0,0.07823781531427305,16000,time_unit,1.0,0.09375849020755177,0.0,19.73,1.2526902527957633,1.004282224590832,0.49766230010739493,2.8631900868312936,0,3,0.0,1.0,0.0375,inverse_time_unit,True,8000,0.00046753997852102294,24000,time_unit,1.0,0.19506625857671214,0.0,16.44,1.5164151460628297,1.0188478481785446,0.4999851409576229,2.93945524397153,0,3,0.0,1.0,0.0375,inverse_time_unit,True,16000,2.971808475414396e-06
731,0.00883451891541288,1,[42],0.641705564801215,14,0.7334826755207595,gp,42,0.04110843167431778,ok,ok,1e-10,42,4.920426976492189,mean,0.5,True,True,mean_plus_max,0.0,time_unit,0.6666666666666666,1.0745581751821907,0.0,12.056666666666667,2.1099053022561285,1.4692456424852622,3,1.1165268697879778,4.920426976492189,4.920426976492189,4.920426976492189,4.920426976492189,0.0,0.0,2.3333333333333335,0.0,1.0,0.029166666666666664,inverse_time_unit,0.02518885773396678,8000,"[{""end_in_validation_block"": 8000, ""inter_spike_interval_units"": ""time_unit"", ""isi_rel_error"": 0.0, ""mean_gap"": 0.9962610501731373, ""mean_isi_pred"": 0.0, ""mean_isi_true"": 0.0, ""nrmse"": 1.6996307340513, ""nrmse_x"": 1.4136326905352603, ""penalty"": 0.12216713399049832, ""score"": 2.3245727972977166, ""spike_count_pred"": 0, ""spike_count_true"": 1, ""spike_frequency_pred"": 0.0, ""spike_frequency_rel_error"": 1.0, ""spike_frequency_true"": 0.0125, ""spike_frequency_units"": ""inverse_time_unit"", ""stable"": true, ""start_in_validation_block"": 0, ""std_ratio"": 0.07556657320190034, ""window_index"": 0}, {""end_in_validation_block"": 16000, ""inter_spike_interval_units"": ""time_unit"", ""isi_rel_error"": 1.0, ""mean_gap"": 1.0707940026532046, ""mean_isi_pred"": 0.0, ""mean_isi_true"": 19.73, ""nrmse"": 2.4602254691883925, ""nrmse_x"": 1.4651279111797957, ""penalty"": 1.5707940026532046, ""score"": 4.49167072109919, ""spike_count_pred"": 0, ""spike_count_true"": 3, ""spike_frequency_pred"": 0.0, ""spike_frequency_rel_error"": 1.0, ""spike_frequency_true"": 0.0375, ""spike_frequency_units"": ""inverse_time_unit"", ""stable"": true, ""start_in_validation_block"": 8000, ""std_ratio"": 0.0, ""window_index"": 1}, {""end_in_validation_block"": 24000, ""inter_spike_interval_units"": ""time_unit"", ""isi_rel_error"": 1.0, ""mean_gap"": 1.1566194727202301, ""mean_isi_pred"": 0.0, ""mean_isi_true"": 16.44, ""nrmse"": 2.1698597035286933, ""nrmse_x"": 1.5289763257407303, ""penalty"": 1.6566194727202301, ""score"": 4.540021377759805, ""spike_count_pred"": 0, ""spike_count_true"": 3, ""spike_frequency_pred"": 0.0, ""spike_frequency_rel_error"": 1.0, ""spike_frequency_true"": 0.0375, ""spike_frequency_units"": ""inverse_time_unit"", ""stable"": true, ""start_in_validation_block"": 16000, ""std_ratio"": 0.0, ""window_index"": 2}]",141,8000,time_unit,0.0,0.9962610501731373,0.0,0.0,1.6996307340513,1.4136326905352603,0.12216713399049832,2.3245727972977166,0,1,0.0,1.0,0.0125,inverse_time_unit,True,0,0.07556657320190034,16000,time_unit,1.0,1.0707940026532046,0.0,19.73,2.4602254691883925,1.4651279111797957,1.5707940026532046,4.49167072109919,0,3,0.0,1.0,0.0375,inverse_time_unit,True,8000,0.0,24000,time_unit,1.0,1.1566194727202301,0.0,16.44,2.1698597035286933,1.5289763257407303,1.6566194727202301,4.540021377759805,0,3,0.0,1.0,0.0375,inverse_time_unit,True,16000,0.0
300,0.0030737167568877,1,[42],0.6826187667841553,15,0.4498865758399204,gp,42,0.02888272247579564,ok,ok,5.890147379668925e-10,42,0.0030737167568877,mean,0.6093958842654622,True,True,mean_plus_max,0.0,time_unit,0.00010137875101383938,1.8037280267752447e-05,12.055,12.056666666666667,0.001923246293316005,0.002563484529808716,3,0.0,0.0030737167568877,0.0030737167568877,0.0030737167568877,0.0030737167568877,0.0,2.3333333333333335,2.3333333333333335,0.029166666666666664,0.0,0.029166666666666664,inverse_time_unit,0.9999971517491236,8000,"[{""end_in_validation_block"": 8000, ""inter_spike_interval_units"": ""time_unit"", ""isi_rel_error"": 0.0, ""mean_gap"": 1.5903334767371146e-05, ""mean_isi_pred"": 0.0, ""mean_isi_true"": 0.0, ""nrmse"": 9.949649218819151e-05, ""nrmse_x"": 0.0001471617876324088, ""penalty"": 0.0, ""score"": 0.00010581310624487272, ""spike_count_pred"": 1, ""spike_count_true"": 1, ""spike_frequency_pred"": 0.0125, ""spike_frequency_rel_error"": 0.0, ""spike_frequency_true"": 0.0125, ""spike_frequency_units"": ""inverse_time_unit"", ""stable"": true, ""start_in_validation_block"": 0, ""std_ratio"": 1.000014983210012, ""window_index"": 0}, {""end_in_validation_block"": 16000, ""inter_spike_interval_units"": ""time_unit"", ""isi_rel_error"": 0.0, ""mean_gap"": 3.701156305782422e-06, ""mean_isi_pred"": 19.73, ""mean_isi_true"": 19.73, ""nrmse"": 0.0012732972959749148, ""nrmse_x"": 0.001583486588773825, ""penalty"": 0.0, ""score"": 0.0011892419478193325, ""spike_count_pred"": 3, ""spike_count_true"": 3, ""spike_frequency_pred"": 0.0375, ""spike_frequency_rel_error"": 0.0, ""spike_frequency_true"": 0.0375, ""spike_frequency_units"": ""inverse_time_unit"", ""stable"": true, ""start_in_validation_block"": 8000, ""std_ratio"": 0.9999940150206468, ""window_index"": 1}, {""end_in_validation_block"": 24000, ""inter_spike_interval_units"": ""time_unit"", ""isi_rel_error"": 0.0003041362530415181, ""mean_gap"": 3.450734973010377e-05, ""mean_isi_pred"": 16.435, ""mean_isi_true"": 16.44, ""nrmse"": 0.004396945091784908, ""nrmse_x"": 0.0059598052130199145, ""penalty"": 0.0, ""score"": 0.00452919726662794, ""spike_count_pred"": 3, ""spike_count_true"": 3, ""spike_frequency_pred"": 0.0375, ""spike_frequency_rel_error"": 0.0, ""spike_frequency_true"": 0.0375, ""spike_frequency_units"": ""inverse_time_unit"", ""stable"": true, ""start_in_validation_block"": 16000, ""std_ratio"": 0.999982457016712, ""window_index"": 2}]",338,8000,time_unit,0.0,1.5903334767371146e-05,0.0,0.0,9.949649218819151e-05,0.0001471617876324088,0.0,0.00010581310624487272,1,1,0.0125,0.0,0.0125,inverse_time_unit,True,0,1.000014983210012,16000,time_unit,0.0,3.701156305782422e-06,19.73,19.73,0.0012732972959749148,0.001583486588773825,0.0,0.0011892419478193325,3,3,0.0375,0.0,0.0375,inverse_time_unit,True,8000,0.9999940150206468,24000,time_unit,0.0003041362530415181,3.450734973010377e-05,16.435,16.44,0.004396945091784908,0.0059598052130199145,0.0,0.00452919726662794,3,3,0.0375,0.0,0.0375,inverse_time_unit,True,16000,0.999982457016712
555,0.0030737167568877,1,[42],0.5939607060189491,16,0.15759496100268883,gp,42,0.10782159707292646,ok,ok,1.1356464128581892e-06,42,9.675846832480618,mean,0.7656245847416885,True,True,mean_plus_max,0.0,time_unit,0.6666666666666666,3.2310337018325583,0.0,12.056666666666667,2.5989011014159353,3.684082974620009,3,3.449360696581787,9.675846832480618,9.675846832480618,9.675846832480618,9.675846832480618,0.0,0.3333333333333333,2.3333333333333335,0.004166666666666667,0.6666666666666666,0.029166666666666664,inverse_time_unit,0.37750104991947403,8000,"[{""end_in_validation_block"": 8000, ""inter_spike_interval_units"": ""time_unit"", ""isi_rel_error"": 0.0, ""mean_gap"": 0.30843697741593473, ""mean_isi_pred"": 0.0, ""mean_isi_true"": 0.0, ""nrmse"": 0.7868454173603588, ""nrmse_x"": 1.457397897779632, ""penalty"": 0.0, ""score"": 0.9982801981188874, ""spike_count_pred"": 1, ""spike_count_true"": 1, ""spike_frequency_pred"": 0.0125, ""spike_frequency_rel_error"": 0.0, ""spike_frequency_true"": 0.0125, ""spike_frequency_units"": ""inverse_time_unit"", ""stable"": true, ""start_in_validation_block"": 0, ""std_ratio"": 1.1251867420911466, ""window_index"": 0}, {""end_in_validation_block"": 16000, ""inter_spike_interval_units"": ""time_unit"", ""isi_rel_error"": 1.0, ""mean_gap"": 4.677551611984752, ""mean_isi_pred"": 0.0, ""mean_isi_true"": 19.73, ""nrmse"": 3.6168219307139404, ""nrmse_x"": 4.782688493580386, ""penalty"": 5.140969573648378, ""score"": 10.175653727796075, ""spike_count_pred"": 0, ""spike_count_true"": 3, ""spike_frequency_pred"": 0.0, ""spike_frequency_rel_error"": 1.0, ""spike_frequency_true"": 0.0375, ""spike_frequency_units"": ""inverse_time_unit"", ""stable"": true, ""start_in_validation_block"": 8000, ""std_ratio"": 0.007316407667274791, ""window_index"": 1}, {""end_in_validation_block"": 24000, ""inter_spike_interval_units"": ""time_unit"", ""isi_rel_error"": 1.0, ""mean_gap"": 4.707112516096989, ""mean_isi_pred"": 0.0, ""mean_isi_true"": 16.44, ""nrmse"": 3.3930359561735073, ""nrmse_x"": 4.81216253250001, ""penalty"": 5.207112516096984, ""score"": 10.202060898015366, ""spike_count_pred"": 0, ""spike_count_true"": 3, ""spike_frequency_pred"": 0.0, ""spike_frequency_rel_error"": 1.0, ""spike_frequency_true"": 0.0375, ""spike_frequency_units"": ""inverse_time_unit"", ""stable"": true, ""start_in_validation_block"": 16000, ""std_ratio"": 8.567029599072301e-16, ""window_index"": 2}]",303,8000,time_unit,0.0,0.30843697741593473,0.0,0.0,0.7868454173603588,1.457397897779632,0.0,0.9982801981188874,1,1,0.0125,0.0,0.0125,inverse_time_unit,True,0,1.1251867420911466,16000,time_unit,1.0,4.677551611984752,0.0,19.73,3.6168219307139404,4.782688493580386,5.140969573648378,10.175653727796075,0,3,0.0,1.0,0.0375,inverse_time_unit,True,8000,0.007316407667274791,24000,time_unit,1.0,4.707112516096989,0.0,16.44,3.3930359561735073,4.81216253250001,5.207112516096984,10.202060898015366,0,3,0.0,1.0,0.0375,inverse_time_unit,True,16000,8.567029599072301e-16
610,0.0030737167568877,1,[42],0.4515442391966228,17,0.7718248868798697,gp,42,0.08511622519759053,ok,ok,1.56912454623018e-09,42,0.07985619380040913,mean,0.8568397728219891,True,True,mean_plus_max,0.0,time_unit,0.0011995886067754351,0.0006836197677417876,12.035000000000002,12.056666666666667,0.05245850505398226,0.0708999516939184,3,0.0,0.07985619380040913,0.07985619380040913,0.07985619380040913,0.07985619380040913,0.0,2.3333333333333335,2.3333333333333335,0.029166666666666664,0.0,0.029166666666666664,inverse_time_unit,0.9996382251434818,8000,"[{""end_in_validation_block"": 8000, ""inter_spike_interval_units"": ""time_unit"", ""isi_rel_error"": 0.0, ""mean_gap"": 0.0005620671992994052, ""mean_isi_pred"": 0.0, ""mean_isi_true"": 0.0, ""nrmse"": 0.00802706096098648, ""nrmse_x"": 0.014058282546179466, ""penalty"": 0.0, ""score"": 0.009738820640645327, ""spike_count_pred"": 1, ""spike_count_true"": 1, ""spike_frequency_pred"": 0.0125, ""spike_frequency_rel_error"": 0.0, ""spike_frequency_true"": 0.0125, ""spike_frequency_units"": ""inverse_time_unit"", ""stable"": true, ""start_in_validation_block"": 0, ""std_ratio"": 0.9995777443652456, ""window_index"": 0}, {""end_in_validation_block"": 16000, ""inter_spike_interval_units"": ""time_unit"", ""isi_rel_error"": 0.001773948302078061, ""mean_gap"": 0.0005491252487019577, ""mean_isi_pred"": 19.695, ""mean_isi_true"": 19.73, ""nrmse"": 0.04169898711919507, ""nrmse_x"": 0.05180080221208948, ""penalty"": 0.0, ""score"": 0.03980216214748701, ""spike_count_pred"": 3, ""spike_count_true"": 3, ""spike_frequency_pred"": 0.0375, ""spike_frequency_rel_error"": 0.0, ""spike_frequency_true"": 0.0375, ""spike_frequency_units"": ""inverse_time_unit"", ""stable"": true, ""start_in_validation_block"": 8000, ""std_ratio"": 0.999905776230085, ""window_index"": 1}, {""end_in_validation_block"": 24000, ""inter_spike_interval_units"": ""time_unit"", ""isi_rel_error"": 0.0018248175182482443, ""mean_gap"": 0.0009396668552239996, ""mean_isi_pred"": 16.41, ""mean_isi_true"": 16.44, ""nrmse"": 0.10764946708176523, ""nrmse_x"": 0.14684077032348627, ""penalty"": 0.0, ""score"": 0.10858719920748289, ""spike_count_pred"": 3, ""spike_count_true"": 3, ""spike_frequency_pred"": 0.0375, ""spike_frequency_rel_error"": 0.0, ""spike_frequency_true"": 0.0375, ""spike_frequency_units"": ""inverse_time_unit"", ""stable"": true, ""start_in_validation_block"": 16000, ""std_ratio"": 0.999431154835115, ""window_index"": 2}]",318,8000,time_unit,0.0,0.0005620671992994052,0.0,0.0,0.00802706096098648,0.014058282546179466,0.0,0.009738820640645327,1,1,0.0125,0.0,0.0125,inverse_time_unit,True,0,0.9995777443652456,16000,time_unit,0.001773948302078061,0.0005491252487019577,19.695,19.73,0.04169898711919507,0.05180080221208948,0.0,0.03980216214748701,3,3,0.0375,0.0,0.0375,inverse_time_unit,True,8000,0.999905776230085,24000,time_unit,0.0018248175182482443,0.0009396668552239996,16.41,16.44,0.10764946708176523,0.14684077032348627,0.0,0.10858719920748289,3,3,0.0375,0.0,0.0375,inverse_time_unit,True,16000,0.999431154835115
791,0.0030737167568877,1,[42],0.09476250155560163,18,0.3608704803747056,gp,42,0.02,ok,ok,0.00012997422834704634,42,1.8728013774120404,mean,1.1859780863536045,True,True,mean_plus_max,0.0,time_unit,0.369034513923915,0.10021089903598333,15.822777777777778,12.056666666666667,0.793140402534387,1.0066282802179123,3,0.0,1.8728013774120404,1.8728013774120404,1.8728013774120404,1.8728013774120404,0.0,3.0,2.3333333333333335,0.0375,0.4444444444444445,0.029166666666666664,inverse_time_unit,1.0656676434546977,8000,"[{""end_in_validation_block"": 8000, ""inter_spike_interval_units"": ""time_unit"", ""isi_rel_error"": 1.0, ""mean_gap"": 0.021352547598524042, ""mean_isi_pred"": 13.16, ""mean_isi_true"": 0.0, ""nrmse"": 0.3771761173517968, ""nrmse_x"": 0.678803737583292, ""penalty"": 0.0, ""score"": 1.9676360850087597, ""spike_count_pred"": 2, ""spike_count_true"": 1, ""spike_frequency_pred"": 0.025, ""spike_frequency_rel_error"": 1.0, ""spike_frequency_true"": 0.0125, ""spike_frequency_units"": ""inverse_time_unit"", ""stable"": true, ""start_in_validation_block"": 0, ""std_ratio"": 1.0275412891091316, ""window_index"": 0}, {""end_in_validation_block"": 16000, ""inter_spike_interval_units"": ""time_unit"", ""isi_rel_error"": 0.030663963507349234, ""mean_gap"": 0.14135292281302814, ""mean_isi_pred"": 19.125, ""mean_isi_true"": 19.73, ""nrmse"": 0.8055912648014348, ""nrmse_x"": 0.8344709904980937, ""penalty"": 0.0, ""score"": 0.6756888427279848, ""spike_count_pred"": 3, ""spike_count_true"": 3, ""spike_frequency_pred"": 0.0375, ""spike_frequency_rel_error"": 0.0, ""spike_frequency_true"": 0.0375, ""spike_frequency_units"": ""inverse_time_unit"", ""stable"": true, ""start_in_validation_block"": 8000, ""std_ratio"": 1.0719667547231189, ""window_index"": 1}, {""end_in_validation_block"": 24000, ""inter_spike_interval_units"": ""time_unit"", ""isi_rel_error"": 0.07643957826439585, ""mean_gap"": 0.13792722669639781, ""mean_isi_pred"": 15.183333333333334, ""mean_isi_true"": 16.44, ""nrmse"": 1.1966538254499295, ""nrmse_x"": 1.5066101125723508, ""penalty"": 0.0, ""score"": 1.4993521407428068, ""spike_count_pred"": 4, ""spike_count_true"": 3, ""spike_frequency_pred"": 0.05, ""spike_frequency_rel_error"": 0.3333333333333335, ""spike_frequency_true"": 0.0375, ""spike_frequency_units"": ""inverse_time_unit"", ""stable"": true, ""start_in_validation_block"": 16000, ""std_ratio"": 1.0974948865318424, ""window_index"": 2}]",110,8000,time_unit,1.0,0.021352547598524042,13.16,0.0,0.3771761173517968,0.678803737583292,0.0,1.9676360850087597,2,1,0.025,1.0,0.0125,inverse_time_unit,True,0,1.0275412891091316,16000,time_unit,0.030663963507349234,0.14135292281302814,19.125,19.73,0.8055912648014348,0.8344709904980937,0.0,0.6756888427279848,3,3,0.0375,0.0,0.0375,inverse_time_unit,True,8000,1.0719667547231189,24000,time_unit,0.07643957826439585,0.13792722669639781,15.183333333333334,16.44,1.1966538254499295,1.5066101125723508,0.0,1.4993521407428068,4,3,0.05,0.3333333333333335,0.0375,inverse_time_unit,True,16000,1.0974948865318424
669,0.0030737167568877,1,[42],0.8560595571581998,19,0.794852599645675,gp,42,0.04559575174609691,ok,ok,1.8519961403113158e-10,42,0.061391819231823415,mean,0.8100493922882841,True,True,mean_plus_max,0.0,time_unit,0.0024160822358942706,0.0013377261441057447,12.013333333333334,12.056666666666667,0.045568250017910074,0.0627418727996001,3,0.0,0.061391819231823415,0.061391819231823415,0.061391819231823415,0.061391819231823415,0.0,2.3333333333333335,2.3333333333333335,0.029166666666666664,0.0,0.029166666666666664,inverse_time_unit,0.9992769317495819,8000,"[{""end_in_validation_block"": 8000, ""inter_spike_interval_units"": ""time_unit"", ""isi_rel_error"": 0.0, ""mean_gap"": 0.002205051951122165, ""mean_isi_pred"": 0.0, ""mean_isi_true"": 0.0, ""nrmse"": 0.023773855047126362, ""nrmse_x"": 0.0424296016153198, ""penalty"": 0.0, ""score"": 0.02927974465020748, ""spike_count_pred"": 1, ""spike_count_true"": 1, ""spike_frequency_pred"": 0.0125, ""spike_frequency_rel_error"": 0.0, ""spike_frequency_true"": 0.0125, ""spike_frequency_units"": ""inverse_time_unit"", ""stable"": true, ""start_in_validation_block"": 0, ""std_ratio"": 0.9968200706680737, ""window_index"": 0}, {""end_in_validation_block"": 16000, ""inter_spike_interval_units"": ""time_unit"", ""isi_rel_error"": 0.0032944754181450215, ""mean_gap"": 0.0018056353850096618, ""mean_isi_pred"": 19.665, ""mean_isi_true"": 19.73, ""nrmse"": 0.05715445186781999, ""nrmse_x"": 0.07086193342164426, ""penalty"": 0.0, ""score"": 0.05490991405793185, ""spike_count_pred"": 3, ""spike_count_true"": 3, ""spike_frequency_pred"": 0.0375, ""spike_frequency_rel_error"": 0.0, ""spike_frequency_true"": 0.0375, ""spike_frequency_units"": ""inverse_time_unit"", ""stable"": true, ""start_in_validation_block"": 8000, ""std_ratio"": 1.001077367188907, ""window_index"": 1}, {""end_in_validation_block"": 24000, ""inter_spike_interval_units"": ""time_unit"", ""isi_rel_error"": 0.0039537712895377905, ""mean_gap"": 2.4910961854067586e-06, ""mean_isi_pred"": 16.375, ""mean_isi_true"": 16.44, ""nrmse"": 0.05577644313878389, ""nrmse_x"": 0.07493408336183625, ""penalty"": 0.0, ""score"": 0.05713474227847481, ""spike_count_pred"": 3, ""spike_count_true"": 3, ""spike_frequency_pred"": 0.0375, ""spike_frequency_rel_error"": 0.0, ""spike_frequency_true"": 0.0375, ""spike_frequency_units"": ""inverse_time_unit"", ""stable"": true, ""start_in_validation_block"": 16000, ""std_ratio"": 0.9999333573917649, ""window_index"": 2}]",475,8000,time_unit,0.0,0.002205051951122165,0.0,0.0,0.023773855047126362,0.0424296016153198,0.0,0.02927974465020748,1,1,0.0125,0.0,0.0125,inverse_time_unit,True,0,0.9968200706680737,16000,time_unit,0.0032944754181450215,0.0018056353850096618,19.665,19.73,0.05715445186781999,0.07086193342164426,0.0,0.05490991405793185,3,3,0.0375,0.0,0.0375,inverse_time_unit,True,8000,1.001077367188907,24000,time_unit,0.0039537712895377905,2.4910961854067586e-06,16.375,16.44,0.05577644313878389,0.07493408336183625,0.0,0.05713474227847481,3,3,0.0375,0.0,0.0375,inverse_time_unit,True,16000,0.9999333573917649
583,0.0030737167568877,1,[42],0.9454134956610133,20,0.7984073270290499,gp,42,0.04664737402112319,ok,ok,3.440641889311826e-06,42,36.05865859974378,mean,0.7662059273146248,True,True,mean_plus_max,0.0,time_unit,0.9633591836302656,2.5678684893834034,0.9888333333333333,12.056666666666667,2.53981859205108,3.131164020443953,3,2.305560553966922,36.05865859974378,36.05865859974378,36.05865859974378,36.05865859974378,0.0,59.666666666666664,2.3333333333333335,0.7458333333333332,22.666666666666668,0.029166666666666664,inverse_time_unit,1.4072159700645255,8000,"[{""end_in_validation_block"": 8000, ""inter_spike_interval_units"": ""time_unit"", ""isi_rel_error"": 1.0, ""mean_gap"": 0.786923806249444, ""mean_isi_pred"": 0.995, ""mean_isi_true"": 0.0, ""nrmse"": 1.157550435749209, ""nrmse_x"": 1.9363947446742151, ""penalty"": 0.0, ""score"": 17.854404718508118, ""spike_count_pred"": 17, ""spike_count_true"": 1, ""spike_frequency_pred"": 0.2125, ""spike_frequency_rel_error"": 15.999999999999998, ""spike_frequency_true"": 0.0125, ""spike_frequency_units"": ""inverse_time_unit"", ""stable"": true, ""start_in_validation_block"": 0, ""std_ratio"": 2.284594758517616, ""window_index"": 0}, {""end_in_validation_block"": 16000, ""inter_spike_interval_units"": ""time_unit"", ""isi_rel_error"": 0.9500380131779017, ""mean_gap"": 3.5382948581029496, ""mean_isi_pred"": 0.98575, ""mean_isi_true"": 19.73, ""nrmse"": 3.537952695019771, ""nrmse_x"": 3.805137588555685, ""penalty"": 3.5382948581029496, ""score"": 32.99062771215247, ""spike_count_pred"": 81, ""spike_count_true"": 3, ""spike_frequency_pred"": 1.0125, ""spike_frequency_rel_error"": 26.0, ""spike_frequency_true"": 0.0375, ""spike_frequency_units"": ""inverse_time_unit"", ""stable"": true, ""start_in_validation_block"": 8000, ""std_ratio"": 0.9755972539649517, ""window_index"": 1}, {""end_in_validation_block"": 24000, ""inter_spike_interval_units"": ""time_unit"", ""isi_rel_error"": 0.9400395377128954, ""mean_gap"": 3.3783868037978166, ""mean_isi_pred"": 0.98575, ""mean_isi_true"": 16.44, ""nrmse"": 2.92395264538426, ""nrmse_x"": 3.651959728101959, ""penalty"": 3.3783868037978166, ""score"": 32.58797258445641, ""spike_count_pred"": 81, ""spike_count_true"": 3, ""spike_frequency_pred"": 1.0125, ""spike_frequency_rel_error"": 26.0, ""spike_frequency_true"": 0.0375, ""spike_frequency_units"": ""inverse_time_unit"", ""stable"": true, ""start_in_validation_block"": 16000, ""std_ratio"": 0.9614558977110086, ""window_index"": 2}]",258,8000,time_unit,1.0,0.786923806249444,0.995,0.0,1.157550435749209,1.9363947446742151,0.0,17.854404718508118,17,1,0.2125,15.999999999999998,0.0125,inverse_time_unit,True,0,2.284594758517616,16000,time_unit,0.9500380131779017,3.5382948581029496,0.98575,19.73,3.537952695019771,3.805137588555685,3.5382948581029496,32.99062771215247,81,3,1.0125,26.0,0.0375,inverse_time_unit,True,8000,0.9755972539649517,24000,time_unit,0.9400395377128954,3.3783868037978166,0.98575,16.44,2.92395264538426,3.651959728101959,3.3783868037978166,32.58797258445641,81,3,1.0125,26.0,0.0375,inverse_time_unit,True,16000,0.9614558977110086
800,0.0030737167568877,1,[42],0.05397030070415956,21,0.10656477844449352,gp,42,0.02,seed_42=non_finite_prediction,non_finite_prediction,0.0009378628514495307,42,1000000.0,mean,1.178146358043884,False,False,mean_plus_max,1000000.0,time_unit,1000000.0,1000000.0,1000000.0,1000000.0,1000000.0,1000000.0,3,1000000.0,1000000.0,1000000.0,1000000.0,1000000.0,0.0,1000000.0,1000000.0,1000000.0,1000000.0,1000000.0,inverse_time_unit,1000000.0,8000,,79,,,,,,,,,,,,,,,,,,,,,,,,,,,,,,,,,,,,,,,,,,,,,,,,,,,,,,,,,
800,0.0030737167568877,1,[42],1.0,22,0.245534381096082,gp,42,0.02,ok,ok,0.001,42,12.160694835567096,mean,1.2,True,True,mean_plus_max,0.0,time_unit,0.6666666666666666,4.661553741132814,0.0,12.056666666666667,2.9762228469673,4.7830921357300635,3,4.994887074466141,12.160694835567096,12.160694835567096,12.160694835567096,12.160694835567096,0.0,0.0,2.3333333333333335,0.0,1.0,0.029166666666666664,inverse_time_unit,0.22913151062535497,8000,"[{""end_in_validation_block"": 8000, ""inter_spike_interval_units"": ""time_unit"", ""isi_rel_error"": 0.0, ""mean_gap"": 5.205697805363558, ""mean_isi_pred"": 0.0, ""mean_isi_true"": 0.0, ""nrmse"": 2.7408741422689147, ""nrmse_x"": 5.345374226484105, ""penalty"": 5.205697805363558, ""score"": 9.830872165497045, ""spike_count_pred"": 0, ""spike_count_true"": 1, ""spike_frequency_pred"": 0.0, ""spike_frequency_rel_error"": 1.0, ""spike_frequency_true"": 0.0125, ""spike_frequency_units"": ""inverse_time_unit"", ""stable"": true, ""start_in_validation_block"": 0, ""std_ratio"": 0.6873945318760615, ""window_index"": 0}, {""end_in_validation_block"": 16000, ""inter_spike_interval_units"": ""time_unit"", ""isi_rel_error"": 1.0, ""mean_gap"": 4.372669505687463, ""mean_isi_pred"": 0.0, ""mean_isi_true"": 19.73, ""nrmse"": 3.266828981400111, ""nrmse_x"": 4.485558895608111, ""penalty"": 4.872669505687454, ""score"": 9.656434143621944, ""spike_count_pred"": 0, ""spike_count_true"": 3, ""spike_frequency_pred"": 0.0, ""spike_frequency_rel_error"": 1.0, ""spike_frequency_true"": 0.0375, ""spike_frequency_units"": ""inverse_time_unit"", ""stable"": true, ""start_in_validation_block"": 8000, ""std_ratio"": 1.740929172596834e-15, ""window_index"": 1}, {""end_in_validation_block"": 24000, ""inter_spike_interval_units"": ""time_unit"", ""isi_rel_error"": 1.0, ""mean_gap"": 4.406293912347421, ""mean_isi_pred"": 0.0, ""mean_isi_true"": 16.44, ""nrmse"": 2.920965417232875, ""nrmse_x"": 4.518343285097975, ""penalty"": 4.9062939123474125, ""score"": 9.621624073459518, ""spike_count_pred"": 0, ""spike_count_true"": 3, ""spike_frequency_pred"": 0.0, ""spike_frequency_rel_error"": 1.0, ""spike_frequency_true"": 0.0375, ""spike_frequency_units"": ""inverse_time_unit"", ""stable"": true, ""start_in_validation_block"": 16000, ""std_ratio"": 1.7134059198144602e-15, ""window_index"": 2}]",50,8000,time_unit,0.0,5.205697805363558,0.0,0.0,2.7408741422689147,5.345374226484105,5.205697805363558,9.830872165497045,0,1,0.0,1.0,0.0125,inverse_time_unit,True,0,0.6873945318760615,16000,time_unit,1.0,4.372669505687463,0.0,19.73,3.266828981400111,4.485558895608111,4.872669505687454,9.656434143621944,0,3,0.0,1.0,0.0375,inverse_time_unit,True,8000,1.740929172596834e-15,24000,time_unit,1.0,4.406293912347421,0.0,16.44,2.920965417232875,4.518343285097975,4.9062939123474125,9.621624073459518,0,3,0.0,1.0,0.0375,inverse_time_unit,True,16000,1.7134059198144602e-15
800,0.0030737167568877,1,[42],1.0,23,0.1,gp,42,0.02,ok,ok,0.001,42,4.018741026461593,mean,1.2,True,True,mean_plus_max,0.0,time_unit,0.6666666666666666,0.9038851782115144,0.0,12.056666666666667,1.9296527152393788,1.4484479941617838,3,0.4426794923963344,4.018741026461593,4.018741026461593,4.018741026461593,4.018741026461593,0.0,0.0,2.3333333333333335,0.0,1.0,0.029166666666666664,inverse_time_unit,0.48460065868163776,8000,"[{""end_in_validation_block"": 8000, ""inter_spike_interval_units"": ""time_unit"", ""isi_rel_error"": 0.0, ""mean_gap"": 1.3280384771890033, ""mean_isi_pred"": 0.0, ""mean_isi_true"": 0.0, ""nrmse"": 2.1698366537362292, ""nrmse_x"": 1.7894124725624323, ""penalty"": 1.3280384771890033, ""score"": 3.8546745005323984, ""spike_count_pred"": 0, ""spike_count_true"": 1, ""spike_frequency_pred"": 0.0, ""spike_frequency_rel_error"": 1.0, ""spike_frequency_true"": 0.0125, ""spike_frequency_units"": ""inverse_time_unit"", ""stable"": true, ""start_in_validation_block"": 0, ""std_ratio"": 0.6357922905901765, ""window_index"": 0}, {""end_in_validation_block"": 16000, ""inter_spike_interval_units"": ""time_unit"", ""isi_rel_error"": 1.0, ""mean_gap"": 0.749072584567033, ""mean_isi_pred"": 0.0, ""mean_isi_true"": 19.73, ""nrmse"": 1.726424119730359, ""nrmse_x"": 1.3450772813525729, ""penalty"": 0.0, ""score"": 2.671398534676505, ""spike_count_pred"": 0, ""spike_count_true"": 3, ""spike_frequency_pred"": 0.0, ""spike_frequency_rel_error"": 1.0, ""spike_frequency_true"": 0.0375, ""spike_frequency_units"": ""inverse_time_unit"", ""stable"": true, ""start_in_validation_block"": 8000, ""std_ratio"": 0.4123023913011002, ""window_index"": 1}, {""end_in_validation_block"": 24000, ""inter_spike_interval_units"": ""time_unit"", ""isi_rel_error"": 1.0, ""mean_gap"": 0.634544472878507, ""mean_isi_pred"": 0.0, ""mean_isi_true"": 16.44, ""nrmse"": 1.8926973722515477, ""nrmse_x"": 1.2108542285703463, ""penalty"": 0.0, ""score"": 2.6391441687765775, ""spike_count_pred"": 0, ""spike_count_true"": 3, ""spike_frequency_pred"": 0.0, ""spike_frequency_rel_error"": 1.0, ""spike_frequency_true"": 0.0375, ""spike_frequency_units"": ""inverse_time_unit"", ""stable"": true, ""start_in_validation_block"": 16000, ""std_ratio"": 0.4057072941536365, ""window_index"": 2}]",50,8000,time_unit,0.0,1.3280384771890033,0.0,0.0,2.1698366537362292,1.7894124725624323,1.3280384771890033,3.8546745005323984,0,1,0.0,1.0,0.0125,inverse_time_unit,True,0,0.6357922905901765,16000,time_unit,1.0,0.749072584567033,0.0,19.73,1.726424119730359,1.3450772813525729,0.0,2.671398534676505,0,3,0.0,1.0,0.0375,inverse_time_unit,True,8000,0.4123023913011002,24000,time_unit,1.0,0.634544472878507,0.0,16.44,1.8926973722515477,1.2108542285703463,0.0,2.6391441687765775,0,3,0.0,1.0,0.0375,inverse_time_unit,True,16000,0.4057072941536365
791,0.0030737167568877,1,[42],0.5562892625421564,24,0.6238679187546878,gp,42,0.02,ok,ok,1e-10,42,11.42868884463568,mean,0.5,True,True,mean_plus_max,0.0,time_unit,0.7387805005560767,1.139342076316364,7.105424242424242,12.056666666666667,2.53481430949981,2.0768519755705945,3,0.5274531224051368,11.42868884463568,11.42868884463568,11.42868884463568,11.42868884463568,0.0,11.333333333333334,2.3333333333333335,0.1416666666666667,5.222222222222222,0.029166666666666664,inverse_time_unit,1.3348385643667562,8000,"[{""end_in_validation_block"": 8000, ""inter_spike_interval_units"": ""time_unit"", ""isi_rel_error"": 1.0, ""mean_gap"": 1.5823593672154102, ""mean_isi_pred"": 7.261, ""mean_isi_true"": 0.0, ""nrmse"": 2.729147829102126, ""nrmse_x"": 2.4908327612273915, ""penalty"": 1.5823593672154102, ""score"": 14.134604343166007, ""spike_count_pred"": 11, ""spike_count_true"": 1, ""spike_frequency_pred"": 0.1375, ""spike_frequency_rel_error"": 10.0, ""spike_frequency_true"": 0.0125, ""spike_frequency_units"": ""inverse_time_unit"", ""stable"": true, ""start_in_validation_block"": 0, ""std_ratio"": 1.5983308925646378, ""window_index"": 0}, {""end_in_validation_block"": 16000, ""inter_spike_interval_units"": ""time_unit"", ""isi_rel_error"": 0.6437911809427269, ""mean_gap"": 0.950775084384384, ""mean_isi_pred"": 7.028, ""mean_isi_true"": 19.73, ""nrmse"": 2.3591764728028113, ""nrmse_x"": 1.836602040808904, ""penalty"": 0.0, ""score"": 4.588487497783631, ""spike_count_pred"": 11, ""spike_count_true"": 3, ""spike_frequency_pred"": 0.1375, ""spike_frequency_rel_error"": 2.666666666666667, ""spike_frequency_true"": 0.0375, ""spike_frequency_units"": ""inverse_time_unit"", ""stable"": true, ""start_in_validation_block"": 8000, ""std_ratio"": 1.2022829231947694, ""window_index"": 1}, {""end_in_validation_block"": 24000, ""inter_spike_interval_units"": ""time_unit"", ""isi_rel_error"": 0.5725503207255033, ""mean_gap"": 0.8848917773492978, ""mean_isi_pred"": 7.027272727272727, ""mean_isi_true"": 16.44, ""nrmse"": 2.516118626594494, ""nrmse_x"": 1.9031211246754878, ""penalty"": 0.0, ""score"": 4.962021435582893, ""spike_count_pred"": 12, ""spike_count_true"": 3, ""spike_frequency_pred"": 0.15, ""spike_frequency_rel_error"": 3.0, ""spike_frequency_true"": 0.0375, ""spike_frequency_units"": ""inverse_time_unit"", ""stable"": true, ""start_in_validation_block"": 16000, ""std_ratio"": 1.2039018773408618, ""window_index"": 2}]",500,8000,time_unit,1.0,1.5823593672154102,7.261,0.0,2.729147829102126,2.4908327612273915,1.5823593672154102,14.134604343166007,11,1,0.1375,10.0,0.0125,inverse_time_unit,True,0,1.5983308925646378,16000,time_unit,0.6437911809427269,0.950775084384384,7.028,19.73,2.3591764728028113,1.836602040808904,0.0,4.588487497783631,11,3,0.1375,2.666666666666667,0.0375,inverse_time_unit,True,8000,1.2022829231947694,24000,time_unit,0.5725503207255033,0.8848917773492978,7.027272727272727,16.44,2.516118626594494,1.9031211246754878,0.0,4.962021435582893,12,3,0.15,3.0,0.0375,inverse_time_unit,True,16000,1.2039018773408618
250,0.0030737167568877,1,[42],1.0,25,0.5656821157182801,gp,42,0.2,ok,ok,0.001,42,2.1389961680353893,mean,1.2,True,True,mean_plus_max,0.0,time_unit,0.45389548236143334,0.0717168308845321,18.885,12.056666666666667,0.9355154734772965,1.23570521644226,3,0.0,2.1389961680353893,2.1389961680353893,2.1389961680353893,2.1389961680353893,0.0,2.3333333333333335,2.3333333333333335,0.029166666666666664,0.4444444444444444,0.029166666666666664,inverse_time_unit,1.0300486512909632,8000,"[{""end_in_validation_block"": 8000, ""inter_spike_interval_units"": ""time_unit"", ""isi_rel_error"": 1.0, ""mean_gap"": 0.1164473349509029, ""mean_isi_pred"": 13.47, ""mean_isi_true"": 0.0, ""nrmse"": 0.6035215049742226, ""nrmse_x"": 1.0281247340856157, ""penalty"": 0.0, ""score"": 2.216348979990644, ""spike_count_pred"": 2, ""spike_count_true"": 1, ""spike_frequency_pred"": 0.025, ""spike_frequency_rel_error"": 1.0, ""spike_frequency_true"": 0.0125, ""spike_frequency_units"": ""inverse_time_unit"", ""stable"": true, ""start_in_validation_block"": 0, ""std_ratio"": 1.1897953405126207, ""window_index"": 0}, {""end_in_validation_block"": 16000, ""inter_spike_interval_units"": ""time_unit"", ""isi_rel_error"": 0.324885960466295, ""mean_gap"": 0.036350945329498854, ""mean_isi_pred"": 26.14, ""mean_isi_true"": 19.73, ""nrmse"": 1.0225031077750564, ""nrmse_x"": 1.2371335690970595, ""penalty"": 0.0, ""score"": 1.4318255535136277, ""spike_count_pred"": 2, ""spike_count_true"": 3, ""spike_frequency_pred"": 0.025, ""spike_frequency_rel_error"": 0.33333333333333326, ""spike_frequency_true"": 0.0375, ""spike_frequency_units"": ""inverse_time_unit"", ""stable"": true, ""start_in_validation_block"": 8000, ""std_ratio"": 0.867228529730317, ""window_index"": 1}, {""end_in_validation_block"": 24000, ""inter_spike_interval_units"": ""time_unit"", ""isi_rel_error"": 0.03680048661800489, ""mean_gap"": 0.06235221237319452, ""mean_isi_pred"": 17.045, ""mean_isi_true"": 16.44, ""nrmse"": 1.1805218076826103, ""nrmse_x"": 1.4418573461441047, ""penalty"": 0.0, ""score"": 1.1065522356089126, ""spike_count_pred"": 3, ""spike_count_true"": 3, ""spike_frequency_pred"": 0.0375, ""spike_frequency_rel_error"": 0.0, ""spike_frequency_true"": 0.0375, ""spike_frequency_units"": ""inverse_time_unit"", ""stable"": true, ""start_in_validation_block"": 16000, ""std_ratio"": 1.0331220836299517, ""window_index"": 2}]",50,8000,time_unit,1.0,0.1164473349509029,13.47,0.0,0.6035215049742226,1.0281247340856157,0.0,2.216348979990644,2,1,0.025,1.0,0.0125,inverse_time_unit,True,0,1.1897953405126207,16000,time_unit,0.324885960466295,0.036350945329498854,26.14,19.73,1.0225031077750564,1.2371335690970595,0.0,1.4318255535136277,2,3,0.025,0.33333333333333326,0.0375,inverse_time_unit,True,8000,0.867228529730317,24000,time_unit,0.03680048661800489,0.06235221237319452,17.045,16.44,1.1805218076826103,1.4418573461441047,0.0,1.1065522356089126,3,3,0.0375,0.0,0.0375,inverse_time_unit,True,16000,1.0331220836299517
250,0.0030737167568877,1,[42],1.0,26,0.6857338485714957,gp,42,0.2,ok,ok,1.7741144988816842e-10,42,0.1919959314698248,mean,1.2,True,True,mean_plus_max,0.0,time_unit,0.005913572071299914,0.0023843079703662986,11.953333333333333,12.056666666666667,0.12810354712824176,0.17531763888608246,3,0.0,0.1919959314698248,0.1919959314698248,0.1919959314698248,0.1919959314698248,0.0,2.3333333333333335,2.3333333333333335,0.029166666666666664,0.0,0.029166666666666664,inverse_time_unit,1.0003882208141546,8000,"[{""end_in_validation_block"": 8000, ""inter_spike_interval_units"": ""time_unit"", ""isi_rel_error"": 0.0, ""mean_gap"": 0.002663628744780675, ""mean_isi_pred"": 0.0, ""mean_isi_true"": 0.0, ""nrmse"": 0.03768434318437515, ""nrmse_x"": 0.06735391810755889, ""penalty"": 0.0, ""score"": 0.046465740755251186, ""spike_count_pred"": 1, ""spike_count_true"": 1, ""spike_frequency_pred"": 0.0125, ""spike_frequency_rel_error"": 0.0, ""spike_frequency_true"": 0.0125, ""spike_frequency_units"": ""inverse_time_unit"", ""stable"": true, ""start_in_validation_block"": 0, ""std_ratio"": 0.9972313263004997, ""window_index"": 0}, {""end_in_validation_block"": 16000, ""inter_spike_interval_units"": ""time_unit"", ""isi_rel_error"": 0.005575266092245283, ""mean_gap"": 0.003399422399933956, ""mean_isi_pred"": 19.62, ""mean_isi_true"": 19.73, ""nrmse"": 0.11077204079350378, ""nrmse_x"": 0.13622092646607487, ""penalty"": 0.0, ""score"": 0.10540215280083977, ""spike_count_pred"": 3, ""spike_count_true"": 3, ""spike_frequency_pred"": 0.0375, ""spike_frequency_rel_error"": 0.0, ""spike_frequency_true"": 0.0375, ""spike_frequency_units"": ""inverse_time_unit"", ""stable"": true, ""start_in_validation_block"": 8000, ""std_ratio"": 1.0037774237653878, ""window_index"": 1}, {""end_in_validation_block"": 24000, ""inter_spike_interval_units"": ""time_unit"", ""isi_rel_error"": 0.012165450121654457, ""mean_gap"": 0.0010898727663842648, ""mean_isi_pred"": 16.240000000000002, ""mean_isi_true"": 16.44, ""nrmse"": 0.23585425740684632, ""nrmse_x"": 0.3223780720846136, ""penalty"": 0.0, ""score"": 0.24235422905907628, ""spike_count_pred"": 3, ""spike_count_true"": 3, ""spike_frequency_pred"": 0.0375, ""spike_frequency_rel_error"": 0.0, ""spike_frequency_true"": 0.0375, ""spike_frequency_units"": ""inverse_time_unit"", ""stable"": true, ""start_in_validation_block"": 16000, ""std_ratio"": 1.0001559123765762, ""window_index"": 2}]",50,8000,time_unit,0.0,0.002663628744780675,0.0,0.0,0.03768434318437515,0.06735391810755889,0.0,0.046465740755251186,1,1,0.0125,0.0,0.0125,inverse_time_unit,True,0,0.9972313263004997,16000,time_unit,0.005575266092245283,0.003399422399933956,19.62,19.73,0.11077204079350378,0.13622092646607487,0.0,0.10540215280083977,3,3,0.0375,0.0,0.0375,inverse_time_unit,True,8000,1.0037774237653878,24000,time_unit,0.012165450121654457,0.0010898727663842648,16.240000000000002,16.44,0.23585425740684632,0.3223780720846136,0.0,0.24235422905907628,3,3,0.0375,0.0,0.0375,inverse_time_unit,True,16000,1.0001559123765762
250,0.0030737167568877,1,[42],0.17830483835155064,27,0.39727479033935953,gp,42,0.2,ok,ok,0.001,42,1.4173486268333158,mean,0.5344701076428192,True,True,mean_plus_max,0.0,time_unit,0.3976237499018584,0.014330978715897955,16.930000000000003,12.056666666666667,0.48469565054261565,0.6406673608268751,3,0.0,1.4173486268333158,1.4173486268333158,1.4173486268333158,1.4173486268333158,0.0,2.6666666666666665,2.3333333333333335,0.03333333333333333,0.3333333333333333,0.029166666666666664,inverse_time_unit,0.9943307211813021,8000,"[{""end_in_validation_block"": 8000, ""inter_spike_interval_units"": ""time_unit"", ""isi_rel_error"": 1.0, ""mean_gap"": 0.0027968345406517926, ""mean_isi_pred"": 12.1, ""mean_isi_true"": 0.0, ""nrmse"": 0.11988552161184787, ""nrmse_x"": 0.21214263533001657, ""penalty"": 0.0, ""score"": 1.6466498298344712, ""spike_count_pred"": 2, ""spike_count_true"": 1, ""spike_frequency_pred"": 0.025, ""spike_frequency_rel_error"": 1.0, ""spike_frequency_true"": 0.0125, ""spike_frequency_units"": ""inverse_time_unit"", ""stable"": true, ""start_in_validation_block"": 0, ""std_ratio"": 1.0102331090912555, ""window_index"": 0}, {""end_in_validation_block"": 16000, ""inter_spike_interval_units"": ""time_unit"", ""isi_rel_error"": 0.01799290420679171, ""mean_gap"": 0.008379769092522395, ""mean_isi_pred"": 19.375, ""mean_isi_true"": 19.73, ""nrmse"": 0.37520059092186664, ""nrmse_x"": 0.46730206946081054, ""penalty"": 0.0, ""score"": 0.3598127380373083, ""spike_count_pred"": 3, ""spike_count_true"": 3, ""spike_frequency_pred"": 0.0375, ""spike_frequency_rel_error"": 0.0, ""spike_frequency_true"": 0.0375, ""spike_frequency_units"": ""inverse_time_unit"", ""stable"": true, ""start_in_validation_block"": 8000, ""std_ratio"": 0.9876718836098052, ""window_index"": 1}, {""end_in_validation_block"": 24000, ""inter_spike_interval_units"": ""time_unit"", ""isi_rel_error"": 0.17487834549878345, ""mean_gap"": 0.03181633251451968, ""mean_isi_pred"": 19.315, ""mean_isi_true"": 16.44, ""nrmse"": 0.9590008390941324, ""nrmse_x"": 1.2425573776897982, ""penalty"": 0.0, ""score"": 1.010595940252314, ""spike_count_pred"": 3, ""spike_count_true"": 3, ""spike_frequency_pred"": 0.0375, ""spike_frequency_rel_error"": 0.0, ""spike_frequency_true"": 0.0375, ""spike_frequency_units"": ""inverse_time_unit"", ""stable"": true, ""start_in_validation_block"": 16000, ""std_ratio"": 0.9850871708428457, ""window_index"": 2}]",58,8000,time_unit,1.0,0.0027968345406517926,12.1,0.0,0.11988552161184787,0.21214263533001657,0.0,1.6466498298344712,2,1,0.025,1.0,0.0125,inverse_time_unit,True,0,1.0102331090912555,16000,time_unit,0.01799290420679171,0.008379769092522395,19.375,19.73,0.37520059092186664,0.46730206946081054,0.0,0.3598127380373083,3,3,0.0375,0.0,0.0375,inverse_time_unit,True,8000,0.9876718836098052,24000,time_unit,0.17487834549878345,0.03181633251451968,19.315,16.44,0.9590008390941324,1.2425573776897982,0.0,1.010595940252314,3,3,0.0375,0.0,0.0375,inverse_time_unit,True,16000,0.9850871708428457
800,0.0030737167568877,1,[42],0.5995793407402386,28,0.3564789616838534,gp,42,0.02,ok,ok,8.485470140773704e-05,42,13.322593227267957,mean,1.2,True,True,mean_plus_max,0.0,time_unit,0.6666666666666666,5.21308370289399,0.0,12.056666666666667,3.200123059656389,5.34276251722741,3,5.546417036227321,13.322593227267957,13.322593227267957,13.322593227267957,13.322593227267957,0.0,0.0,2.3333333333333335,0.0,1.0,0.029166666666666664,inverse_time_unit,0.36623496856661913,8000,"[{""end_in_validation_block"": 8000, ""inter_spike_interval_units"": ""time_unit"", ""isi_rel_error"": 0.0, ""mean_gap"": 5.7973036603113055, ""mean_isi_pred"": 0.0, ""mean_isi_true"": 0.0, ""nrmse"": 2.9120667089724326, ""nrmse_x"": 5.985182719487451, ""penalty"": 5.7973036603113055, ""score"": 10.817170833272513, ""spike_count_pred"": 0, ""spike_count_true"": 1, ""spike_frequency_pred"": 0.0, ""spike_frequency_rel_error"": 1.0, ""spike_frequency_true"": 0.0125, ""spike_frequency_units"": ""inverse_time_unit"", ""stable"": true, ""start_in_validation_block"": 0, ""std_ratio"": 1.0987049056998557, ""window_index"": 0}, {""end_in_validation_block"": 16000, ""inter_spike_interval_units"": ""time_unit"", ""isi_rel_error"": 1.0, ""mean_gap"": 4.90839631241261, ""mean_isi_pred"": 0.0, ""mean_isi_true"": 19.73, ""nrmse"": 3.5132856327906548, ""nrmse_x"": 5.009226922360947, ""penalty"": 5.408396312412606, ""score"": 10.54179252790879, ""spike_count_pred"": 0, ""spike_count_true"": 3, ""spike_frequency_pred"": 0.0, ""spike_frequency_rel_error"": 1.0, ""spike_frequency_true"": 0.0375, ""spike_frequency_units"": ""inverse_time_unit"", ""stable"": true, ""start_in_validation_block"": 8000, ""std_ratio"": 8.70464586298417e-16, ""window_index"": 1}, {""end_in_validation_block"": 24000, ""inter_spike_interval_units"": ""time_unit"", ""isi_rel_error"": 1.0, ""mean_gap"": 4.933551135958056, ""mean_isi_pred"": 0.0, ""mean_isi_true"": 16.44, ""nrmse"": 3.1750168372060803, ""nrmse_x"": 5.033877909833833, ""penalty"": 5.4335511359580515, ""score"": 10.49593819566818, ""spike_count_pred"": 0, ""spike_count_true"": 3, ""spike_frequency_pred"": 0.0, ""spike_frequency_rel_error"": 1.0, ""spike_frequency_true"": 0.0375, ""spike_frequency_units"": ""inverse_time_unit"", ""stable"": true, ""start_in_validation_block"": 16000, ""std_ratio"": 8.567029599072301e-16, ""window_index"": 2}]",50,8000,time_unit,0.0,5.7973036603113055,0.0,0.0,2.9120667089724326,5.985182719487451,5.7973036603113055,10.817170833272513,0,1,0.0,1.0,0.0125,inverse_time_unit,True,0,1.0987049056998557,16000,time_unit,1.0,4.90839631241261,0.0,19.73,3.5132856327906548,5.009226922360947,5.408396312412606,10.54179252790879,0,3,0.0,1.0,0.0375,inverse_time_unit,True,8000,8.70464586298417e-16,24000,time_unit,1.0,4.933551135958056,0.0,16.44,3.1750168372060803,5.033877909833833,5.4335511359580515,10.49593819566818,0,3,0.0,1.0,0.0375,inverse_time_unit,True,16000,8.567029599072301e-16
250,0.0030737167568877,1,[42],0.5899730403225788,29,0.8,gp,42,0.2,ok,ok,0.001,42,3.577008297939796,mean,1.2,True,True,mean_plus_max,0.0,time_unit,0.6666666666666666,0.7439501399187622,0.0,12.056666666666667,1.6165871588089649,1.2724888384210593,3,0.33328252450903834,3.577008297939796,3.577008297939796,3.577008297939796,3.577008297939796,0.0,0.0,2.3333333333333335,0.0,1.0,0.029166666666666664,inverse_time_unit,0.06752226693474357,8000,"[{""end_in_validation_block"": 8000, ""inter_spike_interval_units"": ""time_unit"", ""isi_rel_error"": 0.0, ""mean_gap"": 0.5100474327896369, ""mean_isi_pred"": 0.0, ""mean_isi_true"": 0.0, ""nrmse"": 1.0237384795245137, ""nrmse_x"": 1.1775417834085207, ""penalty"": 0.0, ""score"": 1.903582600755815, ""spike_count_pred"": 0, ""spike_count_true"": 1, ""spike_frequency_pred"": 0.0, ""spike_frequency_rel_error"": 1.0, ""spike_frequency_true"": 0.0125, ""spike_frequency_units"": ""inverse_time_unit"", ""stable"": true, ""start_in_validation_block"": 0, ""std_ratio"": 0.20253631550965373, ""window_index"": 0}, {""end_in_validation_block"": 16000, ""inter_spike_interval_units"": ""time_unit"", ""isi_rel_error"": 1.0, ""mean_gap"": 0.8159740648624354, ""mean_isi_pred"": 0.0, ""mean_isi_true"": 19.73, ""nrmse"": 2.0631950724516153, ""nrmse_x"": 1.2906560276579329, ""penalty"": 0.49984757372963545, ""score"": 3.2255071570544023, ""spike_count_pred"": 0, ""spike_count_true"": 3, ""spike_frequency_pred"": 0.0, ""spike_frequency_rel_error"": 1.0, ""spike_frequency_true"": 0.0375, ""spike_frequency_units"": ""inverse_time_unit"", ""stable"": true, ""start_in_validation_block"": 8000, ""std_ratio"": 3.048525407290589e-05, ""window_index"": 1}, {""end_in_validation_block"": 24000, ""inter_spike_interval_units"": ""time_unit"", ""isi_rel_error"": 1.0, ""mean_gap"": 0.9058289221042143, ""mean_isi_pred"": 0.0, ""mean_isi_true"": 16.44, ""nrmse"": 1.7628279244507656, ""nrmse_x"": 1.3492687041967244, ""penalty"": 0.4999999997974796, ""score"": 3.1828047682183698, ""spike_count_pred"": 0, ""spike_count_true"": 3, ""spike_frequency_pred"": 0.0, ""spike_frequency_rel_error"": 1.0, ""spike_frequency_true"": 0.0375, ""spike_frequency_units"": ""inverse_time_unit"", ""stable"": true, ""start_in_validation_block"": 16000, ""std_ratio"": 4.0504087508941086e-11, ""window_index"": 2}]",50,8000,time_unit,0.0,0.5100474327896369,0.0,0.0,1.0237384795245137,1.1775417834085207,0.0,1.903582600755815,0,1,0.0,1.0,0.0125,inverse_time_unit,True,0,0.20253631550965373,16000,time_unit,1.0,0.8159740648624354,0.0,19.73,2.0631950724516153,1.2906560276579329,0.49984757372963545,3.2255071570544023,0,3,0.0,1.0,0.0375,inverse_time_unit,True,8000,3.048525407290589e-05,24000,time_unit,1.0,0.9058289221042143,0.0,16.44,1.7628279244507656,1.3492687041967244,0.4999999997974796,3.1828047682183698,0,3,0.0,1.0,0.0375,inverse_time_unit,True,16000,4.0504087508941086e-11
800,0.0030737167568877,1,[42],0.05,30,0.38687423477801075,gp,42,0.2,ok,ok,0.001,42,2.6686928169551303,mean,1.2,True,True,mean_plus_max,0.0,time_unit,0.9990554768367281,0.10455175620916347,28.986666666666668,12.056666666666667,1.2792744605006676,1.4047607464919754,3,0.0,2.6686928169551303,2.6686928169551303,2.6686928169551303,2.6686928169551303,0.0,2.3333333333333335,2.3333333333333335,0.029166666666666664,0.4444444444444444,0.029166666666666664,inverse_time_unit,1.017197939999756,8000,"[{""end_in_validation_block"": 8000, ""inter_spike_interval_units"": ""time_unit"", ""isi_rel_error"": 1.0, ""mean_gap"": 0.18752035130237904, ""mean_isi_pred"": 14.83, ""mean_isi_true"": 0.0, ""nrmse"": 1.0000007905404003, ""nrmse_x"": 1.4166077017294054, ""penalty"": 0.0, ""score"": 2.529134433586273, ""spike_count_pred"": 2, ""spike_count_true"": 1, ""spike_frequency_pred"": 0.025, ""spike_frequency_rel_error"": 1.0, ""spike_frequency_true"": 0.0125, ""spike_frequency_units"": ""inverse_time_unit"", ""stable"": true, ""start_in_validation_block"": 0, ""std_ratio"": 1.1734845862771301, ""window_index"": 0}, {""end_in_validation_block"": 16000, ""inter_spike_interval_units"": ""time_unit"", ""isi_rel_error"": 0.9503294475418147, ""mean_gap"": 0.08014443051811228, ""mean_isi_pred"": 38.480000000000004, ""mean_isi_true"": 19.73, ""nrmse"": 1.169568221867226, ""nrmse_x"": 1.1583538341086297, ""penalty"": 0.0, ""score"": 1.7379847213307935, ""spike_count_pred"": 2, ""spike_count_true"": 3, ""spike_frequency_pred"": 0.025, ""spike_frequency_rel_error"": 0.33333333333333326, ""spike_frequency_true"": 0.0375, ""spike_frequency_units"": ""inverse_time_unit"", ""stable"": true, ""start_in_validation_block"": 8000, ""std_ratio"": 0.8057402545576676, ""window_index"": 1}, {""end_in_validation_block"": 24000, ""inter_spike_interval_units"": ""time_unit"", ""isi_rel_error"": 1.0468369829683697, ""mean_gap"": 0.045990486806999124, ""mean_isi_pred"": 33.65, ""mean_isi_true"": 16.44, ""nrmse"": 1.668254369094377, ""nrmse_x"": 1.639320703637891, ""penalty"": 0.0, ""score"": 1.8421084707586193, ""spike_count_pred"": 3, ""spike_count_true"": 3, ""spike_frequency_pred"": 0.0375, ""spike_frequency_rel_error"": 0.0, ""spike_frequency_true"": 0.0375, ""spike_frequency_units"": ""inverse_time_unit"", ""stable"": true, ""start_in_validation_block"": 16000, ""std_ratio"": 1.0723689791644704, ""window_index"": 2}]",500,8000,time_unit,1.0,0.18752035130237904,14.83,0.0,1.0000007905404003,1.4166077017294054,0.0,2.529134433586273,2,1,0.025,1.0,0.0125,inverse_time_unit,True,0,1.1734845862771301,16000,time_unit,0.9503294475418147,0.08014443051811228,38.480000000000004,19.73,1.169568221867226,1.1583538341086297,0.0,1.7379847213307935,2,3,0.025,0.33333333333333326,0.0375,inverse_time_unit,True,8000,0.8057402545576676,24000,time_unit,1.0468369829683697,0.045990486806999124,33.65,16.44,1.668254369094377,1.639320703637891,0.0,1.8421084707586193,3,3,0.0375,0.0,0.0375,inverse_time_unit,True,16000,1.0723689791644704
527,0.09736641581014757,1,[42],0.6648635602734236,1,0.6430733485723287,dummy,142,0.08777908727828682,ok,ok,2.2515295259166658e-07,42,0.09736641581014757,mean,0.5801427704035438,True,True,mean_plus_max,0.0,time_unit,0.002230178373163416,0.0022183997878551555,12.015,12.056666666666667,0.07122998142866913,0.09807909150505456,3,0.0,0.09736641581014757,0.09736641581014757,0.09736641581014757,0.09736641581014757,0.0,2.3333333333333335,2.3333333333333335,0.029166666666666664,0.0,0.029166666666666664,inverse_time_unit,0.9988125584669718,8000,"[{""end_in_validation_block"": 8000, ""inter_spike_interval_units"": ""time_unit"", ""isi_rel_error"": 0.0, ""mean_gap"": 0.0029413106237400604, ""mean_isi_pred"": 0.0, ""mean_isi_true"": 0.0, ""nrmse"": 0.031767231515204955, ""nrmse_x"": 0.0565802600959806, ""penalty"": 0.0, ""score"": 0.039060950931590566, ""spike_count_pred"": 1, ""spike_count_true"": 1, ""spike_frequency_pred"": 0.0125, ""spike_frequency_rel_error"": 0.0, ""spike_frequency_true"": 0.0125, ""spike_frequency_units"": ""inverse_time_unit"", ""stable"": true, ""start_in_validation_block"": 0, ""std_ratio"": 0.996091029502288, ""window_index"": 0}, {""end_in_validation_block"": 16000, ""inter_spike_interval_units"": ""time_unit"", ""isi_rel_error"": 0.004561581348200702, ""mean_gap"": 0.0023815140919809167, ""mean_isi_pred"": 19.64, ""mean_isi_true"": 19.73, ""nrmse"": 0.0850061822487276, ""nrmse_x"": 0.10546117034952707, ""penalty"": 0.0, ""score"": 0.08153597992852214, ""spike_count_pred"": 3, ""spike_count_true"": 3, ""spike_frequency_pred"": 0.0375, ""spike_frequency_rel_error"": 0.0, ""spike_frequency_true"": 0.0375, ""spike_frequency_units"": ""inverse_time_unit"", ""stable"": true, ""start_in_validation_block"": 8000, ""std_ratio"": 1.001223306673003, ""window_index"": 1}, {""end_in_validation_block"": 24000, ""inter_spike_interval_units"": ""time_unit"", ""isi_rel_error"": 0.0021289537712895464, ""mean_gap"": 0.001332374647844489, ""mean_isi_pred"": 16.405, ""mean_isi_true"": 16.44, ""nrmse"": 0.09691653052207483, ""nrmse_x"": 0.13219584406965604, ""penalty"": 0.0, ""score"": 0.0980013237544743, ""spike_count_pred"": 3, ""spike_count_true"": 3, ""spike_frequency_pred"": 0.0375, ""spike_frequency_rel_error"": 0.0, ""spike_frequency_true"": 0.0375, ""spike_frequency_units"": ""inverse_time_unit"", ""stable"": true, ""start_in_validation_block"": 16000, ""std_ratio"": 0.9991233392256246, ""window_index"": 2}]",446,8000,time_unit,0.0,0.0029413106237400604,0.0,0.0,0.031767231515204955,0.0565802600959806,0.0,0.039060950931590566,1,1,0.0125,0.0,0.0125,inverse_time_unit,True,0,0.996091029502288,16000,time_unit,0.004561581348200702,0.0023815140919809167,19.64,19.73,0.0850061822487276,0.10546117034952707,0.0,0.08153597992852214,3,3,0.0375,0.0,0.0375,inverse_time_unit,True,8000,1.001223306673003,24000,time_unit,0.0021289537712895464,0.001332374647844489,16.405,16.44,0.09691653052207483,0.13219584406965604,0.0,0.0980013237544743,3,3,0.0375,0.0,0.0375,inverse_time_unit,True,16000,0.9991233392256246
389,0.07657104586680112,1,[42],0.7072781584877896,2,0.5677032519023893,dummy,142,0.06854709996142938,ok,ok,1.2245012238828303e-07,42,0.07657104586680112,mean,0.7192786460347291,True,True,mean_plus_max,0.0,time_unit,0.0029736396749467445,0.001717481539110062,12.003333333333336,12.056666666666667,0.05686283590578726,0.07842799716538501,3,0.0,0.07657104586680112,0.07657104586680112,0.07657104586680112,0.07657104586680112,0.0,2.3333333333333335,2.3333333333333335,0.029166666666666664,0.0,0.029166666666666664,inverse_time_unit,0.9990722249954395,8000,"[{""end_in_validation_block"": 8000, ""inter_spike_interval_units"": ""time_unit"", ""isi_rel_error"": 0.0, ""mean_gap"": 0.002542986829286512, ""mean_isi_pred"": 0.0, ""mean_isi_true"": 0.0, ""nrmse"": 0.028621140691899825, ""nrmse_x"": 0.051014330933230136, ""penalty"": 0.0, ""score"": 0.03521316718625153, ""spike_count_pred"": 1, ""spike_count_true"": 1, ""spike_frequency_pred"": 0.0125, ""spike_frequency_rel_error"": 0.0, ""spike_frequency_true"": 0.0125, ""spike_frequency_units"": ""inverse_time_unit"", ""stable"": true, ""start_in_validation_block"": 0, ""std_ratio"": 0.9964517800329742, ""window_index"": 0}, {""end_in_validation_block"": 16000, ""inter_spike_interval_units"": ""time_unit"", ""isi_rel_error"": 0.004054738976178322, ""mean_gap"": 0.0021078978913191314, ""mean_isi_pred"": 19.650000000000002, ""mean_isi_true"": 19.73, ""nrmse"": 0.07331076942972434, ""nrmse_x"": 0.09093286960944968, ""penalty"": 0.0, ""score"": 0.07036814013071759, ""spike_count_pred"": 3, ""spike_count_true"": 3, ""spike_frequency_pred"": 0.0375, ""spike_frequency_rel_error"": 0.0, ""spike_frequency_true"": 0.0375, ""spike_frequency_units"": ""inverse_time_unit"", ""stable"": true, ""start_in_validation_block"": 8000, ""std_ratio"": 1.00112360450169, ""window_index"": 1}, {""end_in_validation_block"": 24000, ""inter_spike_interval_units"": ""time_unit"", ""isi_rel_error"": 0.0048661800486619125, ""mean_gap"": 0.0005015598967245418, ""mean_isi_pred"": 16.36, ""mean_isi_true"": 16.44, ""nrmse"": 0.0686565975957376, ""nrmse_x"": 0.09333679095347522, ""penalty"": 0.0, ""score"": 0.07093247444767672, ""spike_count_pred"": 3, ""spike_count_true"": 3, ""spike_frequency_pred"": 0.0375, ""spike_frequency_rel_error"": 0.0, ""spike_frequency_true"": 0.0375, ""spike_frequency_units"": ""inverse_time_unit"", ""stable"": true, ""start_in_validation_block"": 16000, ""std_ratio"": 0.9996412904516542, ""window_index"": 2}]",455,8000,time_unit,0.0,0.002542986829286512,0.0,0.0,0.028621140691899825,0.051014330933230136,0.0,0.03521316718625153,1,1,0.0125,0.0,0.0125,inverse_time_unit,True,0,0.9964517800329742,16000,time_unit,0.004054738976178322,0.0021078978913191314,19.650000000000002,19.73,0.07331076942972434,0.09093286960944968,0.0,0.07036814013071759,3,3,0.0375,0.0,0.0375,inverse_time_unit,True,8000,1.00112360450169,24000,time_unit,0.0048661800486619125,0.0005015598967245418,16.36,16.44,0.0686565975957376,0.09333679095347522,0.0,0.07093247444767672,3,3,0.0375,0.0,0.0375,inverse_time_unit,True,16000,0.9996412904516542
561,0.07657104586680112,1,[42],0.20292064312199765,3,0.5295955554728332,dummy,142,0.17494831040392728,ok,ok,4.197015756796596e-06,42,3.3664316078305667,mean,1.069686512806277,True,True,mean_plus_max,0.0,time_unit,0.7384693360364927,0.3845358225745958,12.306666666666667,12.056666666666667,0.8933872100637509,0.9729643279266043,3,0.44806192485234414,3.3664316078305667,3.3664316078305667,3.3664316078305667,3.3664316078305667,0.0,1.3333333333333333,2.3333333333333335,0.016666666666666666,0.7777777777777777,0.029166666666666664,inverse_time_unit,0.7029031626020447,8000,"[{""end_in_validation_block"": 8000, ""inter_spike_interval_units"": ""time_unit"", ""isi_rel_error"": 1.0, ""mean_gap"": 0.0822730036048932, ""mean_isi_pred"": 12.94, ""mean_isi_true"": 0.0, ""nrmse"": 0.4807034928455532, ""nrmse_x"": 0.8433334640445513, ""penalty"": 0.0, ""score"": 2.0840092784358917, ""spike_count_pred"": 2, ""spike_count_true"": 1, ""spike_frequency_pred"": 0.025, ""spike_frequency_rel_error"": 1.0, ""spike_frequency_true"": 0.0125, ""spike_frequency_units"": ""inverse_time_unit"", ""stable"": true, ""start_in_validation_block"": 0, ""std_ratio"": 1.1861924337098988, ""window_index"": 0}, {""end_in_validation_block"": 16000, ""inter_spike_interval_units"": ""time_unit"", ""isi_rel_error"": 0.21540800810947794, ""mean_gap"": 0.062944446263681, ""mean_isi_pred"": 23.98, ""mean_isi_true"": 19.73, ""nrmse"": 0.4995572305299476, ""nrmse_x"": 0.6530882179797294, ""penalty"": 0.0, ""score"": 0.9251251649094103, ""spike_count_pred"": 2, ""spike_count_true"": 3, ""spike_frequency_pred"": 0.025, ""spike_frequency_rel_error"": 0.33333333333333326, ""spike_frequency_true"": 0.0375, ""spike_frequency_units"": ""inverse_time_unit"", ""stable"": true, ""start_in_validation_block"": 8000, ""std_ratio"": 0.8896762054365991, ""window_index"": 1}, {""end_in_validation_block"": 24000, ""inter_spike_interval_units"": ""time_unit"", ""isi_rel_error"": 1.0, ""mean_gap"": 1.008390017855213, ""mean_isi_pred"": 0.0, ""mean_isi_true"": 16.44, ""nrmse"": 1.6999009068157518, ""nrmse_x"": 1.422471301755532, ""penalty"": 1.3441857745570325, ""score"": 4.051520217226513, ""spike_count_pred"": 0, ""spike_count_true"": 3, ""spike_frequency_pred"": 0.0, ""spike_frequency_rel_error"": 1.0, ""spike_frequency_true"": 0.0375, ""spike_frequency_units"": ""inverse_time_unit"", ""stable"": true, ""start_in_validation_block"": 16000, ""std_ratio"": 0.0328408486596361, ""window_index"": 2}]",165,8000,time_unit,1.0,0.0822730036048932,12.94,0.0,0.4807034928455532,0.8433334640445513,0.0,2.0840092784358917,2,1,0.025,1.0,0.0125,inverse_time_unit,True,0,1.1861924337098988,16000,time_unit,0.21540800810947794,0.062944446263681,23.98,19.73,0.4995572305299476,0.6530882179797294,0.0,0.9251251649094103,2,3,0.025,0.33333333333333326,0.0375,inverse_time_unit,True,8000,0.8896762054365991,24000,time_unit,1.0,1.008390017855213,0.0,16.44,1.6999009068157518,1.422471301755532,1.3441857745570325,4.051520217226513,0,3,0.0,1.0,0.0375,inverse_time_unit,True,16000,0.0328408486596361
721,0.07657104586680112,1,[42],0.6451496427836827,4,0.12326758066520005,dummy,142,0.13961254353623992,ok,ok,5.560197308321362e-07,42,3.0642179811347683,mean,0.9631666566573209,True,True,mean_plus_max,0.0,time_unit,0.6666666666666666,0.24289523000637106,0.0,12.056666666666667,1.8326065801588427,1.10426806153521,3,0.0,3.0642179811347683,3.0642179811347683,3.0642179811347683,3.0642179811347683,0.0,0.0,2.3333333333333335,0.0,1.0,0.029166666666666664,inverse_time_unit,0.44098958300188723,8000,"[{""end_in_validation_block"": 8000, ""inter_spike_interval_units"": ""time_unit"", ""isi_rel_error"": 0.0, ""mean_gap"": 0.02641440544724058, ""mean_isi_pred"": 0.0, ""mean_isi_true"": 0.0, ""nrmse"": 1.5202648630970743, ""nrmse_x"": 1.1400999534961955, ""penalty"": 0.0, ""score"": 2.007121190197176, ""spike_count_pred"": 0, ""spike_count_true"": 1, ""spike_frequency_pred"": 0.0, ""spike_frequency_rel_error"": 1.0, ""spike_frequency_true"": 0.0125, ""spike_frequency_units"": ""inverse_time_unit"", ""stable"": true, ""start_in_validation_block"": 0, ""std_ratio"": 0.6104559352864296, ""window_index"": 0}, {""end_in_validation_block"": 16000, ""inter_spike_interval_units"": ""time_unit"", ""isi_rel_error"": 1.0, ""mean_gap"": 0.3026823898172495, ""mean_isi_pred"": 0.0, ""mean_isi_true"": 19.73, ""nrmse"": 2.2642847575855383, ""nrmse_x"": 1.082674702314639, ""penalty"": 0.0, ""score"": 2.661542275669436, ""spike_count_pred"": 0, ""spike_count_true"": 3, ""spike_frequency_pred"": 0.0, ""spike_frequency_rel_error"": 1.0, ""spike_frequency_true"": 0.0375, ""spike_frequency_units"": ""inverse_time_unit"", ""stable"": true, ""start_in_validation_block"": 8000, ""std_ratio"": 0.358397091892389, ""window_index"": 1}, {""end_in_validation_block"": 24000, ""inter_spike_interval_units"": ""time_unit"", ""isi_rel_error"": 1.0, ""mean_gap"": 0.39958889475462306, ""mean_isi_pred"": 0.0, ""mean_isi_true"": 16.44, ""nrmse"": 1.7132701197939153, ""nrmse_x"": 1.0900295287947959, ""penalty"": 0.0, ""score"": 2.5278337707856164, ""spike_count_pred"": 0, ""spike_count_true"": 3, ""spike_frequency_pred"": 0.0, ""spike_frequency_rel_error"": 1.0, ""spike_frequency_true"": 0.0375, ""spike_frequency_units"": ""inverse_time_unit"", ""stable"": true, ""start_in_validation_block"": 16000, ""std_ratio"": 0.354115721826843, ""window_index"": 2}]",410,8000,time_unit,0.0,0.02641440544724058,0.0,0.0,1.5202648630970743,1.1400999534961955,0.0,2.007121190197176,0,1,0.0,1.0,0.0125,inverse_time_unit,True,0,0.6104559352864296,16000,time_unit,1.0,0.3026823898172495,0.0,19.73,2.2642847575855383,1.082674702314639,0.0,2.661542275669436,0,3,0.0,1.0,0.0375,inverse_time_unit,True,8000,0.358397091892389,24000,time_unit,1.0,0.39958889475462306,0.0,16.44,1.7132701197939153,1.0900295287947959,0.0,2.5278337707856164,0,3,0.0,1.0,0.0375,inverse_time_unit,True,16000,0.354115721826843
414,0.07657104586680112,1,[42],0.5012273196470344,5,0.7678752311721836,dummy,142,0.11953462814269088,ok,ok,6.87340313469286e-07,42,2.0016913336274023,mean,1.0986872427043834,True,True,mean_plus_max,0.0,time_unit,0.43216759587768205,0.18258516802286598,8.526666666666667,12.056666666666667,1.1413750407209828,1.0333772752464512,3,0.0,2.0016913336274023,2.0016913336274023,2.0016913336274023,2.0016913336274023,0.0,1.3333333333333333,2.3333333333333335,0.016666666666666666,0.3333333333333333,0.029166666666666664,inverse_time_unit,0.8990628778952224,8000,"[{""end_in_validation_block"": 8000, ""inter_spike_interval_units"": ""time_unit"", ""isi_rel_error"": 0.0, ""mean_gap"": 0.06441303891035982, ""mean_isi_pred"": 0.0, ""mean_isi_true"": 0.0, ""nrmse"": 0.3491190979145764, ""nrmse_x"": 0.42447534277830273, ""penalty"": 0.0, ""score"": 0.32074121300671066, ""spike_count_pred"": 1, ""spike_count_true"": 1, ""spike_frequency_pred"": 0.0125, ""spike_frequency_rel_error"": 0.0, ""spike_frequency_true"": 0.0125, ""spike_frequency_units"": ""inverse_time_unit"", ""stable"": true, ""start_in_validation_block"": 0, ""std_ratio"": 0.9431678570486773, ""window_index"": 0}, {""end_in_validation_block"": 16000, ""inter_spike_interval_units"": ""time_unit"", ""isi_rel_error"": 0.29650278763304616, ""mean_gap"": 0.15677612569782337, ""mean_isi_pred"": 25.580000000000002, ""mean_isi_true"": 19.73, ""nrmse"": 1.1871240798807852, ""nrmse_x"": 1.3017390095080097, ""penalty"": 0.0, ""score"": 1.494322202349458, ""spike_count_pred"": 2, ""spike_count_true"": 3, ""spike_frequency_pred"": 0.025, ""spike_frequency_rel_error"": 0.33333333333333326, ""spike_frequency_true"": 0.0375, ""spike_frequency_units"": ""inverse_time_unit"", ""stable"": true, ""start_in_validation_block"": 8000, ""std_ratio"": 0.91650151247746, ""window_index"": 1}, {""end_in_validation_block"": 24000, ""inter_spike_interval_units"": ""time_unit"", ""isi_rel_error"": 1.0, ""mean_gap"": 0.32656633946041475, ""mean_isi_pred"": 0.0, ""mean_isi_true"": 16.44, ""nrmse"": 1.8878819443675865, ""nrmse_x"": 1.3739174734530413, ""penalty"": 0.0, ""score"": 2.394291763157736, ""spike_count_pred"": 1, ""spike_count_true"": 3, ""spike_frequency_pred"": 0.0125, ""spike_frequency_rel_error"": 0.6666666666666666, ""spike_frequency_true"": 0.0375, ""spike_frequency_units"": ""inverse_time_unit"", ""stable"": true, ""start_in_validation_block"": 16000, ""std_ratio"": 0.8375192641595299, ""window_index"": 2}]",191,8000,time_unit,0.0,0.06441303891035982,0.0,0.0,0.3491190979145764,0.42447534277830273,0.0,0.32074121300671066,1,1,0.0125,0.0,0.0125,inverse_time_unit,True,0,0.9431678570486773,16000,time_unit,0.29650278763304616,0.15677612569782337,25.580000000000002,19.73,1.1871240798807852,1.3017390095080097,0.0,1.494322202349458,2,3,0.025,0.33333333333333326,0.0375,inverse_time_unit,True,8000,0.91650151247746,24000,time_unit,1.0,0.32656633946041475,0.0,16.44,1.8878819443675865,1.3739174734530413,0.0,2.394291763157736,1,3,0.0125,0.6666666666666666,0.0375,inverse_time_unit,True,16000,0.8375192641595299
685,0.07657104586680112,1,[42],0.21734321720496824,6,0.5049538155526996,dummy,142,0.11695373413608652,ok,ok,2.0057883303148403e-05,42,3.262677730068881,mean,1.0215799122831402,True,True,mean_plus_max,0.0,time_unit,0.6666666666666666,0.11970958322954196,0.0,12.056666666666667,1.2590576329903018,1.0105882229434295,3,0.33333333333331794,3.262677730068881,3.262677730068881,3.262677730068881,3.262677730068881,0.0,0.0,2.3333333333333335,0.0,1.0,0.029166666666666664,inverse_time_unit,0.11094604611374474,8000,"[{""end_in_validation_block"": 8000, ""inter_spike_interval_units"": ""time_unit"", ""isi_rel_error"": 0.0, ""mean_gap"": 0.25532017217113284, ""mean_isi_pred"": 0.0, ""mean_isi_true"": 0.0, ""nrmse"": 1.0364432270286867, ""nrmse_x"": 1.0288546400167886, ""penalty"": 0.0, ""score"": 1.8249808587664056, ""spike_count_pred"": 0, ""spike_count_true"": 1, ""spike_frequency_pred"": 0.0, ""spike_frequency_rel_error"": 1.0, ""spike_frequency_true"": 0.0125, ""spike_frequency_units"": ""inverse_time_unit"", ""stable"": true, ""start_in_validation_block"": 0, ""std_ratio"": 0.332838138341225, ""window_index"": 0}, {""end_in_validation_block"": 16000, ""inter_spike_interval_units"": ""time_unit"", ""isi_rel_error"": 1.0, ""mean_gap"": 0.06669205766125062, ""mean_isi_pred"": 0.0, ""mean_isi_true"": 19.73, ""nrmse"": 1.4018829352754147, ""nrmse_x"": 1.0022214478622438, ""penalty"": 0.499999999999983, ""score"": 2.901692530143071, ""spike_count_pred"": 0, ""spike_count_true"": 3, ""spike_frequency_pred"": 0.0, ""spike_frequency_rel_error"": 1.0, ""spike_frequency_true"": 0.0375, ""spike_frequency_units"": ""inverse_time_unit"", ""stable"": true, ""start_in_validation_block"": 8000, ""std_ratio"": 3.398517219039462e-15, ""window_index"": 1}, {""end_in_validation_block"": 24000, ""inter_spike_interval_units"": ""time_unit"", ""isi_rel_error"": 1.0, ""mean_gap"": 0.03711651985624243, ""mean_isi_pred"": 0.0, ""mean_isi_true"": 16.44, ""nrmse"": 1.3388467366668038, ""nrmse_x"": 1.0006885809512565, ""penalty"": 0.4999999999999708, ""score"": 2.885090403689863, ""spike_count_pred"": 0, ""spike_count_true"": 3, ""spike_frequency_pred"": 0.0, ""spike_frequency_rel_error"": 1.0, ""spike_frequency_true"": 0.0375, ""spike_frequency_units"": ""inverse_time_unit"", ""stable"": true, ""start_in_validation_block"": 16000, ""std_ratio"": 5.84440313933458e-15, ""window_index"": 2}]",478,8000,time_unit,0.0,0.25532017217113284,0.0,0.0,1.0364432270286867,1.0288546400167886,0.0,1.8249808587664056,0,1,0.0,1.0,0.0125,inverse_time_unit,True,0,0.332838138341225,16000,time_unit,1.0,0.06669205766125062,0.0,19.73,1.4018829352754147,1.0022214478622438,0.499999999999983,2.901692530143071,0,3,0.0,1.0,0.0375,inverse_time_unit,True,8000,3.398517219039462e-15,24000,time_unit,1.0,0.03711651985624243,0.0,16.44,1.3388467366668038,1.0006885809512565,0.4999999999999708,2.885090403689863,0,3,0.0,1.0,0.0375,inverse_time_unit,True,16000,5.84440313933458e-15
774,0.02804121443670707,1,[42],0.4289203827139941,7,0.7322155563292653,dummy,142,0.06253523613507123,ok,ok,9.627426724455009e-09,42,0.02804121443670707,mean,0.7608018391653841,True,True,mean_plus_max,0.0,time_unit,0.0011151148781050684,0.0006269700778909398,12.036666666666667,12.056666666666667,0.020010459616522508,0.027402904304347168,3,0.0,0.02804121443670707,0.02804121443670707,0.02804121443670707,0.02804121443670707,0.0,2.3333333333333335,2.3333333333333335,0.029166666666666664,0.0,0.029166666666666664,inverse_time_unit,0.9996657982793312,8000,"[{""end_in_validation_block"": 8000, ""inter_spike_interval_units"": ""time_unit"", ""isi_rel_error"": 0.0, ""mean_gap"": 0.0009235770507888377, ""mean_isi_pred"": 0.0, ""mean_isi_true"": 0.0, ""nrmse"": 0.010446830747008801, ""nrmse_x"": 0.01859982117050119, ""penalty"": 0.0, ""score"": 0.012841609330527854, ""spike_count_pred"": 1, ""spike_count_true"": 1, ""spike_frequency_pred"": 0.0125, ""spike_frequency_rel_error"": 0.0, ""spike_frequency_true"": 0.0125, ""spike_frequency_units"": ""inverse_time_unit"", ""stable"": true, ""start_in_validation_block"": 0, ""std_ratio"": 0.9987918350505051, ""window_index"": 0}, {""end_in_validation_block"": 16000, ""inter_spike_interval_units"": ""time_unit"", ""isi_rel_error"": 0.0015205271160669608, ""mean_gap"": 0.0007315456485066995, ""mean_isi_pred"": 19.7, ""mean_isi_true"": 19.73, ""nrmse"": 0.030962973237759015, ""nrmse_x"": 0.038430494612833876, ""penalty"": 0.0, ""score"": 0.029637778904531866, ""spike_count_pred"": 3, ""spike_count_true"": 3, ""spike_frequency_pred"": 0.0375, ""spike_frequency_rel_error"": 0.0, ""spike_frequency_true"": 0.0375, ""spike_frequency_units"": ""inverse_time_unit"", ""stable"": true, ""start_in_validation_block"": 8000, ""std_ratio"": 1.000372774092219, ""window_index"": 1}, {""end_in_validation_block"": 24000, ""inter_spike_interval_units"": ""time_unit"", ""isi_rel_error"": 0.0018248175182482443, ""mean_gap"": 0.000225787534377282, ""mean_isi_pred"": 16.41, ""mean_isi_true"": 16.44, ""nrmse"": 0.01862157486479971, ""nrmse_x"": 0.02517839712970644, ""penalty"": 0.0, ""score"": 0.01941592089666259, ""spike_count_pred"": 3, ""spike_count_true"": 3, ""spike_frequency_pred"": 0.0375, ""spike_frequency_rel_error"": 0.0, ""spike_frequency_true"": 0.0375, ""spike_frequency_units"": ""inverse_time_unit"", ""stable"": true, ""start_in_validation_block"": 16000, ""std_ratio"": 0.9998327856952692, ""window_index"": 2}]",196,8000,time_unit,0.0,0.0009235770507888377,0.0,0.0,0.010446830747008801,0.01859982117050119,0.0,0.012841609330527854,1,1,0.0125,0.0,0.0125,inverse_time_unit,True,0,0.9987918350505051,16000,time_unit,0.0015205271160669608,0.0007315456485066995,19.7,19.73,0.030962973237759015,0.038430494612833876,0.0,0.029637778904531866,3,3,0.0375,0.0,0.0375,inverse_time_unit,True,8000,1.000372774092219,24000,time_unit,0.0018248175182482443,0.000225787534377282,16.41,16.44,0.01862157486479971,0.02517839712970644,0.0,0.01941592089666259,3,3,0.0375,0.0,0.0375,inverse_time_unit,True,16000,0.9998327856952692
555,0.02804121443670707,1,[42],0.19389622103749315,8,0.7543602241657931,dummy,142,0.09264480814712188,ok,ok,0.00014554634253125995,42,0.7445212633654302,mean,0.8361255170622275,True,True,mean_plus_max,0.0,time_unit,0.050451883065339875,0.02009749753205152,12.549999999999999,12.056666666666667,0.5009014055472161,0.668280006642023,3,0.0,0.7445212633654302,0.7445212633654302,0.7445212633654302,0.7445212633654302,0.0,2.3333333333333335,2.3333333333333335,0.029166666666666664,0.0,0.029166666666666664,inverse_time_unit,0.99067597211854,8000,"[{""end_in_validation_block"": 8000, ""inter_spike_interval_units"": ""time_unit"", ""isi_rel_error"": 0.0, ""mean_gap"": 0.01993829343153472, ""mean_isi_pred"": 0.0, ""mean_isi_true"": 0.0, ""nrmse"": 0.20157622368103292, ""nrmse_x"": 0.3597982777070382, ""penalty"": 0.0, ""score"": 0.24828310865912925, ""spike_count_pred"": 1, ""spike_count_true"": 1, ""spike_frequency_pred"": 0.0125, ""spike_frequency_rel_error"": 0.0, ""spike_frequency_true"": 0.0125, ""spike_frequency_units"": ""inverse_time_unit"", ""stable"": true, ""start_in_validation_block"": 0, ""std_ratio"": 0.9792865402796929, ""window_index"": 0}, {""end_in_validation_block"": 16000, ""inter_spike_interval_units"": ""time_unit"", ""isi_rel_error"": 0.027876330461226593, ""mean_gap"": 0.014895701989613002, ""mean_isi_pred"": 19.18, ""mean_isi_true"": 19.73, ""nrmse"": 0.4108835998750534, ""nrmse_x"": 0.5145633612506904, ""penalty"": 0.0, ""score"": 0.39966891388725634, ""spike_count_pred"": 3, ""spike_count_true"": 3, ""spike_frequency_pred"": 0.0375, ""spike_frequency_rel_error"": 0.0, ""spike_frequency_true"": 0.0375, ""spike_frequency_units"": ""inverse_time_unit"", ""stable"": true, ""start_in_validation_block"": 8000, ""std_ratio"": 1.0056993910012735, ""window_index"": 1}, {""end_in_validation_block"": 24000, ""inter_spike_interval_units"": ""time_unit"", ""isi_rel_error"": 0.12347931873479304, ""mean_gap"": 0.025458497175006842, ""mean_isi_pred"": 18.47, ""mean_isi_true"": 16.44, ""nrmse"": 0.8902443930855618, ""nrmse_x"": 1.1304783809683403, ""penalty"": 0.0, ""score"": 0.9060638671713742, ""spike_count_pred"": 3, ""spike_count_true"": 3, ""spike_frequency_pred"": 0.0375, ""spike_frequency_rel_error"": 0.0, ""spike_frequency_true"": 0.0375, ""spike_frequency_units"": ""inverse_time_unit"", ""stable"": true, ""start_in_validation_block"": 16000, ""std_ratio"": 0.9870419850746538, ""window_index"": 2}]",202,8000,time_unit,0.0,0.01993829343153472,0.0,0.0,0.20157622368103292,0.3597982777070382,0.0,0.24828310865912925,1,1,0.0125,0.0,0.0125,inverse_time_unit,True,0,0.9792865402796929,16000,time_unit,0.027876330461226593,0.014895701989613002,19.18,19.73,0.4108835998750534,0.5145633612506904,0.0,0.39966891388725634,3,3,0.0375,0.0,0.0375,inverse_time_unit,True,8000,1.0056993910012735,24000,time_unit,0.12347931873479304,0.025458497175006842,18.47,16.44,0.8902443930855618,1.1304783809683403,0.0,0.9060638671713742,3,3,0.0375,0.0,0.0375,inverse_time_unit,True,16000,0.9870419850746538
614,0.02804121443670707,1,[42],0.10204871474979119,9,0.39867779368890477,dummy,142,0.10306095923152116,ok,ok,0.0009132088036748083,42,1.213091723529482,mean,0.7328842431943376,True,True,mean_plus_max,0.0,time_unit,0.3610941033226744,0.007006247378693091,16.56,12.056666666666667,0.3177231603387805,0.4254289037922569,3,0.0,1.213091723529482,1.213091723529482,1.213091723529482,1.213091723529482,0.0,2.6666666666666665,2.3333333333333335,0.03333333333333333,0.3333333333333333,0.029166666666666664,inverse_time_unit,0.9989048394567716,8000,"[{""end_in_validation_block"": 8000, ""inter_spike_interval_units"": ""time_unit"", ""isi_rel_error"": 1.0, ""mean_gap"": 0.007904902931601194, ""mean_isi_pred"": 12.26, ""mean_isi_true"": 0.0, ""nrmse"": 0.03524131009297318, ""nrmse_x"": 0.062487778062284755, ""penalty"": 0.0, ""score"": 1.5431786054574999, ""spike_count_pred"": 2, ""spike_count_true"": 1, ""spike_frequency_pred"": 0.025, ""spike_frequency_rel_error"": 1.0, ""spike_frequency_true"": 0.0125, ""spike_frequency_units"": ""inverse_time_unit"", ""stable"": true, ""start_in_validation_block"": 0, ""std_ratio"": 1.0163935378165403, ""window_index"": 0}, {""end_in_validation_block"": 16000, ""inter_spike_interval_units"": ""time_unit"", ""isi_rel_error"": 0.0032944754181450215, ""mean_gap"": 0.0024316120673290764, ""mean_isi_pred"": 19.665, ""mean_isi_true"": 19.73, ""nrmse"": 0.2090816645561691, ""nrmse_x"": 0.2549186506329886, ""penalty"": 0.0, ""score"": 0.19412291169625853, ""spike_count_pred"": 3, ""spike_count_true"": 3, ""spike_frequency_pred"": 0.0375, ""spike_frequency_rel_error"": 0.0, ""spike_frequency_true"": 0.0375, ""spike_frequency_units"": ""inverse_time_unit"", ""stable"": true, ""start_in_validation_block"": 8000, ""std_ratio"": 0.9854353547797746, ""window_index"": 1}, {""end_in_validation_block"": 24000, ""inter_spike_interval_units"": ""time_unit"", ""isi_rel_error"": 0.0799878345498782, ""mean_gap"": 0.010682227137149003, ""mean_isi_pred"": 17.755, ""mean_isi_true"": 16.44, ""nrmse"": 0.7088465063671993, ""nrmse_x"": 0.9588802826814973, ""penalty"": 0.0, ""score"": 0.7445896993415624, ""spike_count_pred"": 3, ""spike_count_true"": 3, ""spike_frequency_pred"": 0.0375, ""spike_frequency_rel_error"": 0.0, ""spike_frequency_true"": 0.0375, ""spike_frequency_units"": ""inverse_time_unit"", ""stable"": true, ""start_in_validation_block"": 16000, ""std_ratio"": 0.9948856257739996, ""window_index"": 2}]",105,8000,time_unit,1.0,0.007904902931601194,12.26,0.0,0.03524131009297318,0.062487778062284755,0.0,1.5431786054574999,2,1,0.025,1.0,0.0125,inverse_time_unit,True,0,1.0163935378165403,16000,time_unit,0.0032944754181450215,0.0024316120673290764,19.665,19.73,0.2090816645561691,0.2549186506329886,0.0,0.19412291169625853,3,3,0.0375,0.0,0.0375,inverse_time_unit,True,8000,0.9854353547797746,24000,time_unit,0.0799878345498782,0.010682227137149003,17.755,16.44,0.7088465063671993,0.9588802826814973,0.0,0.7445896993415624,3,3,0.0375,0.0,0.0375,inverse_time_unit,True,16000,0.9948856257739996
792,0.02804121443670707,1,[42],0.5942317188129044,10,0.7226690562879456,dummy,142,0.06311258602973248,ok,ok,5.639434223798928e-09,42,1.8624202689182214,mean,0.8764271620221442,True,True,mean_plus_max,0.0,time_unit,0.47643474140693903,0.09307245666323523,17.94111111111111,12.056666666666667,0.8020598311367649,0.8736625117580217,3,0.0,1.8624202689182214,1.8624202689182214,1.8624202689182214,1.8624202689182214,0.0,3.3333333333333335,2.3333333333333335,0.041666666666666664,0.5555555555555557,0.029166666666666664,inverse_time_unit,1.0464229309566204,8000,"[{""end_in_validation_block"": 8000, ""inter_spike_interval_units"": ""time_unit"", ""isi_rel_error"": 1.0, ""mean_gap"": 0.008061161229809133, ""mean_isi_pred"": 12.3, ""mean_isi_true"": 0.0, ""nrmse"": 0.038049982360310076, ""nrmse_x"": 0.07447185098599102, ""penalty"": 0.0, ""score"": 1.5504720136323726, ""spike_count_pred"": 2, ""spike_count_true"": 1, ""spike_frequency_pred"": 0.025, ""spike_frequency_rel_error"": 1.0, ""spike_frequency_true"": 0.0125, ""spike_frequency_units"": ""inverse_time_unit"", ""stable"": true, ""start_in_validation_block"": 0, ""std_ratio"": 1.0302454222308495, ""window_index"": 0}, {""end_in_validation_block"": 16000, ""inter_spike_interval_units"": ""time_unit"", ""isi_rel_error"": 0.3431322858590978, ""mean_gap"": 0.12107523387192803, ""mean_isi_pred"": 26.5, ""mean_isi_true"": 19.73, ""nrmse"": 1.147380990947356, ""nrmse_x"": 1.1211805750846933, ""penalty"": 0.0, ""score"": 1.4083940402963029, ""spike_count_pred"": 4, ""spike_count_true"": 3, ""spike_frequency_pred"": 0.05, ""spike_frequency_rel_error"": 0.3333333333333335, ""spike_frequency_true"": 0.0375, ""spike_frequency_units"": ""inverse_time_unit"", ""stable"": true, ""start_in_validation_block"": 8000, ""std_ratio"": 1.1321737384037807, ""window_index"": 1}, {""end_in_validation_block"": 24000, ""inter_spike_interval_units"": ""time_unit"", ""isi_rel_error"": 0.08617193836171945, ""mean_gap"": 0.15008097488796857, ""mean_isi_pred"": 15.023333333333333, ""mean_isi_true"": 16.44, ""nrmse"": 1.2207485201026285, ""nrmse_x"": 1.4253351092033808, ""penalty"": 0.0, ""score"": 1.46554074260171, ""spike_count_pred"": 4, ""spike_count_true"": 3, ""spike_frequency_pred"": 0.05, ""spike_frequency_rel_error"": 0.3333333333333335, ""spike_frequency_true"": 0.0375, ""spike_frequency_units"": ""inverse_time_unit"", ""stable"": true, ""start_in_validation_block"": 16000, ""std_ratio"": 0.9768496322352314, ""window_index"": 2}]",474,8000,time_unit,1.0,0.008061161229809133,12.3,0.0,0.038049982360310076,0.07447185098599102,0.0,1.5504720136323726,2,1,0.025,1.0,0.0125,inverse_time_unit,True,0,1.0302454222308495,16000,time_unit,0.3431322858590978,0.12107523387192803,26.5,19.73,1.147380990947356,1.1211805750846933,0.0,1.4083940402963029,4,3,0.05,0.3333333333333335,0.0375,inverse_time_unit,True,8000,1.1321737384037807,24000,time_unit,0.08617193836171945,0.15008097488796857,15.023333333333333,16.44,1.2207485201026285,1.4253351092033808,0.0,1.46554074260171,4,3,0.05,0.3333333333333335,0.0375,inverse_time_unit,True,16000,0.9768496322352314
695,0.02804121443670707,1,[42],0.44339805448809533,11,0.41073650523261096,dummy,142,0.1590886013391524,ok,ok,5.909922278344393e-07,42,10.86040575590847,mean,0.7453114487505285,True,True,mean_plus_max,0.0,time_unit,0.6666666666666666,3.8989615824623662,0.0,12.056666666666667,3.4265836371188363,4.0748618886874,3,4.232294915795696,10.86040575590847,10.86040575590847,10.86040575590847,10.86040575590847,0.0,0.0,2.3333333333333335,0.0,1.0,0.029166666666666664,inverse_time_unit,0.37531475072119364,8000,"[{""end_in_validation_block"": 8000, ""inter_spike_interval_units"": ""time_unit"", ""isi_rel_error"": 0.0, ""mean_gap"": 4.171189629422013, ""mean_isi_pred"": 0.0, ""mean_isi_true"": 0.0, ""nrmse"": 3.4005263189983097, ""nrmse_x"": 4.43765992661117, ""penalty"": 4.171189629422013, ""score"": 8.462034168807735, ""spike_count_pred"": 0, ""spike_count_true"": 1, ""spike_frequency_pred"": 0.0, ""spike_frequency_rel_error"": 1.0, ""spike_frequency_true"": 0.0125, ""spike_frequency_units"": ""inverse_time_unit"", ""stable"": true, ""start_in_validation_block"": 0, ""std_ratio"": 1.1259442521635783, ""window_index"": 0}, {""end_in_validation_block"": 16000, ""inter_spike_interval_units"": ""time_unit"", ""isi_rel_error"": 1.0, ""mean_gap"": 3.741042496056698, ""mean_isi_pred"": 0.0, ""mean_isi_true"": 19.73, ""nrmse"": 3.478494288333727, ""nrmse_x"": 3.87238930859258, ""penalty"": 4.241042496056692, ""score"": 8.740480187866043, ""spike_count_pred"": 0, ""spike_count_true"": 3, ""spike_frequency_pred"": 0.0, ""spike_frequency_rel_error"": 1.0, ""spike_frequency_true"": 0.0375, ""spike_frequency_units"": ""inverse_time_unit"", ""stable"": true, ""start_in_validation_block"": 8000, ""std_ratio"": 1.3056968794476255e-15, ""window_index"": 1}, {""end_in_validation_block"": 24000, ""inter_spike_interval_units"": ""time_unit"", ""isi_rel_error"": 1.0, ""mean_gap"": 3.7846526219083865, ""mean_isi_pred"": 0.0, ""mean_isi_true"": 16.44, ""nrmse"": 3.4007303040244707, ""nrmse_x"": 3.9145364308584507, ""penalty"": 4.28465262190838, ""score"": 8.787830234886647, ""spike_count_pred"": 0, ""spike_count_true"": 3, ""spike_frequency_pred"": 0.0, ""spike_frequency_rel_error"": 1.0, ""spike_frequency_true"": 0.0375, ""spike_frequency_units"": ""inverse_time_unit"", ""stable"": true, ""start_in_validation_block"": 16000, ""std_ratio"": 1.2850544398608452e-15, ""window_index"": 2}]",422,8000,time_unit,0.0,4.171189629422013,0.0,0.0,3.4005263189983097,4.43765992661117,4.171189629422013,8.462034168807735,0,1,0.0,1.0,0.0125,inverse_time_unit,True,0,1.1259442521635783,16000,time_unit,1.0,3.741042496056698,0.0,19.73,3.478494288333727,3.87238930859258,4.241042496056692,8.740480187866043,0,3,0.0,1.0,0.0375,inverse_time_unit,True,8000,1.3056968794476255e-15,24000,time_unit,1.0,3.7846526219083865,0.0,16.44,3.4007303040244707,3.9145364308584507,4.28465262190838,8.787830234886647,0,3,0.0,1.0,0.0375,inverse_time_unit,True,16000,1.2850544398608452e-15
389,0.02804121443670707,1,[42],0.2760927916567018,12,0.5197209135225729,dummy,142,0.06738733348782444,ok,ok,5.856780225320913e-07,42,0.15435869767953236,mean,1.0446662064973824,True,True,mean_plus_max,0.0,time_unit,0.0014698634320832753,0.0025437515934844026,12.035000000000002,12.056666666666667,0.1019388635974152,0.1425216583197683,3,0.0,0.15435869767953236,0.15435869767953236,0.15435869767953236,0.15435869767953236,0.0,2.3333333333333335,2.3333333333333335,0.029166666666666664,0.0,0.029166666666666664,inverse_time_unit,0.9986243320598885,8000,"[{""end_in_validation_block"": 8000, ""inter_spike_interval_units"": ""time_unit"", ""isi_rel_error"": 0.0, ""mean_gap"": 0.004178908200930035, ""mean_isi_pred"": 0.0, ""mean_isi_true"": 0.0, ""nrmse"": 0.04373943439958929, ""nrmse_x"": 0.07851463934435726, ""penalty"": 0.0, ""score"": 0.054117910239293826, ""spike_count_pred"": 1, ""spike_count_true"": 1, ""spike_frequency_pred"": 0.0125, ""spike_frequency_rel_error"": 0.0, ""spike_frequency_true"": 0.0125, ""spike_frequency_units"": ""inverse_time_unit"", ""stable"": true, ""start_in_validation_block"": 0, ""std_ratio"": 0.9935540609380417, ""window_index"": 0}, {""end_in_validation_block"": 16000, ""inter_spike_interval_units"": ""time_unit"", ""isi_rel_error"": 0.003801317790167222, ""mean_gap"": 0.003354404045760108, ""mean_isi_pred"": 19.655, ""mean_isi_true"": 19.73, ""nrmse"": 0.0633658603920641, ""nrmse_x"": 0.07809289616064184, ""penalty"": 0.0, ""score"": 0.060693216881452655, ""spike_count_pred"": 3, ""spike_count_true"": 3, ""spike_frequency_pred"": 0.0375, ""spike_frequency_rel_error"": 0.0, ""spike_frequency_true"": 0.0375, ""spike_frequency_units"": ""inverse_time_unit"", ""stable"": true, ""start_in_validation_block"": 8000, ""std_ratio"": 1.0024584944370771, ""window_index"": 1}, {""end_in_validation_block"": 24000, ""inter_spike_interval_units"": ""time_unit"", ""isi_rel_error"": 0.000608272506082604, ""mean_gap"": 9.794253376306534e-05, ""mean_isi_pred"": 16.45, ""mean_isi_true"": 16.44, ""nrmse"": 0.1987112960005922, ""nrmse_x"": 0.2709574394543057, ""penalty"": 0.0, ""score"": 0.1990085519530575, ""spike_count_pred"": 3, ""spike_count_true"": 3, ""spike_frequency_pred"": 0.0375, ""spike_frequency_rel_error"": 0.0, ""spike_frequency_true"": 0.0375, ""spike_frequency_units"": ""inverse_time_unit"", ""stable"": true, ""start_in_validation_block"": 16000, ""std_ratio"": 0.9998604408045471, ""window_index"": 2}]",164,8000,time_unit,0.0,0.004178908200930035,0.0,0.0,0.04373943439958929,0.07851463934435726,0.0,0.054117910239293826,1,1,0.0125,0.0,0.0125,inverse_time_unit,True,0,0.9935540609380417,16000,time_unit,0.003801317790167222,0.003354404045760108,19.655,19.73,0.0633658603920641,0.07809289616064184,0.0,0.060693216881452655,3,3,0.0375,0.0,0.0375,inverse_time_unit,True,8000,1.0024584944370771,24000,time_unit,0.000608272506082604,9.794253376306534e-05,16.45,16.44,0.1987112960005922,0.2709574394543057,0.0,0.1990085519530575,3,3,0.0375,0.0,0.0375,inverse_time_unit,True,16000,0.9998604408045471
685,0.02804121443670707,1,[42],0.3386439205179448,13,0.12511969785736438,dummy,142,0.0943886272224324,ok,ok,0.00012864103903558187,42,7.239732185267825,mean,0.8537451359421879,True,True,mean_plus_max,0.0,time_unit,0.6666666666666666,2.1137593787724387,0.0,12.056666666666667,2.854007295922972,2.3745004874158684,3,2.353474070544811,7.239732185267825,7.239732185267825,7.239732185267825,7.239732185267825,0.0,0.0,2.3333333333333335,0.0,1.0,0.029166666666666664,inverse_time_unit,0.25224054583291106,8000,"[{""end_in_validation_block"": 8000, ""inter_spike_interval_units"": ""time_unit"", ""isi_rel_error"": 0.0, ""mean_gap"": 2.081178096508832, ""mean_isi_pred"": 0.0, ""mean_isi_true"": 0.0, ""nrmse"": 2.8809552141045445, ""nrmse_x"": 2.418676262182476, ""penalty"": 2.081178096508832, ""score"": 5.13168884423533, ""spike_count_pred"": 0, ""spike_count_true"": 1, ""spike_frequency_pred"": 0.0, ""spike_frequency_rel_error"": 1.0, ""spike_frequency_true"": 0.0125, ""spike_frequency_units"": ""inverse_time_unit"", ""stable"": true, ""start_in_validation_block"": 0, ""std_ratio"": 0.7005504525621566, ""window_index"": 0}, {""end_in_validation_block"": 16000, ""inter_spike_interval_units"": ""time_unit"", ""isi_rel_error"": 1.0, ""mean_gap"": 2.0943120480233284, ""mean_isi_pred"": 0.0, ""mean_isi_true"": 19.73, ""nrmse"": 2.7779041958587554, ""nrmse_x"": 2.319603865968768, ""penalty"": 2.3831157110091663, ""score"": 5.853373886256678, ""spike_count_pred"": 0, ""spike_count_true"": 3, ""spike_frequency_pred"": 0.0, ""spike_frequency_rel_error"": 1.0, ""spike_frequency_true"": 0.0375, ""spike_frequency_units"": ""inverse_time_unit"", ""stable"": true, ""start_in_validation_block"": 8000, ""std_ratio"": 0.04223926740283244, ""window_index"": 1}, {""end_in_validation_block"": 24000, ""inter_spike_interval_units"": ""time_unit"", ""isi_rel_error"": 1.0, ""mean_gap"": 2.165787991785155, ""mean_isi_pred"": 0.0, ""mean_isi_true"": 16.44, ""nrmse"": 2.9031624778056155, ""nrmse_x"": 2.385221334096361, ""penalty"": 2.5961284041164348, ""score"": 6.1337907573208375, ""spike_count_pred"": 0, ""spike_count_true"": 3, ""spike_frequency_pred"": 0.0, ""spike_frequency_rel_error"": 1.0, ""spike_frequency_true"": 0.0375, ""spike_frequency_units"": ""inverse_time_unit"", ""stable"": true, ""start_in_validation_block"": 16000, ""std_ratio"": 0.013931917533744023, ""window_index"": 2}]",394,8000,time_unit,0.0,2.081178096508832,0.0,0.0,2.8809552141045445,2.418676262182476,2.081178096508832,5.13168884423533,0,1,0.0,1.0,0.0125,inverse_time_unit,True,0,0.7005504525621566,16000,time_unit,1.0,2.0943120480233284,0.0,19.73,2.7779041958587554,2.319603865968768,2.3831157110091663,5.853373886256678,0,3,0.0,1.0,0.0375,inverse_time_unit,True,8000,0.04223926740283244,24000,time_unit,1.0,2.165787991785155,0.0,16.44,2.9031624778056155,2.385221334096361,2.5961284041164348,6.1337907573208375,0,3,0.0,1.0,0.0375,inverse_time_unit,True,16000,0.013931917533744023
687,0.02804121443670707,1,[42],0.11668730586558704,14,0.2961136875526058,dummy,142,0.09911258036030128,ok,ok,0.00030533123015892116,42,0.29773886515109665,mean,1.0704332290941805,True,True,mean_plus_max,0.0,time_unit,0.006623223328396428,0.004577748568857003,12.015,12.056666666666667,0.20645677649024727,0.27753903283562675,3,0.0,0.29773886515109665,0.29773886515109665,0.29773886515109665,0.29773886515109665,0.0,2.3333333333333335,2.3333333333333335,0.029166666666666664,0.0,0.029166666666666664,inverse_time_unit,0.9982536758319321,8000,"[{""end_in_validation_block"": 8000, ""inter_spike_interval_units"": ""time_unit"", ""isi_rel_error"": 0.0, ""mean_gap"": 0.004513134467601434, ""mean_isi_pred"": 0.0, ""mean_isi_true"": 0.0, ""nrmse"": 0.03541235568853399, ""nrmse_x"": 0.06526938778063873, ""penalty"": 0.0, ""score"": 0.0447512522014848, ""spike_count_pred"": 1, ""spike_count_true"": 1, ""spike_frequency_pred"": 0.0125, ""spike_frequency_rel_error"": 0.0, ""spike_frequency_true"": 0.0125, ""spike_frequency_units"": ""inverse_time_unit"", ""stable"": true, ""start_in_validation_block"": 0, ""std_ratio"": 0.9850326687882383, ""window_index"": 0}, {""end_in_validation_block"": 16000, ""inter_spike_interval_units"": ""time_unit"", ""isi_rel_error"": 0.005575266092245283, ""mean_gap"": 0.0050596146990646955, ""mean_isi_pred"": 19.84, ""mean_isi_true"": 19.73, ""nrmse"": 0.22955835625443666, ""nrmse_x"": 0.28567633092523664, ""penalty"": 0.0, ""score"": 0.21729920411861198, ""spike_count_pred"": 3, ""spike_count_true"": 3, ""spike_frequency_pred"": 0.0375, ""spike_frequency_rel_error"": 0.0, ""spike_frequency_true"": 0.0375, ""spike_frequency_units"": ""inverse_time_unit"", ""stable"": true, ""start_in_validation_block"": 8000, ""std_ratio"": 1.007408415260767, ""window_index"": 1}, {""end_in_validation_block"": 24000, ""inter_spike_interval_units"": ""time_unit"", ""isi_rel_error"": 0.014294403892944002, ""mean_gap"": 0.004160496539904878, ""mean_isi_pred"": 16.205000000000002, ""mean_isi_true"": 16.44, ""nrmse"": 0.3543996175277711, ""nrmse_x"": 0.4816713798010049, ""penalty"": 0.0, ""score"": 0.3606663652189675, ""spike_count_pred"": 3, ""spike_count_true"": 3, ""spike_frequency_pred"": 0.0375, ""spike_frequency_rel_error"": 0.0, ""spike_frequency_true"": 0.0375, ""spike_frequency_units"": ""inverse_time_unit"", ""stable"": true, ""start_in_validation_block"": 16000, ""std_ratio"": 1.0023199434467909, ""window_index"": 2}]",330,8000,time_unit,0.0,0.004513134467601434,0.0,0.0,0.03541235568853399,0.06526938778063873,0.0,0.0447512522014848,1,1,0.0125,0.0,0.0125,inverse_time_unit,True,0,0.9850326687882383,16000,time_unit,0.005575266092245283,0.0050596146990646955,19.84,19.73,0.22955835625443666,0.28567633092523664,0.0,0.21729920411861198,3,3,0.0375,0.0,0.0375,inverse_time_unit,True,8000,1.007408415260767,24000,time_unit,0.014294403892944002,0.004160496539904878,16.205000000000002,16.44,0.3543996175277711,0.4816713798010049,0.0,0.3606663652189675,3,3,0.0375,0.0,0.0375,inverse_time_unit,True,16000,1.0023199434467909
473,0.02804121443670707,1,[42],0.8977369474641983,15,0.19623583583414417,dummy,142,0.14221539218007734,ok,ok,0.0004280949261954299,42,10.227572224404373,mean,0.9937130097981415,True,True,mean_plus_max,0.0,time_unit,0.6666666666666666,3.654114573771693,0.0,12.056666666666667,3.010427623610384,3.8032565286308997,3,3.9874479071050253,10.227572224404373,10.227572224404373,10.227572224404373,10.227572224404373,0.0,0.0,2.3333333333333335,0.0,1.0,0.029166666666666664,inverse_time_unit,0.197951225573336,8000,"[{""end_in_validation_block"": 8000, ""inter_spike_interval_units"": ""time_unit"", ""isi_rel_error"": 0.0, ""mean_gap"": 4.011759917110928, ""mean_isi_pred"": 0.0, ""mean_isi_true"": 0.0, ""nrmse"": 3.012084452813001, ""nrmse_x"": 4.177149533615021, ""penalty"": 4.011759917110928, ""score"": 8.06221327380244, ""spike_count_pred"": 0, ""spike_count_true"": 1, ""spike_frequency_pred"": 0.0, ""spike_frequency_rel_error"": 1.0, ""spike_frequency_true"": 0.0125, ""spike_frequency_units"": ""inverse_time_unit"", ""stable"": true, ""start_in_validation_block"": 0, ""std_ratio"": 0.5938536767200071, ""window_index"": 0}, {""end_in_validation_block"": 16000, ""inter_spike_interval_units"": ""time_unit"", ""isi_rel_error"": 1.0, ""mean_gap"": 3.4511956697263684, ""mean_isi_pred"": 0.0, ""mean_isi_true"": 19.73, ""nrmse"": 3.025289734239791, ""nrmse_x"": 3.5931534271080094, ""penalty"": 3.951195669726366, ""score"": 8.183752488195719, ""spike_count_pred"": 0, ""spike_count_true"": 3, ""spike_frequency_pred"": 0.0, ""spike_frequency_rel_error"": 1.0, ""spike_frequency_true"": 0.0375, ""spike_frequency_units"": ""inverse_time_unit"", ""stable"": true, ""start_in_validation_block"": 8000, ""std_ratio"": 4.352322931492085e-16, ""window_index"": 1}, {""end_in_validation_block"": 24000, ""inter_spike_interval_units"": ""time_unit"", ""isi_rel_error"": 1.0, ""mean_gap"": 3.4993881344777833, ""mean_isi_pred"": 0.0, ""mean_isi_true"": 16.44, ""nrmse"": 2.993908683778359, ""nrmse_x"": 3.6394666251696686, ""penalty"": 3.999388134477781, ""score"": 8.24957194926569, ""spike_count_pred"": 0, ""spike_count_true"": 3, ""spike_frequency_pred"": 0.0, ""spike_frequency_rel_error"": 1.0, ""spike_frequency_true"": 0.0375, ""spike_frequency_units"": ""inverse_time_unit"", ""stable"": true, ""start_in_validation_block"": 16000, ""std_ratio"": 4.2835147995361506e-16, ""window_index"": 2}]",84,8000,time_unit,0.0,4.011759917110928,0.0,0.0,3.012084452813001,4.177149533615021,4.011759917110928,8.06221327380244,0,1,0.0,1.0,0.0125,inverse_time_unit,True,0,0.5938536767200071,16000,time_unit,1.0,3.4511956697263684,0.0,19.73,3.025289734239791,3.5931534271080094,3.951195669726366,8.183752488195719,0,3,0.0,1.0,0.0375,inverse_time_unit,True,8000,4.352322931492085e-16,24000,time_unit,1.0,3.4993881344777833,0.0,16.44,2.993908683778359,3.6394666251696686,3.999388134477781,8.24957194926569,0,3,0.0,1.0,0.0375,inverse_time_unit,True,16000,4.2835147995361506e-16
741,0.02804121443670707,1,[42],0.6032914498865021,16,0.7629056880933855,dummy,142,0.10122905812016332,ok,ok,4.178631141527525e-09,42,1.7902825191222682,mean,0.846799294702928,True,True,mean_plus_max,0.0,time_unit,0.35073492143943236,0.09111348203812675,6.233333333333333,12.056666666666667,0.778514946942687,0.9247721572973285,3,0.0,1.7902825191222682,1.7902825191222682,1.7902825191222682,1.7902825191222682,0.0,1.3333333333333333,2.3333333333333335,0.016666666666666666,0.3333333333333333,0.029166666666666664,inverse_time_unit,0.6997778134501522,8000,"[{""end_in_validation_block"": 8000, ""inter_spike_interval_units"": ""time_unit"", ""isi_rel_error"": 0.0, ""mean_gap"": 0.0694520113393603, ""mean_isi_pred"": 0.0, ""mean_isi_true"": 0.0, ""nrmse"": 0.5138612194787808, ""nrmse_x"": 0.9215010432868779, ""penalty"": 0.0, ""score"": 0.6352908786774781, ""spike_count_pred"": 1, ""spike_count_true"": 1, ""spike_frequency_pred"": 0.0125, ""spike_frequency_rel_error"": 0.0, ""spike_frequency_true"": 0.0125, ""spike_frequency_units"": ""inverse_time_unit"", ""stable"": true, ""start_in_validation_block"": 0, ""std_ratio"": 0.9258929723939175, ""window_index"": 0}, {""end_in_validation_block"": 16000, ""inter_spike_interval_units"": ""time_unit"", ""isi_rel_error"": 0.05220476431829706, ""mean_gap"": 0.06449068108483241, ""mean_isi_pred"": 18.7, ""mean_isi_true"": 19.73, ""nrmse"": 0.7118307284723848, ""nrmse_x"": 0.8785427303126715, ""penalty"": 0.0, ""score"": 0.6872585659492141, ""spike_count_pred"": 3, ""spike_count_true"": 3, ""spike_frequency_pred"": 0.0375, ""spike_frequency_rel_error"": 0.0, ""spike_frequency_true"": 0.0375, ""spike_frequency_units"": ""inverse_time_unit"", ""stable"": true, ""start_in_validation_block"": 8000, ""std_ratio"": 1.013725772002206, ""window_index"": 1}, {""end_in_validation_block"": 24000, ""inter_spike_interval_units"": ""time_unit"", ""isi_rel_error"": 1.0, ""mean_gap"": 0.13939775369018756, ""mean_isi_pred"": 0.0, ""mean_isi_true"": 16.44, ""nrmse"": 1.1098528928768954, ""nrmse_x"": 0.9742726982924365, ""penalty"": 0.0, ""score"": 2.313313207280064, ""spike_count_pred"": 0, ""spike_count_true"": 3, ""spike_frequency_pred"": 0.0, ""spike_frequency_rel_error"": 1.0, ""spike_frequency_true"": 0.0375, ""spike_frequency_units"": ""inverse_time_unit"", ""stable"": true, ""start_in_validation_block"": 16000, ""std_ratio"": 0.1597146959543332, ""window_index"": 2}]",109,8000,time_unit,0.0,0.0694520113393603,0.0,0.0,0.5138612194787808,0.9215010432868779,0.0,0.6352908786774781,1,1,0.0125,0.0,0.0125,inverse_time_unit,True,0,0.9258929723939175,16000,time_unit,0.05220476431829706,0.06449068108483241,18.7,19.73,0.7118307284723848,0.8785427303126715,0.0,0.6872585659492141,3,3,0.0375,0.0,0.0375,inverse_time_unit,True,8000,1.013725772002206,24000,time_unit,1.0,0.13939775369018756,0.0,16.44,1.1098528928768954,0.9742726982924365,0.0,2.313313207280064,0,3,0.0,1.0,0.0375,inverse_time_unit,True,16000,0.1597146959543332
396,0.02804121443670707,1,[42],0.7777707760223171,17,0.1268641231928468,dummy,142,0.04027329727567848,ok,ok,2.746929223921367e-05,42,5.258812341661244,mean,0.803474086907179,True,True,mean_plus_max,0.0,time_unit,0.6666666666666666,1.2370577679131871,0.0,12.056666666666667,2.626483552436214,1.6211949724120485,3,1.2489628867619185,5.258812341661244,5.258812341661244,5.258812341661244,5.258812341661244,0.0,0.0,2.3333333333333335,0.0,1.0,0.029166666666666664,inverse_time_unit,0.16447985383839556,8000,"[{""end_in_validation_block"": 8000, ""inter_spike_interval_units"": ""time_unit"", ""isi_rel_error"": 0.0, ""mean_gap"": 1.6627094569820784, ""mean_isi_pred"": 0.0, ""mean_isi_true"": 0.0, ""nrmse"": 2.8407734708969614, ""nrmse_x"": 1.999457523122734, ""penalty"": 1.6627094569820784, ""score"": 4.472604462423822, ""spike_count_pred"": 0, ""spike_count_true"": 1, ""spike_frequency_pred"": 0.0, ""spike_frequency_rel_error"": 1.0, ""spike_frequency_true"": 0.0125, ""spike_frequency_units"": ""inverse_time_unit"", ""stable"": true, ""start_in_validation_block"": 0, ""std_ratio"": 0.4934395615151858, ""window_index"": 0}, {""end_in_validation_block"": 16000, ""inter_spike_interval_units"": ""time_unit"", ""isi_rel_error"": 1.0, ""mean_gap"": 1.0841792033036817, ""mean_isi_pred"": 0.0, ""mean_isi_true"": 19.73, ""nrmse"": 2.4702257443634736, ""nrmse_x"": 1.4749388275030952, ""penalty"": 1.5841792033036795, ""score"": 4.51295199452125, ""spike_count_pred"": 0, ""spike_count_true"": 3, ""spike_frequency_pred"": 0.0, ""spike_frequency_rel_error"": 1.0, ""spike_frequency_true"": 0.0375, ""spike_frequency_units"": ""inverse_time_unit"", ""stable"": true, ""start_in_validation_block"": 8000, ""std_ratio"": 4.352322931492085e-16, ""window_index"": 1}, {""end_in_validation_block"": 24000, ""inter_spike_interval_units"": ""time_unit"", ""isi_rel_error"": 1.0, ""mean_gap"": 0.9642846434538008, ""mean_isi_pred"": 0.0, ""mean_isi_true"": 16.44, ""nrmse"": 2.568451442048207, ""nrmse_x"": 1.3891885666103156, ""penalty"": 0.4999999999999979, ""score"": 3.4061665721477232, ""spike_count_pred"": 0, ""spike_count_true"": 3, ""spike_frequency_pred"": 0.0, ""spike_frequency_rel_error"": 1.0, ""spike_frequency_true"": 0.0375, ""spike_frequency_units"": ""inverse_time_unit"", ""stable"": true, ""start_in_validation_block"": 16000, ""std_ratio"": 4.2835147995361506e-16, ""window_index"": 2}]",200,8000,time_unit,0.0,1.6627094569820784,0.0,0.0,2.8407734708969614,1.999457523122734,1.6627094569820784,4.472604462423822,0,1,0.0,1.0,0.0125,inverse_time_unit,True,0,0.4934395615151858,16000,time_unit,1.0,1.0841792033036817,0.0,19.73,2.4702257443634736,1.4749388275030952,1.5841792033036795,4.51295199452125,0,3,0.0,1.0,0.0375,inverse_time_unit,True,8000,4.352322931492085e-16,24000,time_unit,1.0,0.9642846434538008,0.0,16.44,2.568451442048207,1.3891885666103156,0.4999999999999979,3.4061665721477232,0,3,0.0,1.0,0.0375,inverse_time_unit,True,16000,4.2835147995361506e-16
412,0.011458722944307935,1,[42],0.5593152150624762,18,0.36779664909720855,dummy,142,0.14850388868895317,ok,ok,4.906414132715852e-09,42,0.011458722944307935,mean,0.9004196946866305,True,True,mean_plus_max,0.0,time_unit,0.00028723123069797335,7.370383949513427e-05,12.051666666666668,12.056666666666667,0.007333591585764211,0.009938891969272239,3,0.0,0.011458722944307935,0.011458722944307935,0.011458722944307935,0.011458722944307935,0.0,2.3333333333333335,2.3333333333333335,0.029166666666666664,0.0,0.029166666666666664,inverse_time_unit,0.9999673406318865,8000,"[{""end_in_validation_block"": 8000, ""inter_spike_interval_units"": ""time_unit"", ""isi_rel_error"": 0.0, ""mean_gap"": 9.269027549156051e-05, ""mean_isi_pred"": 0.0, ""mean_isi_true"": 0.0, ""nrmse"": 0.0010447634667889972, ""nrmse_x"": 0.00183661093065467, ""penalty"": 0.0, ""score"": 0.001271326878557318, ""spike_count_pred"": 1, ""spike_count_true"": 1, ""spike_frequency_pred"": 0.0125, ""spike_frequency_rel_error"": 0.0, ""spike_frequency_true"": 0.0125, ""spike_frequency_units"": ""inverse_time_unit"", ""stable"": true, ""start_in_validation_block"": 0, ""std_ratio"": 0.9999199990283817, ""window_index"": 0}, {""end_in_validation_block"": 16000, ""inter_spike_interval_units"": ""time_unit"", ""isi_rel_error"": 0.0002534211860111001, ""mean_gap"": 4.9357469459738846e-05, ""mean_isi_pred"": 19.725, ""mean_isi_true"": 19.73, ""nrmse"": 0.005215667185045712, ""nrmse_x"": 0.006485422943949749, ""penalty"": 0.0, ""score"": 0.004997610008439341, ""spike_count_pred"": 3, ""spike_count_true"": 3, ""spike_frequency_pred"": 0.0375, ""spike_frequency_rel_error"": 0.0, ""spike_frequency_true"": 0.0375, ""spike_frequency_units"": ""inverse_time_unit"", ""stable"": true, ""start_in_validation_block"": 8000, ""std_ratio"": 1.0000244135961496, ""window_index"": 1}, {""end_in_validation_block"": 24000, ""inter_spike_interval_units"": ""time_unit"", ""isi_rel_error"": 0.00060827250608282, ""mean_gap"": 7.906377353410347e-05, ""mean_isi_pred"": 16.43, ""mean_isi_true"": 16.44, ""nrmse"": 0.015740344105457924, ""nrmse_x"": 0.021494642033212295, ""penalty"": 0.0, ""score"": 0.016061275397672655, ""spike_count_pred"": 3, ""spike_count_true"": 3, ""spike_frequency_pred"": 0.0375, ""spike_frequency_rel_error"": 0.0, ""spike_frequency_true"": 0.0375, ""spike_frequency_units"": ""inverse_time_unit"", ""stable"": true, ""start_in_validation_block"": 16000, ""std_ratio"": 0.9999576092711285, ""window_index"": 2}]",260,8000,time_unit,0.0,9.269027549156051e-05,0.0,0.0,0.0010447634667889972,0.00183661093065467,0.0,0.001271326878557318,1,1,0.0125,0.0,0.0125,inverse_time_unit,True,0,0.9999199990283817,16000,time_unit,0.0002534211860111001,4.9357469459738846e-05,19.725,19.73,0.005215667185045712,0.006485422943949749,0.0,0.004997610008439341,3,3,0.0375,0.0,0.0375,inverse_time_unit,True,8000,1.0000244135961496,24000,time_unit,0.00060827250608282,7.906377353410347e-05,16.43,16.44,0.015740344105457924,0.021494642033212295,0.0,0.016061275397672655,3,3,0.0375,0.0,0.0375,inverse_time_unit,True,16000,0.9999576092711285
422,0.011458722944307935,1,[42],0.23375617650549457,19,0.22658314754681239,dummy,142,0.15481153834804265,ok,ok,7.695427787400305e-05,42,10.568221236501252,mean,1.1322580535806168,True,True,mean_plus_max,0.0,time_unit,0.678382283906542,1.3575827324200878,8.646666666666667,12.056666666666667,2.271453133204126,2.184224597288971,3,1.3575827324200878,10.568221236501252,10.568221236501252,10.568221236501252,10.568221236501252,0.0,9.0,2.3333333333333335,0.1125,4.0,0.029166666666666664,inverse_time_unit,1.3494307296362464,8000,"[{""end_in_validation_block"": 8000, ""inter_spike_interval_units"": ""time_unit"", ""isi_rel_error"": 1.0, ""mean_gap"": 1.8402450497009992, ""mean_isi_pred"": 8.635, ""mean_isi_true"": 0.0, ""nrmse"": 2.4729994468531373, ""nrmse_x"": 2.637358708831668, ""penalty"": 1.8402450497009992, ""score"": 12.409042201271703, ""spike_count_pred"": 9, ""spike_count_true"": 1, ""spike_frequency_pred"": 0.1125, ""spike_frequency_rel_error"": 8.0, ""spike_frequency_true"": 0.0125, ""spike_frequency_units"": ""inverse_time_unit"", ""stable"": true, ""start_in_validation_block"": 0, ""std_ratio"": 1.6336225285689596, ""window_index"": 0}, {""end_in_validation_block"": 16000, ""inter_spike_interval_units"": ""time_unit"", ""isi_rel_error"": 0.561454637607704, ""mean_gap"": 1.1676845574469972, ""mean_isi_pred"": 8.6525, ""mean_isi_true"": 19.73, ""nrmse"": 2.1204884726043955, ""nrmse_x"": 1.9605359650628829, ""penalty"": 1.1676845574469972, ""score"": 5.056828775186534, ""spike_count_pred"": 9, ""spike_count_true"": 3, ""spike_frequency_pred"": 0.1125, ""spike_frequency_rel_error"": 2.0000000000000004, ""spike_frequency_true"": 0.0375, ""spike_frequency_units"": ""inverse_time_unit"", ""stable"": true, ""start_in_validation_block"": 8000, ""std_ratio"": 1.220741303036671, ""window_index"": 1}, {""end_in_validation_block"": 24000, ""inter_spike_interval_units"": ""time_unit"", ""isi_rel_error"": 0.4736922141119222, ""mean_gap"": 1.0648185901122664, ""mean_isi_pred"": 8.6525, ""mean_isi_true"": 16.44, ""nrmse"": 2.2208714801548455, ""nrmse_x"": 1.9547791179723621, ""penalty"": 1.0648185901122664, ""score"": 4.932011082091739, ""spike_count_pred"": 9, ""spike_count_true"": 3, ""spike_frequency_pred"": 0.1125, ""spike_frequency_rel_error"": 2.0000000000000004, ""spike_frequency_true"": 0.0375, ""spike_frequency_units"": ""inverse_time_unit"", ""stable"": true, ""start_in_validation_block"": 16000, ""std_ratio"": 1.1939283573031088, ""window_index"": 2}]",481,8000,time_unit,1.0,1.8402450497009992,8.635,0.0,2.4729994468531373,2.637358708831668,1.8402450497009992,12.409042201271703,9,1,0.1125,8.0,0.0125,inverse_time_unit,True,0,1.6336225285689596,16000,time_unit,0.561454637607704,1.1676845574469972,8.6525,19.73,2.1204884726043955,1.9605359650628829,1.1676845574469972,5.056828775186534,9,3,0.1125,2.0000000000000004,0.0375,inverse_time_unit,True,8000,1.220741303036671,24000,time_unit,0.4736922141119222,1.0648185901122664,8.6525,16.44,2.2208714801548455,1.9547791179723621,1.0648185901122664,4.932011082091739,9,3,0.1125,2.0000000000000004,0.0375,inverse_time_unit,True,16000,1.1939283573031088
342,0.011458722944307935,1,[42],0.27132594168358926,20,0.6659964079259317,dummy,142,0.08917583439236088,ok,ok,3.683259431622207e-06,42,0.05846497127970325,mean,1.1307784925612792,True,True,mean_plus_max,0.0,time_unit,0.0008785473313905884,0.001623492914722291,12.046666666666667,12.056666666666667,0.04029885313250845,0.056706210836440674,3,0.0,0.05846497127970325,0.05846497127970325,0.05846497127970325,0.05846497127970325,0.0,2.3333333333333335,2.3333333333333335,0.029166666666666664,0.0,0.029166666666666664,inverse_time_unit,0.9992689922157613,8000,"[{""end_in_validation_block"": 8000, ""inter_spike_interval_units"": ""time_unit"", ""isi_rel_error"": 0.0, ""mean_gap"": 0.0026515438665851766, ""mean_isi_pred"": 0.0, ""mean_isi_true"": 0.0, ""nrmse"": 0.022961062691206922, ""nrmse_x"": 0.04099492363949145, ""penalty"": 0.0, ""score"": 0.02828747367452203, ""spike_count_pred"": 1, ""spike_count_true"": 1, ""spike_frequency_pred"": 0.0125, ""spike_frequency_rel_error"": 0.0, ""spike_frequency_true"": 0.0125, ""spike_frequency_units"": ""inverse_time_unit"", ""stable"": true, ""start_in_validation_block"": 0, ""std_ratio"": 0.9966759556185351, ""window_index"": 0}, {""end_in_validation_block"": 16000, ""inter_spike_interval_units"": ""time_unit"", ""isi_rel_error"": 0.002027369488089161, ""mean_gap"": 0.001411146601360335, ""mean_isi_pred"": 19.69, ""mean_isi_true"": 19.73, ""nrmse"": 0.0309896680837167, ""nrmse_x"": 0.03819701782499039, ""penalty"": 0.0, ""score"": 0.02976946156871847, ""spike_count_pred"": 3, ""spike_count_true"": 3, ""spike_frequency_pred"": 0.0375, ""spike_frequency_rel_error"": 0.0, ""spike_frequency_true"": 0.0375, ""spike_frequency_units"": ""inverse_time_unit"", ""stable"": true, ""start_in_validation_block"": 8000, ""std_ratio"": 1.0016511607421605, ""window_index"": 1}, {""end_in_validation_block"": 24000, ""inter_spike_interval_units"": ""time_unit"", ""isi_rel_error"": 0.000608272506082604, ""mean_gap"": 0.0008077882762213624, ""mean_isi_pred"": 16.45, ""mean_isi_true"": 16.44, ""nrmse"": 0.06694582862260173, ""nrmse_x"": 0.0909266910448402, ""penalty"": 0.0, ""score"": 0.06705027348335386, ""spike_count_pred"": 3, ""spike_count_true"": 3, ""spike_frequency_pred"": 0.0375, ""spike_frequency_rel_error"": 0.0, ""spike_frequency_true"": 0.0375, ""spike_frequency_units"": ""inverse_time_unit"", ""stable"": true, ""start_in_validation_block"": 16000, ""std_ratio"": 0.9994798602865884, ""window_index"": 2}]",72,8000,time_unit,0.0,0.0026515438665851766,0.0,0.0,0.022961062691206922,0.04099492363949145,0.0,0.02828747367452203,1,1,0.0125,0.0,0.0125,inverse_time_unit,True,0,0.9966759556185351,16000,time_unit,0.002027369488089161,0.001411146601360335,19.69,19.73,0.0309896680837167,0.03819701782499039,0.0,0.02976946156871847,3,3,0.0375,0.0,0.0375,inverse_time_unit,True,8000,1.0016511607421605,24000,time_unit,0.000608272506082604,0.0008077882762213624,16.45,16.44,0.06694582862260173,0.0909266910448402,0.0,0.06705027348335386,3,3,0.0375,0.0,0.0375,inverse_time_unit,True,16000,0.9994798602865884
523,0.011458722944307935,1,[42],0.4686095815063114,21,0.34340043062487724,dummy,142,0.06152096312040688,ok,ok,0.00019499005042669166,42,23.148035483200687,mean,0.7529113547081286,True,True,mean_plus_max,0.0,time_unit,0.8678312475366501,2.5510767313707263,3.5432575757575755,12.056666666666667,2.930295094862469,3.1245436270331886,3,2.5510767313707263,23.148035483200687,23.148035483200687,23.148035483200687,23.148035483200687,0.0,22.333333333333332,2.3333333333333335,0.2791666666666667,11.111111111111109,0.029166666666666664,inverse_time_unit,1.5494855051905099,8000,"[{""end_in_validation_block"": 8000, ""inter_spike_interval_units"": ""time_unit"", ""isi_rel_error"": 1.0, ""mean_gap"": 3.145080269436366, ""mean_isi_pred"": 3.5175, ""mean_isi_true"": 0.0, ""nrmse"": 2.640925550988559, ""nrmse_x"": 3.8147733386965537, ""penalty"": 3.145080269436366, ""score"": 26.40343699346661, ""spike_count_pred"": 21, ""spike_count_true"": 1, ""spike_frequency_pred"": 0.2625, ""spike_frequency_rel_error"": 20.0, ""spike_frequency_true"": 0.0125, ""spike_frequency_units"": ""inverse_time_unit"", ""stable"": true, ""start_in_validation_block"": 0, ""std_ratio"": 1.9420934393665665, ""window_index"": 0}, {""end_in_validation_block"": 16000, ""inter_spike_interval_units"": ""time_unit"", ""isi_rel_error"": 0.8195410772704236, ""mean_gap"": 2.3385765676444326, ""mean_isi_pred"": 3.5604545454545455, ""mean_isi_true"": 19.73, ""nrmse"": 3.442760745034746, ""nrmse_x"": 2.8860464554631107, ""penalty"": 2.3385765676444326, ""score"": 11.863029509709706, ""spike_count_pred"": 23, ""spike_count_true"": 3, ""spike_frequency_pred"": 0.2875, ""spike_frequency_rel_error"": 6.666666666666666, ""spike_frequency_true"": 0.0375, ""spike_frequency_units"": ""inverse_time_unit"", ""stable"": true, ""start_in_validation_block"": 8000, ""std_ratio"": 1.3661296452876932, ""window_index"": 1}, {""end_in_validation_block"": 24000, ""inter_spike_interval_units"": ""time_unit"", ""isi_rel_error"": 0.7839526653395267, ""mean_gap"": 2.1695733570313798, ""mean_isi_pred"": 3.5518181818181818, ""mean_isi_true"": 16.44, ""nrmse"": 2.707198988564101, ""nrmse_x"": 2.672811086939901, ""penalty"": 2.1695733570313798, ""score"": 11.37506220132578, ""spike_count_pred"": 23, ""spike_count_true"": 3, ""spike_frequency_pred"": 0.2875, ""spike_frequency_rel_error"": 6.666666666666666, ""spike_frequency_true"": 0.0375, ""spike_frequency_units"": ""inverse_time_unit"", ""stable"": true, ""start_in_validation_block"": 16000, ""std_ratio"": 1.3402334309172708, ""window_index"": 2}]",413,8000,time_unit,1.0,3.145080269436366,3.5175,0.0,2.640925550988559,3.8147733386965537,3.145080269436366,26.40343699346661,21,1,0.2625,20.0,0.0125,inverse_time_unit,True,0,1.9420934393665665,16000,time_unit,0.8195410772704236,2.3385765676444326,3.5604545454545455,19.73,3.442760745034746,2.8860464554631107,2.3385765676444326,11.863029509709706,23,3,0.2875,6.666666666666666,0.0375,inverse_time_unit,True,8000,1.3661296452876932,24000,time_unit,0.7839526653395267,2.1695733570313798,3.5518181818181818,16.44,2.707198988564101,2.672811086939901,2.1695733570313798,11.37506220132578,23,3,0.2875,6.666666666666666,0.0375,inverse_time_unit,True,16000,1.3402334309172708
702,0.011458722944307935,1,[42],0.3316591909672046,22,0.3087133602846403,dummy,142,0.12479651849065881,ok,ok,8.1765024296593e-05,42,6.747422433634476,mean,0.9845532778216972,True,True,mean_plus_max,0.0,time_unit,0.7128860573861394,0.9067511007618106,7.752148148148149,12.056666666666667,1.9252218189464436,1.8330097898577549,3,0.7462080493086853,6.747422433634476,6.747422433634476,6.747422433634476,6.747422433634476,0.0,8.333333333333334,2.3333333333333335,0.10416666666666667,2.6666666666666674,0.029166666666666664,inverse_time_unit,1.4210598051947605,8000,"[{""end_in_validation_block"": 8000, ""inter_spike_interval_units"": ""time_unit"", ""isi_rel_error"": 1.0, ""mean_gap"": 0.48162915435937587, ""mean_isi_pred"": 7.8100000000000005, ""mean_isi_true"": 0.0, ""nrmse"": 1.0057016038484263, ""nrmse_x"": 1.5314125693893363, ""penalty"": 0.0, ""score"": 4.593702314126242, ""spike_count_pred"": 4, ""spike_count_true"": 1, ""spike_frequency_pred"": 0.05, ""spike_frequency_rel_error"": 3.0000000000000004, ""spike_frequency_true"": 0.0125, ""spike_frequency_units"": ""inverse_time_unit"", ""stable"": true, ""start_in_validation_block"": 0, ""std_ratio"": 1.5194762531507902, ""window_index"": 0}, {""end_in_validation_block"": 16000, ""inter_spike_interval_units"": ""time_unit"", ""isi_rel_error"": 0.6091231626964014, ""mean_gap"": 1.1812296614735123, ""mean_isi_pred"": 7.712000000000001, ""mean_isi_true"": 19.73, ""nrmse"": 2.6794347211136365, ""nrmse_x"": 2.0586523808435007, ""penalty"": 1.1812296614735123, ""score"": 5.954575399230714, ""spike_count_pred"": 11, ""spike_count_true"": 3, ""spike_frequency_pred"": 0.1375, ""spike_frequency_rel_error"": 2.666666666666667, ""spike_frequency_true"": 0.0375, ""spike_frequency_units"": ""inverse_time_unit"", ""stable"": true, ""start_in_validation_block"": 8000, ""std_ratio"": 1.4002525300933149, ""window_index"": 1}, {""end_in_validation_block"": 24000, ""inter_spike_interval_units"": ""time_unit"", ""isi_rel_error"": 0.5295350094620167, ""mean_gap"": 1.0573944864525437, ""mean_isi_pred"": 7.734444444444445, ""mean_isi_true"": 16.44, ""nrmse"": 2.0905291318772687, ""nrmse_x"": 1.9089644193404276, ""penalty"": 1.0573944864525437, ""score"": 5.228058038123438, ""spike_count_pred"": 10, ""spike_count_true"": 3, ""spike_frequency_pred"": 0.125, ""spike_frequency_rel_error"": 2.3333333333333335, ""spike_frequency_true"": 0.0375, ""spike_frequency_units"": ""inverse_time_unit"", ""stable"": true, ""start_in_validation_block"": 16000, ""std_ratio"": 1.3434506323401765, ""window_index"": 2}]",355,8000,time_unit,1.0,0.48162915435937587,7.8100000000000005,0.0,1.0057016038484263,1.5314125693893363,0.0,4.593702314126242,4,1,0.05,3.0000000000000004,0.0125,inverse_time_unit,True,0,1.5194762531507902,16000,time_unit,0.6091231626964014,1.1812296614735123,7.712000000000001,19.73,2.6794347211136365,2.0586523808435007,1.1812296614735123,5.954575399230714,11,3,0.1375,2.666666666666667,0.0375,inverse_time_unit,True,8000,1.4002525300933149,24000,time_unit,0.5295350094620167,1.0573944864525437,7.734444444444445,16.44,2.0905291318772687,1.9089644193404276,1.0573944864525437,5.228058038123438,10,3,0.125,2.3333333333333335,0.0375,inverse_time_unit,True,16000,1.3434506323401765
698,0.011458722944307935,1,[42],0.495422523878314,23,0.5723200114709414,dummy,142,0.04121453370031769,ok,ok,8.803174700904573e-10,42,0.08583886649956127,mean,1.0810108524755084,True,True,mean_plus_max,0.0,time_unit,0.002483702325267885,0.0016102686896470042,12.013333333333334,12.056666666666667,0.05708286493352797,0.0792671375421109,3,0.0,0.08583886649956127,0.08583886649956127,0.08583886649956127,0.08583886649956127,0.0,2.3333333333333335,2.3333333333333335,0.029166666666666664,0.0,0.029166666666666664,inverse_time_unit,0.9992857486670145,8000,"[{""end_in_validation_block"": 8000, ""inter_spike_interval_units"": ""time_unit"", ""isi_rel_error"": 0.0, ""mean_gap"": 0.0024426389618733522, ""mean_isi_pred"": 0.0, ""mean_isi_true"": 0.0, ""nrmse"": 0.02576181450941449, ""nrmse_x"": 0.04619643566157593, ""penalty"": 0.0, ""score"": 0.03184849324122038, ""spike_count_pred"": 1, ""spike_count_true"": 1, ""spike_frequency_pred"": 0.0125, ""spike_frequency_rel_error"": 0.0, ""spike_frequency_true"": 0.0125, ""spike_frequency_units"": ""inverse_time_unit"", ""stable"": true, ""start_in_validation_block"": 0, ""std_ratio"": 0.9960408536963825, ""window_index"": 0}, {""end_in_validation_block"": 16000, ""inter_spike_interval_units"": ""time_unit"", ""isi_rel_error"": 0.0022807906741004413, ""mean_gap"": 0.0018953810441832218, ""mean_isi_pred"": 19.685, ""mean_isi_true"": 19.73, ""nrmse"": 0.04026096083767029, ""nrmse_x"": 0.04973973913328231, ""penalty"": 0.0, ""score"": 0.038562492069773066, ""spike_count_pred"": 3, ""spike_count_true"": 3, ""spike_frequency_pred"": 0.0375, ""spike_frequency_rel_error"": 0.0, ""spike_frequency_true"": 0.0375, ""spike_frequency_units"": ""inverse_time_unit"", ""stable"": true, ""start_in_validation_block"": 8000, ""std_ratio"": 1.0015910046544587, ""window_index"": 1}, {""end_in_validation_block"": 24000, ""inter_spike_interval_units"": ""time_unit"", ""isi_rel_error"": 0.005170316301703215, ""mean_gap"": 0.0004927860628844379, ""mean_isi_pred"": 16.355, ""mean_isi_true"": 16.44, ""nrmse"": 0.10522581945349911, ""nrmse_x"": 0.14186523783147448, ""penalty"": 0.0, ""score"": 0.10691749382153737, ""spike_count_pred"": 3, ""spike_count_true"": 3, ""spike_frequency_pred"": 0.0375, ""spike_frequency_rel_error"": 0.0, ""spike_frequency_true"": 0.0375, ""spike_frequency_units"": ""inverse_time_unit"", ""stable"": true, ""start_in_validation_block"": 16000, ""std_ratio"": 1.000225387650202, ""window_index"": 2}]",340,8000,time_unit,0.0,0.0024426389618733522,0.0,0.0,0.02576181450941449,0.04619643566157593,0.0,0.03184849324122038,1,1,0.0125,0.0,0.0125,inverse_time_unit,True,0,0.9960408536963825,16000,time_unit,0.0022807906741004413,0.0018953810441832218,19.685,19.73,0.04026096083767029,0.04973973913328231,0.0,0.038562492069773066,3,3,0.0375,0.0,0.0375,inverse_time_unit,True,8000,1.0015910046544587,24000,time_unit,0.005170316301703215,0.0004927860628844379,16.355,16.44,0.10522581945349911,0.14186523783147448,0.0,0.10691749382153737,3,3,0.0375,0.0,0.0375,inverse_time_unit,True,16000,1.000225387650202
519,0.011458722944307935,1,[42],0.43140645788703313,24,0.4985511716185056,dummy,142,0.08166559813148597,ok,ok,7.43838077623047e-10,42,0.07825353922495595,mean,0.9584533746842216,True,True,mean_plus_max,0.0,time_unit,0.0010306411494346416,0.0010409396889136991,12.038333333333334,12.056666666666667,0.04894578263746613,0.0677093385734675,3,0.0,0.07825353922495595,0.07825353922495595,0.07825353922495595,0.07825353922495595,0.0,2.3333333333333335,2.3333333333333335,0.029166666666666664,0.0,0.029166666666666664,inverse_time_unit,0.9996482240457462,8000,"[{""end_in_validation_block"": 8000, ""inter_spike_interval_units"": ""time_unit"", ""isi_rel_error"": 0.0, ""mean_gap"": 0.0014056542837669328, ""mean_isi_pred"": 0.0, ""mean_isi_true"": 0.0, ""nrmse"": 0.014284255288115756, ""nrmse_x"": 0.025652723226707128, ""penalty"": 0.0, ""score"": 0.01768006159671786, ""spike_count_pred"": 1, ""spike_count_true"": 1, ""spike_frequency_pred"": 0.0125, ""spike_frequency_rel_error"": 0.0, ""spike_frequency_true"": 0.0125, ""spike_frequency_units"": ""inverse_time_unit"", ""stable"": true, ""start_in_validation_block"": 0, ""std_ratio"": 0.9976447759905259, ""window_index"": 0}, {""end_in_validation_block"": 16000, ""inter_spike_interval_units"": ""time_unit"", ""isi_rel_error"": 0.0012671059300556806, ""mean_gap"": 0.0010776075549013468, ""mean_isi_pred"": 19.705000000000002, ""mean_isi_true"": 19.73, ""nrmse"": 0.020056753918216288, ""nrmse_x"": 0.024729740373296855, ""penalty"": 0.0, ""score"": 0.019249098649895185, ""spike_count_pred"": 3, ""spike_count_true"": 3, ""spike_frequency_pred"": 0.0375, ""spike_frequency_rel_error"": 0.0, ""spike_frequency_true"": 0.0375, ""spike_frequency_units"": ""inverse_time_unit"", ""stable"": true, ""start_in_validation_block"": 8000, ""std_ratio"": 1.0009838341043158, ""window_index"": 1}, {""end_in_validation_block"": 24000, ""inter_spike_interval_units"": ""time_unit"", ""isi_rel_error"": 0.0018248175182482443, ""mean_gap"": 0.0006395572280728182, ""mean_isi_pred"": 16.41, ""mean_isi_true"": 16.44, ""nrmse"": 0.11249633870606633, ""nrmse_x"": 0.15274555212039853, ""penalty"": 0.0, ""score"": 0.1130465471018599, ""spike_count_pred"": 3, ""spike_count_true"": 3, ""spike_frequency_pred"": 0.0375, ""spike_frequency_rel_error"": 0.0, ""spike_frequency_true"": 0.0375, ""spike_frequency_units"": ""inverse_time_unit"", ""stable"": true, ""start_in_validation_block"": 16000, ""std_ratio"": 1.0003160620423968, ""window_index"": 2}]",275,8000,time_unit,0.0,0.0014056542837669328,0.0,0.0,0.014284255288115756,0.025652723226707128,0.0,0.01768006159671786,1,1,0.0125,0.0,0.0125,inverse_time_unit,True,0,0.9976447759905259,16000,time_unit,0.0012671059300556806,0.0010776075549013468,19.705000000000002,19.73,0.020056753918216288,0.024729740373296855,0.0,0.019249098649895185,3,3,0.0375,0.0,0.0375,inverse_time_unit,True,8000,1.0009838341043158,24000,time_unit,0.0018248175182482443,0.0006395572280728182,16.41,16.44,0.11249633870606633,0.15274555212039853,0.0,0.1130465471018599,3,3,0.0375,0.0,0.0375,inverse_time_unit,True,16000,1.0003160620423968
665,0.011458722944307935,1,[42],0.45808993949224797,25,0.6326715489578146,dummy,142,0.024892614292874444,ok,ok,2.717108284700747e-08,42,0.02850943970175212,mean,0.5897297419709954,True,True,mean_plus_max,0.0,time_unit,0.0005575574390525342,0.00025965181663908926,12.046666666666667,12.056666666666667,0.019095051570307834,0.025800764607367622,3,0.0,0.02850943970175212,0.02850943970175212,0.02850943970175212,0.02850943970175212,0.0,2.3333333333333335,2.3333333333333335,0.029166666666666664,0.0,0.029166666666666664,inverse_time_unit,0.99986845668407,8000,"[{""end_in_validation_block"": 8000, ""inter_spike_interval_units"": ""time_unit"", ""isi_rel_error"": 0.0, ""mean_gap"": 0.00025052031558648474, ""mean_isi_pred"": 0.0, ""mean_isi_true"": 0.0, ""nrmse"": 0.003472480340535632, ""nrmse_x"": 0.006072767700225753, ""penalty"": 0.0, ""score"": 0.0042081423202580725, ""spike_count_pred"": 1, ""spike_count_true"": 1, ""spike_frequency_pred"": 0.0125, ""spike_frequency_rel_error"": 0.0, ""spike_frequency_true"": 0.0125, ""spike_frequency_units"": ""inverse_time_unit"", ""stable"": true, ""start_in_validation_block"": 0, ""std_ratio"": 0.999828623889998, ""window_index"": 0}, {""end_in_validation_block"": 16000, ""inter_spike_interval_units"": ""time_unit"", ""isi_rel_error"": 0.0007602635580334804, ""mean_gap"": 0.00019659327714743148, ""mean_isi_pred"": 19.715, ""mean_isi_true"": 19.73, ""nrmse"": 0.017222641147897923, ""nrmse_x"": 0.021398257872418495, ""penalty"": 0.0, ""score"": 0.016454833895821395, ""spike_count_pred"": 3, ""spike_count_true"": 3, ""spike_frequency_pred"": 0.0375, ""spike_frequency_rel_error"": 0.0, ""spike_frequency_true"": 0.0375, ""spike_frequency_units"": ""inverse_time_unit"", ""stable"": true, ""start_in_validation_block"": 8000, ""std_ratio"": 0.9999808139722243, ""window_index"": 1}, {""end_in_validation_block"": 24000, ""inter_spike_interval_units"": ""time_unit"", ""isi_rel_error"": 0.0009124087591241221, ""mean_gap"": 0.0003318418571833515, ""mean_isi_pred"": 16.425, ""mean_isi_true"": 16.44, ""nrmse"": 0.036590033222489944, ""nrmse_x"": 0.04993126824945863, ""penalty"": 0.0, ""score"": 0.0370659102223868, ""spike_count_pred"": 3, ""spike_count_true"": 3, ""spike_frequency_pred"": 0.0375, ""spike_frequency_rel_error"": 0.0, ""spike_frequency_true"": 0.0375, ""spike_frequency_units"": ""inverse_time_unit"", ""stable"": true, ""start_in_validation_block"": 16000, ""std_ratio"": 0.9997959321899879, ""window_index"": 2}]",478,8000,time_unit,0.0,0.00025052031558648474,0.0,0.0,0.003472480340535632,0.006072767700225753,0.0,0.0042081423202580725,1,1,0.0125,0.0,0.0125,inverse_time_unit,True,0,0.999828623889998,16000,time_unit,0.0007602635580334804,0.00019659327714743148,19.715,19.73,0.017222641147897923,0.021398257872418495,0.0,0.016454833895821395,3,3,0.0375,0.0,0.0375,inverse_time_unit,True,8000,0.9999808139722243,24000,time_unit,0.0009124087591241221,0.0003318418571833515,16.425,16.44,0.036590033222489944,0.04993126824945863,0.0,0.0370659102223868,3,3,0.0375,0.0,0.0375,inverse_time_unit,True,16000,0.9997959321899879
475,0.011458722944307935,1,[42],0.8497005494460994,26,0.1558808210664033,dummy,142,0.16842505176935613,ok,ok,0.0004625492903709048,42,11.549340514806953,mean,0.6398811294608056,True,True,mean_plus_max,0.0,time_unit,0.6666666666666666,4.337867409599084,0.0,12.056666666666667,3.069153670703867,4.4750922001999305,3,4.671200742932413,11.549340514806953,11.549340514806953,11.549340514806953,11.549340514806953,0.0,0.0,2.3333333333333335,0.0,1.0,0.029166666666666664,inverse_time_unit,0.2734948730950885,8000,"[{""end_in_validation_block"": 8000, ""inter_spike_interval_units"": ""time_unit"", ""isi_rel_error"": 0.0, ""mean_gap"": 4.792733310645994, ""mean_isi_pred"": 0.0, ""mean_isi_true"": 0.0, ""nrmse"": 2.9663870947786135, ""nrmse_x"": 4.96461665214631, ""penalty"": 4.792733310645994, ""score"": 9.264869243021117, ""spike_count_pred"": 0, ""spike_count_true"": 1, ""spike_frequency_pred"": 0.0, ""spike_frequency_rel_error"": 1.0, ""spike_frequency_true"": 0.0125, ""spike_frequency_units"": ""inverse_time_unit"", ""stable"": true, ""start_in_validation_block"": 0, ""std_ratio"": 0.8204846192852638, ""window_index"": 0}, {""end_in_validation_block"": 16000, ""inter_spike_interval_units"": ""time_unit"", ""isi_rel_error"": 1.0, ""mean_gap"": 4.091398879091991, ""mean_isi_pred"": 0.0, ""mean_isi_true"": 19.73, ""nrmse"": 3.2450117561310936, ""nrmse_x"": 4.211833898414704, ""penalty"": 4.591398879091987, ""score"": 9.219160462252848, ""spike_count_pred"": 0, ""spike_count_true"": 3, ""spike_frequency_pred"": 0.0, ""spike_frequency_rel_error"": 1.0, ""spike_frequency_true"": 0.0375, ""spike_frequency_units"": ""inverse_time_unit"", ""stable"": true, ""start_in_validation_block"": 8000, ""std_ratio"": 8.70464586298417e-16, ""window_index"": 1}, {""end_in_validation_block"": 24000, ""inter_spike_interval_units"": ""time_unit"", ""isi_rel_error"": 1.0, ""mean_gap"": 4.129470039059263, ""mean_isi_pred"": 0.0, ""mean_isi_true"": 16.44, ""nrmse"": 2.9960621612018947, ""nrmse_x"": 4.248826050038778, ""penalty"": 4.6294700390592585, ""score"": 9.21533990688106, ""spike_count_pred"": 0, ""spike_count_true"": 3, ""spike_frequency_pred"": 0.0, ""spike_frequency_rel_error"": 1.0, ""spike_frequency_true"": 0.0375, ""spike_frequency_units"": ""inverse_time_unit"", ""stable"": true, ""start_in_validation_block"": 16000, ""std_ratio"": 8.567029599072301e-16, ""window_index"": 2}]",83,8000,time_unit,0.0,4.792733310645994,0.0,0.0,2.9663870947786135,4.96461665214631,4.792733310645994,9.264869243021117,0,1,0.0,1.0,0.0125,inverse_time_unit,True,0,0.8204846192852638,16000,time_unit,1.0,4.091398879091991,0.0,19.73,3.2450117561310936,4.211833898414704,4.591398879091987,9.219160462252848,0,3,0.0,1.0,0.0375,inverse_time_unit,True,8000,8.70464586298417e-16,24000,time_unit,1.0,4.129470039059263,0.0,16.44,2.9960621612018947,4.248826050038778,4.6294700390592585,9.21533990688106,0,3,0.0,1.0,0.0375,inverse_time_unit,True,16000,8.567029599072301e-16
252,0.011458722944307935,1,[42],0.775420323547055,27,0.29476596001595934,dummy,142,0.0868989654175205,ok,ok,4.501606207923038e-06,42,0.15782549045729932,mean,0.8853554302455064,True,True,mean_plus_max,0.0,time_unit,0.001807861112858183,0.0010464029487638395,12.025,12.056666666666667,0.09696478872733137,0.1306300827093507,3,0.0,0.15782549045729932,0.15782549045729932,0.15782549045729932,0.15782549045729932,0.0,2.3333333333333335,2.3333333333333335,0.029166666666666664,0.0,0.029166666666666664,inverse_time_unit,1.0000436387308838,8000,"[{""end_in_validation_block"": 8000, ""inter_spike_interval_units"": ""time_unit"", ""isi_rel_error"": 0.0, ""mean_gap"": 0.00030610745257161735, ""mean_isi_pred"": 0.0, ""mean_isi_true"": 0.0, ""nrmse"": 0.0022306867017938903, ""nrmse_x"": 0.0033383030696993656, ""penalty"": 0.0, ""score"": 0.0023937383637831237, ""spike_count_pred"": 1, ""spike_count_true"": 1, ""spike_frequency_pred"": 0.0125, ""spike_frequency_rel_error"": 0.0, ""spike_frequency_true"": 0.0125, ""spike_frequency_units"": ""inverse_time_unit"", ""stable"": true, ""start_in_validation_block"": 0, ""std_ratio"": 1.0014579922450164, ""window_index"": 0}, {""end_in_validation_block"": 16000, ""inter_spike_interval_units"": ""time_unit"", ""isi_rel_error"": 0.001773948302078061, ""mean_gap"": 0.0010961988018641465, ""mean_isi_pred"": 19.695, ""mean_isi_true"": 19.73, ""nrmse"": 0.04754607181915471, ""nrmse_x"": 0.05904094600004652, ""penalty"": 0.0, ""score"": 0.0452460124058533, ""spike_count_pred"": 3, ""spike_count_true"": 3, ""spike_frequency_pred"": 0.0375, ""spike_frequency_rel_error"": 0.0, ""spike_frequency_true"": 0.0375, ""spike_frequency_units"": ""inverse_time_unit"", ""stable"": true, ""start_in_validation_block"": 8000, ""std_ratio"": 0.9995904733759277, ""window_index"": 1}, {""end_in_validation_block"": 24000, ""inter_spike_interval_units"": ""time_unit"", ""isi_rel_error"": 0.0036496350364964886, ""mean_gap"": 0.0017369025918557547, ""mean_isi_pred"": 16.38, ""mean_isi_true"": 16.44, ""nrmse"": 0.2411176076610455, ""nrmse_x"": 0.32951099905830616, ""penalty"": 0.0, ""score"": 0.24333526891557805, ""spike_count_pred"": 3, ""spike_count_true"": 3, ""spike_frequency_pred"": 0.0375, ""spike_frequency_rel_error"": 0.0, ""spike_frequency_true"": 0.0375, ""spike_frequency_units"": ""inverse_time_unit"", ""stable"": true, ""start_in_validation_block"": 16000, ""std_ratio"": 0.999082450571707, ""window_index"": 2}]",55,8000,time_unit,0.0,0.00030610745257161735,0.0,0.0,0.0022306867017938903,0.0033383030696993656,0.0,0.0023937383637831237,1,1,0.0125,0.0,0.0125,inverse_time_unit,True,0,1.0014579922450164,16000,time_unit,0.001773948302078061,0.0010961988018641465,19.695,19.73,0.04754607181915471,0.05904094600004652,0.0,0.0452460124058533,3,3,0.0375,0.0,0.0375,inverse_time_unit,True,8000,0.9995904733759277,24000,time_unit,0.0036496350364964886,0.0017369025918557547,16.38,16.44,0.2411176076610455,0.32951099905830616,0.0,0.24333526891557805,3,3,0.0375,0.0,0.0375,inverse_time_unit,True,16000,0.999082450571707
546,0.011458722944307935,1,[42],0.7240887007440391,28,0.1650100917128861,dummy,142,0.022199651981952305,ok,ok,0.00027824254965896233,42,10.974735234211888,mean,0.6502516907128715,True,True,mean_plus_max,0.0,time_unit,0.6666666666666666,4.095230182927977,0.0,12.056666666666667,3.01260806009182,4.441821187309628,3,4.42856351626131,10.974735234211888,10.974735234211888,10.974735234211888,10.974735234211888,0.0,0.3333333333333333,2.3333333333333335,0.004166666666666667,0.6666666666666666,0.029166666666666664,inverse_time_unit,0.7882584588543299,8000,"[{""end_in_validation_block"": 8000, ""inter_spike_interval_units"": ""time_unit"", ""isi_rel_error"": 0.0, ""mean_gap"": 3.8975210367935307, ""mean_isi_pred"": 0.0, ""mean_isi_true"": 0.0, ""nrmse"": 2.5896525249476308, ""nrmse_x"": 4.702154431155092, ""penalty"": 3.8975210367935307, ""score"": 7.131119105165739, ""spike_count_pred"": 1, ""spike_count_true"": 1, ""spike_frequency_pred"": 0.0125, ""spike_frequency_rel_error"": 0.0, ""spike_frequency_true"": 0.0125, ""spike_frequency_units"": ""inverse_time_unit"", ""stable"": true, ""start_in_validation_block"": 0, ""std_ratio"": 2.3647753765629895, ""window_index"": 0}, {""end_in_validation_block"": 16000, ""inter_spike_interval_units"": ""time_unit"", ""isi_rel_error"": 1.0, ""mean_gap"": 4.175715680043698, ""mean_isi_pred"": 0.0, ""mean_isi_true"": 19.73, ""nrmse"": 3.45109605169592, ""nrmse_x"": 4.293786375748427, ""penalty"": 4.675715680043698, ""score"": 9.400072199629314, ""spike_count_pred"": 0, ""spike_count_true"": 3, ""spike_frequency_pred"": 0.0, ""spike_frequency_rel_error"": 1.0, ""spike_frequency_true"": 0.0375, ""spike_frequency_units"": ""inverse_time_unit"", ""stable"": true, ""start_in_validation_block"": 8000, ""std_ratio"": 0.0, ""window_index"": 1}, {""end_in_validation_block"": 24000, ""inter_spike_interval_units"": ""time_unit"", ""isi_rel_error"": 1.0, ""mean_gap"": 4.2124538319467, ""mean_isi_pred"": 0.0, ""mean_isi_true"": 16.44, ""nrmse"": 2.9970756036319104, ""nrmse_x"": 4.3295227550253665, ""penalty"": 4.7124538319467, ""score"": 9.34296024811863, ""spike_count_pred"": 0, ""spike_count_true"": 3, ""spike_frequency_pred"": 0.0, ""spike_frequency_rel_error"": 1.0, ""spike_frequency_true"": 0.0375, ""spike_frequency_units"": ""inverse_time_unit"", ""stable"": true, ""start_in_validation_block"": 16000, ""std_ratio"": 0.0, ""window_index"": 2}]",318,8000,time_unit,0.0,3.8975210367935307,0.0,0.0,2.5896525249476308,4.702154431155092,3.8975210367935307,7.131119105165739,1,1,0.0125,0.0,0.0125,inverse_time_unit,True,0,2.3647753765629895,16000,time_unit,1.0,4.175715680043698,0.0,19.73,3.45109605169592,4.293786375748427,4.675715680043698,9.400072199629314,0,3,0.0,1.0,0.0375,inverse_time_unit,True,8000,0.0,24000,time_unit,1.0,4.2124538319467,0.0,16.44,2.9970756036319104,4.3295227550253665,4.7124538319467,9.34296024811863,0,3,0.0,1.0,0.0375,inverse_time_unit,True,16000,0.0
409,0.011458722944307935,1,[42],0.21031664728885796,29,0.32235244957036113,dummy,142,0.1363338586115168,ok,ok,2.019564464222283e-06,42,0.15484616798841672,mean,0.8455965185990504,True,True,mean_plus_max,0.0,time_unit,0.003362301039705062,0.0017673482092259967,12.078333333333333,12.056666666666667,0.0976900355888579,0.13321654328453694,3,0.0,0.15484616798841672,0.15484616798841672,0.15484616798841672,0.15484616798841672,0.0,2.3333333333333335,2.3333333333333335,0.029166666666666664,0.0,0.029166666666666664,inverse_time_unit,0.9990607065200519,8000,"[{""end_in_validation_block"": 8000, ""inter_spike_interval_units"": ""time_unit"", ""isi_rel_error"": 0.0, ""mean_gap"": 0.0019028785981583993, ""mean_isi_pred"": 0.0, ""mean_isi_true"": 0.0, ""nrmse"": 0.02004820796439148, ""nrmse_x"": 0.03580082033290893, ""penalty"": 0.0, ""score"": 0.024702503174197782, ""spike_count_pred"": 1, ""spike_count_true"": 1, ""spike_frequency_pred"": 0.0125, ""spike_frequency_rel_error"": 0.0, ""spike_frequency_true"": 0.0125, ""spike_frequency_units"": ""inverse_time_unit"", ""stable"": true, ""start_in_validation_block"": 0, ""std_ratio"": 0.9974356168861287, ""window_index"": 0}, {""end_in_validation_block"": 16000, ""inter_spike_interval_units"": ""time_unit"", ""isi_rel_error"": 0.0027876330461226416, ""mean_gap"": 0.0013652086217973702, ""mean_isi_pred"": 19.675, ""mean_isi_true"": 19.73, ""nrmse"": 0.0537532958427773, ""nrmse_x"": 0.06670907627875629, ""penalty"": 0.0, ""score"": 0.051522132437071606, ""spike_count_pred"": 3, ""spike_count_true"": 3, ""spike_frequency_pred"": 0.0375, ""spike_frequency_rel_error"": 0.0, ""spike_frequency_true"": 0.0375, ""spike_frequency_units"": ""inverse_time_unit"", ""stable"": true, ""start_in_validation_block"": 8000, ""std_ratio"": 1.0009456621434574, ""window_index"": 1}, {""end_in_validation_block"": 24000, ""inter_spike_interval_units"": ""time_unit"", ""isi_rel_error"": 0.007299270072992544, ""mean_gap"": 0.002033957407722221, ""mean_isi_pred"": 16.56, ""mean_isi_true"": 16.44, ""nrmse"": 0.2192686029594049, ""nrmse_x"": 0.2971397332419456, ""penalty"": 0.0, ""score"": 0.22189363905941756, ""spike_count_pred"": 3, ""spike_count_true"": 3, ""spike_frequency_pred"": 0.0375, ""spike_frequency_rel_error"": 0.0, ""spike_frequency_true"": 0.0375, ""spike_frequency_units"": ""inverse_time_unit"", ""stable"": true, ""start_in_validation_block"": 16000, ""std_ratio"": 0.9988008405305695, ""window_index"": 2}]",245,8000,time_unit,0.0,0.0019028785981583993,0.0,0.0,0.02004820796439148,0.03580082033290893,0.0,0.024702503174197782,1,1,0.0125,0.0,0.0125,inverse_time_unit,True,0,0.9974356168861287,16000,time_unit,0.0027876330461226416,0.0013652086217973702,19.675,19.73,0.0537532958427773,0.06670907627875629,0.0,0.051522132437071606,3,3,0.0375,0.0,0.0375,inverse_time_unit,True,8000,1.0009456621434574,24000,time_unit,0.007299270072992544,0.002033957407722221,16.56,16.44,0.2192686029594049,0.2971397332419456,0.0,0.22189363905941756,3,3,0.0375,0.0,0.0375,inverse_time_unit,True,16000,0.9988008405305695
614,0.011458722944307935,1,[42],0.35476444689626735,30,0.585379218189688,dummy,142,0.10391577496360119,ok,ok,0.0006460776706995619,42,7.498749996974293,mean,0.7137893637655572,True,True,mean_plus_max,0.0,time_unit,0.6666666666666666,2.350187452281645,0.0,12.056666666666667,1.9508993904851655,2.593934083782772,3,2.683520785614975,7.498749996974293,7.498749996974293,7.498749996974293,7.498749996974293,0.0,0.0,2.3333333333333335,0.0,1.0,0.029166666666666664,inverse_time_unit,0.25658510858664246,8000,"[{""end_in_validation_block"": 8000, ""inter_spike_interval_units"": ""time_unit"", ""isi_rel_error"": 0.0, ""mean_gap"": 2.36142756922876, ""mean_isi_pred"": 0.0, ""mean_isi_true"": 0.0, ""nrmse"": 1.7718061623441317, ""nrmse_x"": 2.6838948461093297, ""penalty"": 2.36142756922876, ""score"": 5.280521275174925, ""spike_count_pred"": 0, ""spike_count_true"": 1, ""spike_frequency_pred"": 0.0, ""spike_frequency_rel_error"": 1.0, ""spike_frequency_true"": 0.0125, ""spike_frequency_units"": ""inverse_time_unit"", ""stable"": true, ""start_in_validation_block"": 0, ""std_ratio"": 0.7697553257599256, ""window_index"": 0}, {""end_in_validation_block"": 16000, ""inter_spike_interval_units"": ""time_unit"", ""isi_rel_error"": 1.0, ""mean_gap"": 2.3114618396276225, ""mean_isi_pred"": 0.0, ""mean_isi_true"": 19.73, ""nrmse"": 2.1861576094549924, ""nrmse_x"": 2.5185026972498386, ""penalty"": 2.811461839627618, ""score"": 6.243177725478778, ""spike_count_pred"": 0, ""spike_count_true"": 3, ""spike_frequency_pred"": 0.0, ""spike_frequency_rel_error"": 1.0, ""spike_frequency_true"": 0.0375, ""spike_frequency_units"": ""inverse_time_unit"", ""stable"": true, ""start_in_validation_block"": 8000, ""std_ratio"": 9.147388009261935e-16, ""window_index"": 1}, {""end_in_validation_block"": 24000, ""inter_spike_interval_units"": ""time_unit"", ""isi_rel_error"": 1.0, ""mean_gap"": 2.377672947988552, ""mean_isi_pred"": 0.0, ""mean_isi_true"": 16.44, ""nrmse"": 1.8947343996563721, ""nrmse_x"": 2.5794047079891462, ""penalty"": 2.8776729479885477, ""score"": 6.270029137296671, ""spike_count_pred"": 0, ""spike_count_true"": 3, ""spike_frequency_pred"": 0.0, ""spike_frequency_rel_error"": 1.0, ""spike_frequency_true"": 0.0375, ""spike_frequency_units"": ""inverse_time_unit"", ""stable"": true, ""start_in_validation_block"": 16000, ""std_ratio"": 9.34466695412336e-16, ""window_index"": 2}]",265,8000,time_unit,0.0,2.36142756922876,0.0,0.0,1.7718061623441317,2.6838948461093297,2.36142756922876,5.280521275174925,0,1,0.0,1.0,0.0125,inverse_time_unit,True,0,0.7697553257599256,16000,time_unit,1.0,2.3114618396276225,0.0,19.73,2.1861576094549924,2.5185026972498386,2.811461839627618,6.243177725478778,0,3,0.0,1.0,0.0375,inverse_time_unit,True,8000,9.147388009261935e-16,24000,time_unit,1.0,2.377672947988552,0.0,16.44,1.8947343996563721,2.5794047079891462,2.8776729479885477,6.270029137296671,0,3,0.0,1.0,0.0375,inverse_time_unit,True,16000,9.34466695412336e-16
353,0.006166668771112436,1,[42],0.3699671951009597,1,0.5058104087973913,forest,242,0.02993674004782221,ok,ok,5.654692453186724e-10,42,0.006166668771112436,mean,0.953301813034225,True,True,mean_plus_max,0.0,time_unit,0.00020275750202760668,6.346102675919063e-05,12.053333333333333,12.056666666666667,0.0038930110506851315,0.005307208764675393,3,0.0,0.006166668771112436,0.006166668771112436,0.006166668771112436,0.006166668771112436,0.0,2.3333333333333335,2.3333333333333335,0.029166666666666664,0.0,0.029166666666666664,inverse_time_unit,0.9999824852295349,8000,"[{""end_in_validation_block"": 8000, ""inter_spike_interval_units"": ""time_unit"", ""isi_rel_error"": 0.0, ""mean_gap"": 9.539670946458732e-05, ""mean_isi_pred"": 0.0, ""mean_isi_true"": 0.0, ""nrmse"": 0.0010057607034830217, ""nrmse_x"": 0.0017935621271424984, ""penalty"": 0.0, ""score"": 0.0012378993457991296, ""spike_count_pred"": 1, ""spike_count_true"": 1, ""spike_frequency_pred"": 0.0125, ""spike_frequency_rel_error"": 0.0, ""spike_frequency_true"": 0.0125, ""spike_frequency_units"": ""inverse_time_unit"", ""stable"": true, ""start_in_validation_block"": 0, ""std_ratio"": 0.9998702024742178, ""window_index"": 0}, {""end_in_validation_block"": 16000, ""inter_spike_interval_units"": ""time_unit"", ""isi_rel_error"": 0.0, ""mean_gap"": 5.5536372843740675e-05, ""mean_isi_pred"": 19.73, ""mean_isi_true"": 19.73, ""nrmse"": 0.002199447395396643, ""nrmse_x"": 0.0027286146558142413, ""penalty"": 0.0, ""score"": 0.0020505999095469934, ""spike_count_pred"": 3, ""spike_count_true"": 3, ""spike_frequency_pred"": 0.0375, ""spike_frequency_rel_error"": 0.0, ""spike_frequency_true"": 0.0375, ""spike_frequency_units"": ""inverse_time_unit"", ""stable"": true, ""start_in_validation_block"": 8000, ""std_ratio"": 1.0000570119774053, ""window_index"": 1}, {""end_in_validation_block"": 24000, ""inter_spike_interval_units"": ""time_unit"", ""isi_rel_error"": 0.00060827250608282, ""mean_gap"": 3.9449997969243886e-05, ""mean_isi_pred"": 16.43, ""mean_isi_true"": 16.44, ""nrmse"": 0.008473825053175729, ""nrmse_x"": 0.011399449511069441, ""penalty"": 0.0, ""score"": 0.008692289747423535, ""spike_count_pred"": 3, ""spike_count_true"": 3, ""spike_frequency_pred"": 0.0375, ""spike_frequency_rel_error"": 0.0, ""spike_frequency_true"": 0.0375, ""spike_frequency_units"": ""inverse_time_unit"", ""stable"": true, ""start_in_validation_block"": 16000, ""std_ratio"": 1.0000202412369814, ""window_index"": 2}]",389,8000,time_unit,0.0,9.539670946458732e-05,0.0,0.0,0.0010057607034830217,0.0017935621271424984,0.0,0.0012378993457991296,1,1,0.0125,0.0,0.0125,inverse_time_unit,True,0,0.9998702024742178,16000,time_unit,0.0,5.5536372843740675e-05,19.73,19.73,0.002199447395396643,0.0027286146558142413,0.0,0.0020505999095469934,3,3,0.0375,0.0,0.0375,inverse_time_unit,True,8000,1.0000570119774053,24000,time_unit,0.00060827250608282,3.9449997969243886e-05,16.43,16.44,0.008473825053175729,0.011399449511069441,0.0,0.008692289747423535,3,3,0.0375,0.0,0.0375,inverse_time_unit,True,16000,1.0000202412369814
544,0.006166668771112436,1,[42],0.5026646275063057,2,0.207074469292392,forest,242,0.045393643743467105,ok,ok,6.216182424018618e-05,42,10.336839201456161,mean,0.8979342218049331,True,True,mean_plus_max,0.0,time_unit,0.6666666666666666,3.7574503369802748,0.0,12.056666666666667,2.666625356672501,3.9232327347204383,3,4.090783670313606,10.336839201456161,10.336839201456161,10.336839201456161,10.336839201456161,0.0,0.0,2.3333333333333335,0.0,1.0,0.029166666666666664,inverse_time_unit,0.3101045872647948,8000,"[{""end_in_validation_block"": 8000, ""inter_spike_interval_units"": ""time_unit"", ""isi_rel_error"": 0.0, ""mean_gap"": 4.057203115403467, ""mean_isi_pred"": 0.0, ""mean_isi_true"": 0.0, ""nrmse"": 2.527177238842563, ""nrmse_x"": 4.2824750406349334, ""penalty"": 4.057203115403467, ""score"": 8.044358697463322, ""spike_count_pred"": 0, ""spike_count_true"": 1, ""spike_frequency_pred"": 0.0, ""spike_frequency_rel_error"": 1.0, ""spike_frequency_true"": 0.0125, ""spike_frequency_units"": ""inverse_time_unit"", ""stable"": true, ""start_in_validation_block"": 0, ""std_ratio"": 0.9303137617943826, ""window_index"": 0}, {""end_in_validation_block"": 16000, ""inter_spike_interval_units"": ""time_unit"", ""isi_rel_error"": 1.0, ""mean_gap"": 3.5845317046800704, ""mean_isi_pred"": 0.0, ""mean_isi_true"": 19.73, ""nrmse"": 2.8673542258714706, ""nrmse_x"": 3.721406661714979, ""penalty"": 4.084531704680066, ""score"": 8.348143925091172, ""spike_count_pred"": 0, ""spike_count_true"": 3, ""spike_frequency_pred"": 0.0, ""spike_frequency_rel_error"": 1.0, ""spike_frequency_true"": 0.0375, ""spike_frequency_units"": ""inverse_time_unit"", ""stable"": true, ""start_in_validation_block"": 8000, ""std_ratio"": 8.70464586298417e-16, ""window_index"": 1}, {""end_in_validation_block"": 24000, ""inter_spike_interval_units"": ""time_unit"", ""isi_rel_error"": 1.0, ""mean_gap"": 3.6306161908572876, ""mean_isi_pred"": 0.0, ""mean_isi_true"": 16.44, ""nrmse"": 2.6053446053034697, ""nrmse_x"": 3.765816501811405, ""penalty"": 4.130616190857284, ""score"": 8.353151418179424, ""spike_count_pred"": 0, ""spike_count_true"": 3, ""spike_frequency_pred"": 0.0, ""spike_frequency_rel_error"": 1.0, ""spike_frequency_true"": 0.0375, ""spike_frequency_units"": ""inverse_time_unit"", ""stable"": true, ""start_in_validation_block"": 16000, ""std_ratio"": 8.567029599072301e-16, ""window_index"": 2}]",172,8000,time_unit,0.0,4.057203115403467,0.0,0.0,2.527177238842563,4.2824750406349334,4.057203115403467,8.044358697463322,0,1,0.0,1.0,0.0125,inverse_time_unit,True,0,0.9303137617943826,16000,time_unit,1.0,3.5845317046800704,0.0,19.73,2.8673542258714706,3.721406661714979,4.084531704680066,8.348143925091172,0,3,0.0,1.0,0.0375,inverse_time_unit,True,8000,8.70464586298417e-16,24000,time_unit,1.0,3.6306161908572876,0.0,16.44,2.6053446053034697,3.765816501811405,4.130616190857284,8.353151418179424,0,3,0.0,1.0,0.0375,inverse_time_unit,True,16000,8.567029599072301e-16
679,0.006166668771112436,1,[42],0.5527582101472412,3,0.4893932410425015,forest,242,0.11479874712145936,ok,ok,1.588856229996476e-10,42,16.949619911344428,mean,0.5437324624377247,True,True,mean_plus_max,0.0,time_unit,0.6666666666666666,6.454868959402276,0.0,12.056666666666667,5.530811277839672,7.01830538253513,3,6.788202292735607,16.949619911344428,16.949619911344428,16.949619911344428,16.949619911344428,0.0,0.0,2.3333333333333335,0.0,1.0,0.029166666666666664,inverse_time_unit,1.3522204672009825,8000,"[{""end_in_validation_block"": 8000, ""inter_spike_interval_units"": ""time_unit"", ""isi_rel_error"": 0.0, ""mean_gap"": 5.473230756036755, ""mean_isi_pred"": 0.0, ""mean_isi_true"": 0.0, ""nrmse"": 4.745933726172965, ""nrmse_x"": 7.020304232978568, ""penalty"": 5.473230756036755, ""score"": 11.520881515718209, ""spike_count_pred"": 0, ""spike_count_true"": 1, ""spike_frequency_pred"": 0.0, ""spike_frequency_rel_error"": 1.0, ""spike_frequency_true"": 0.0125, ""spike_frequency_units"": ""inverse_time_unit"", ""stable"": true, ""start_in_validation_block"": 0, ""std_ratio"": 4.056661401602946, ""window_index"": 0}, {""end_in_validation_block"": 16000, ""inter_spike_interval_units"": ""time_unit"", ""isi_rel_error"": 1.0, ""mean_gap"": 6.949243051935619, ""mean_isi_pred"": 0.0, ""mean_isi_true"": 19.73, ""nrmse"": 6.122229613145505, ""nrmse_x"": 7.020824666296366, ""penalty"": 7.449243051935615, ""score"": 14.341254021684993, ""spike_count_pred"": 0, ""spike_count_true"": 3, ""spike_frequency_pred"": 0.0, ""spike_frequency_rel_error"": 1.0, ""spike_frequency_true"": 0.0375, ""spike_frequency_units"": ""inverse_time_unit"", ""stable"": true, ""start_in_validation_block"": 8000, ""std_ratio"": 8.70464586298417e-16, ""window_index"": 1}, {""end_in_validation_block"": 24000, ""inter_spike_interval_units"": ""time_unit"", ""isi_rel_error"": 1.0, ""mean_gap"": 6.942133070234456, ""mean_isi_pred"": 0.0, ""mean_isi_true"": 16.44, ""nrmse"": 5.724270494200548, ""nrmse_x"": 7.013787248330454, ""penalty"": 7.442133070234451, ""score"": 14.230783680366338, ""spike_count_pred"": 0, ""spike_count_true"": 3, ""spike_frequency_pred"": 0.0, ""spike_frequency_rel_error"": 1.0, ""spike_frequency_true"": 0.0375, ""spike_frequency_units"": ""inverse_time_unit"", ""stable"": true, ""start_in_validation_block"": 16000, ""std_ratio"": 8.567029599072301e-16, ""window_index"": 2}]",153,8000,time_unit,0.0,5.473230756036755,0.0,0.0,4.745933726172965,7.020304232978568,5.473230756036755,11.520881515718209,0,1,0.0,1.0,0.0125,inverse_time_unit,True,0,4.056661401602946,16000,time_unit,1.0,6.949243051935619,0.0,19.73,6.122229613145505,7.020824666296366,7.449243051935615,14.341254021684993,0,3,0.0,1.0,0.0375,inverse_time_unit,True,8000,8.70464586298417e-16,24000,time_unit,1.0,6.942133070234456,0.0,16.44,5.724270494200548,7.013787248330454,7.442133070234451,14.230783680366338,0,3,0.0,1.0,0.0375,inverse_time_unit,True,16000,8.567029599072301e-16
502,0.006166668771112436,1,[42],0.8642839871503328,4,0.13758131066967175,forest,242,0.022912696436422027,ok,ok,1.408557077525911e-07,42,0.08611470095384205,mean,1.102815944404016,True,True,mean_plus_max,0.0,time_unit,0.003125836259083963,0.0005853266937774312,12.108333333333334,12.056666666666667,0.05119042589883474,0.06906730689194128,3,0.0,0.08611470095384205,0.08611470095384205,0.08611470095384205,0.08611470095384205,0.0,2.3333333333333335,2.3333333333333335,0.029166666666666664,0.0,0.029166666666666664,inverse_time_unit,0.9996988342388574,8000,"[{""end_in_validation_block"": 8000, ""inter_spike_interval_units"": ""time_unit"", ""isi_rel_error"": 0.0, ""mean_gap"": 0.0006451133673483625, ""mean_isi_pred"": 0.0, ""mean_isi_true"": 0.0, ""nrmse"": 0.004949110409779368, ""nrmse_x"": 0.00899408891775244, ""penalty"": 0.0, ""score"": 0.006184026507208685, ""spike_count_pred"": 1, ""spike_count_true"": 1, ""spike_frequency_pred"": 0.0125, ""spike_frequency_rel_error"": 0.0, ""spike_frequency_true"": 0.0125, ""spike_frequency_units"": ""inverse_time_unit"", ""stable"": true, ""start_in_validation_block"": 0, ""std_ratio"": 0.9987117390630891, ""window_index"": 0}, {""end_in_validation_block"": 16000, ""inter_spike_interval_units"": ""time_unit"", ""isi_rel_error"": 0.0002534211860111001, ""mean_gap"": 0.0003946943354900748, ""mean_isi_pred"": 19.735, ""mean_isi_true"": 19.73, ""nrmse"": 0.01681086387176079, ""nrmse_x"": 0.020837357964010778, ""penalty"": 0.0, ""score"": 0.015789973441151677, ""spike_count_pred"": 3, ""spike_count_true"": 3, ""spike_frequency_pred"": 0.0375, ""spike_frequency_rel_error"": 0.0, ""spike_frequency_true"": 0.0375, ""spike_frequency_units"": ""inverse_time_unit"", ""stable"": true, ""start_in_validation_block"": 8000, ""std_ratio"": 1.0007198318666097, ""window_index"": 1}, {""end_in_validation_block"": 24000, ""inter_spike_interval_units"": ""time_unit"", ""isi_rel_error"": 0.009124087591240788, ""mean_gap"": 0.0007161723784938564, ""mean_isi_pred"": 16.59, ""mean_isi_true"": 16.44, ""nrmse"": 0.13181130341496405, ""nrmse_x"": 0.17737047379406062, ""penalty"": 0.0, ""score"": 0.13506863023609475, ""spike_count_pred"": 3, ""spike_count_true"": 3, ""spike_frequency_pred"": 0.0375, ""spike_frequency_rel_error"": 0.0, ""spike_frequency_true"": 0.0375, ""spike_frequency_units"": ""inverse_time_unit"", ""stable"": true, ""start_in_validation_block"": 16000, ""std_ratio"": 0.9996649317868731, ""window_index"": 2}]",271,8000,time_unit,0.0,0.0006451133673483625,0.0,0.0,0.004949110409779368,0.00899408891775244,0.0,0.006184026507208685,1,1,0.0125,0.0,0.0125,inverse_time_unit,True,0,0.9987117390630891,16000,time_unit,0.0002534211860111001,0.0003946943354900748,19.735,19.73,0.01681086387176079,0.020837357964010778,0.0,0.015789973441151677,3,3,0.0375,0.0,0.0375,inverse_time_unit,True,8000,1.0007198318666097,24000,time_unit,0.009124087591240788,0.0007161723784938564,16.59,16.44,0.13181130341496405,0.17737047379406062,0.0,0.13506863023609475,3,3,0.0375,0.0,0.0375,inverse_time_unit,True,16000,0.9996649317868731
622,0.006166668771112436,1,[42],0.9730521784729749,5,0.45785780876272386,forest,242,0.18854683758470783,ok,ok,0.0002406176612122217,42,42.87069493500064,mean,0.8694709044901843,True,True,mean_plus_max,0.0,time_unit,0.9712770156145436,2.5019670181201747,0.8024372977346278,12.056666666666667,2.3295352017312645,2.9668160998699555,3,2.2769711348661343,42.87069493500064,42.87069493500064,42.87069493500064,42.87069493500064,0.0,75.0,2.3333333333333335,0.9375,27.777777777777775,0.029166666666666664,inverse_time_unit,0.9538817308004388,8000,"[{""end_in_validation_block"": 8000, ""inter_spike_interval_units"": ""time_unit"", ""isi_rel_error"": 1.0, ""mean_gap"": 0.6749876497621198, ""mean_isi_pred"": 0.8618750000000001, ""mean_isi_true"": 0.0, ""nrmse"": 1.0179438784087338, ""nrmse_x"": 1.7446501741810632, ""penalty"": 0.0, ""score"": 17.714043565401767, ""spike_count_pred"": 17, ""spike_count_true"": 1, ""spike_frequency_pred"": 0.2125, ""spike_frequency_rel_error"": 15.999999999999998, ""spike_frequency_true"": 0.0125, ""spike_frequency_units"": ""inverse_time_unit"", ""stable"": true, ""start_in_validation_block"": 0, ""std_ratio"": 2.1240310625162206, ""window_index"": 0}, {""end_in_validation_block"": 16000, ""inter_spike_interval_units"": ""time_unit"", ""isi_rel_error"": 0.9608451965613451, ""mean_gap"": 3.494323314119202, ""mean_isi_pred"": 0.7725242718446602, ""mean_isi_true"": 19.73, ""nrmse"": 3.2554532518861308, ""nrmse_x"": 3.653497354026556, ""penalty"": 3.494323314119202, ""score"": 40.464699436752674, ""spike_count_pred"": 104, ""spike_count_true"": 3, ""spike_frequency_pred"": 1.3, ""spike_frequency_rel_error"": 33.666666666666664, ""spike_frequency_true"": 0.0375, ""spike_frequency_units"": ""inverse_time_unit"", ""stable"": true, ""start_in_validation_block"": 8000, ""std_ratio"": 0.3715844929414137, ""window_index"": 1}, {""end_in_validation_block"": 24000, ""inter_spike_interval_units"": ""time_unit"", ""isi_rel_error"": 0.9529858502822857, ""mean_gap"": 3.336590090479202, ""mean_isi_pred"": 0.7729126213592232, ""mean_isi_true"": 16.44, ""nrmse"": 2.7152084748989287, ""nrmse_x"": 3.5023007714022474, ""penalty"": 3.336590090479202, ""score"": 40.084817225282976, ""spike_count_pred"": 104, ""spike_count_true"": 3, ""spike_frequency_pred"": 1.3, ""spike_frequency_rel_error"": 33.666666666666664, ""spike_frequency_true"": 0.0375, ""spike_frequency_units"": ""inverse_time_unit"", ""stable"": true, ""start_in_validation_block"": 16000, ""std_ratio"": 0.36602963694368196, ""window_index"": 2}]",91,8000,time_unit,1.0,0.6749876497621198,0.8618750000000001,0.0,1.0179438784087338,1.7446501741810632,0.0,17.714043565401767,17,1,0.2125,15.999999999999998,0.0125,inverse_time_unit,True,0,2.1240310625162206,16000,time_unit,0.9608451965613451,3.494323314119202,0.7725242718446602,19.73,3.2554532518861308,3.653497354026556,3.494323314119202,40.464699436752674,104,3,1.3,33.666666666666664,0.0375,inverse_time_unit,True,8000,0.3715844929414137,24000,time_unit,0.9529858502822857,3.336590090479202,0.7729126213592232,16.44,2.7152084748989287,3.5023007714022474,3.336590090479202,40.084817225282976,104,3,1.3,33.666666666666664,0.0375,inverse_time_unit,True,16000,0.36602963694368196
733,0.006166668771112436,1,[42],0.7837543381923907,6,0.6085455357587378,forest,242,0.16512823625478867,ok,ok,0.00010453599307570349,42,3.483204408245778,mean,0.947299795074406,True,True,mean_plus_max,0.0,time_unit,0.6666666666666666,0.18638677023274383,0.0,12.056666666666667,1.6908017085209657,1.0342663700948378,3,0.4132343757849413,3.483204408245778,3.483204408245778,3.483204408245778,3.483204408245778,0.0,0.0,2.3333333333333335,0.0,1.0,0.029166666666666664,inverse_time_unit,0.017353124843011745,8000,"[{""end_in_validation_block"": 8000, ""inter_spike_interval_units"": ""time_unit"", ""isi_rel_error"": 0.0, ""mean_gap"": 0.45551230822607786, ""mean_isi_pred"": 0.0, ""mean_isi_true"": 0.0, ""nrmse"": 1.8937996217528554, ""nrmse_x"": 1.1000930778960207, ""penalty"": 0.23970312735484134, ""score"": 2.3182042256358666, ""spike_count_pred"": 0, ""spike_count_true"": 1, ""spike_frequency_pred"": 0.0, ""spike_frequency_rel_error"": 1.0, ""spike_frequency_true"": 0.0125, ""spike_frequency_units"": ""inverse_time_unit"", ""stable"": true, ""start_in_validation_block"": 0, ""std_ratio"": 0.05205937452903174, ""window_index"": 0}, {""end_in_validation_block"": 16000, ""inter_spike_interval_units"": ""time_unit"", ""isi_rel_error"": 1.0, ""mean_gap"": 0.05653519927566466, ""mean_isi_pred"": 0.0, ""mean_isi_true"": 19.73, ""nrmse"": 1.4596094331959972, ""nrmse_x"": 1.0015968394304862, ""penalty"": 0.4999999999999911, ""score"": 2.9157806199857577, ""spike_count_pred"": 0, ""spike_count_true"": 3, ""spike_frequency_pred"": 0.0, ""spike_frequency_rel_error"": 1.0, ""spike_frequency_true"": 0.0375, ""spike_frequency_units"": ""inverse_time_unit"", ""stable"": true, ""start_in_validation_block"": 8000, ""std_ratio"": 1.7749326009300504e-15, ""window_index"": 1}, {""end_in_validation_block"": 24000, ""inter_spike_interval_units"": ""time_unit"", ""isi_rel_error"": 1.0, ""mean_gap"": 0.04711280319648896, ""mean_isi_pred"": 0.0, ""mean_isi_true"": 16.44, ""nrmse"": 1.7189960706140444, ""nrmse_x"": 1.0011091929580067, ""penalty"": 0.49999999999999145, ""score"": 2.980359073780406, ""spike_count_pred"": 0, ""spike_count_true"": 3, ""spike_frequency_pred"": 0.0, ""spike_frequency_rel_error"": 1.0, ""spike_frequency_true"": 0.0375, ""spike_frequency_units"": ""inverse_time_unit"", ""stable"": true, ""start_in_validation_block"": 16000, ""std_ratio"": 1.7188451529715493e-15, ""window_index"": 2}]",495,8000,time_unit,0.0,0.45551230822607786,0.0,0.0,1.8937996217528554,1.1000930778960207,0.23970312735484134,2.3182042256358666,0,1,0.0,1.0,0.0125,inverse_time_unit,True,0,0.05205937452903174,16000,time_unit,1.0,0.05653519927566466,0.0,19.73,1.4596094331959972,1.0015968394304862,0.4999999999999911,2.9157806199857577,0,3,0.0,1.0,0.0375,inverse_time_unit,True,8000,1.7749326009300504e-15,24000,time_unit,1.0,0.04711280319648896,0.0,16.44,1.7189960706140444,1.0011091929580067,0.49999999999999145,2.980359073780406,0,3,0.0,1.0,0.0375,inverse_time_unit,True,16000,1.7188451529715493e-15
658,0.006166668771112436,1,[42],0.3312734723544719,7,0.573762502130613,forest,242,0.04369758544080689,ok,ok,4.8498273264883116e-05,42,1.6029680956008905,mean,0.8144272785089447,True,True,mean_plus_max,0.0,time_unit,0.2455832674602675,0.07220258851294763,7.655000000000001,12.056666666666667,1.0420092786739212,1.2458831865461863,3,0.0,1.6029680956008905,1.6029680956008905,1.6029680956008905,1.6029680956008905,0.0,2.0,2.3333333333333335,0.025000000000000005,0.11111111111111109,0.029166666666666664,inverse_time_unit,0.873977277653875,8000,"[{""end_in_validation_block"": 8000, ""inter_spike_interval_units"": ""time_unit"", ""isi_rel_error"": 0.0, ""mean_gap"": 0.10684062463912694, ""mean_isi_pred"": 0.0, ""mean_isi_true"": 0.0, ""nrmse"": 0.6806406715475828, ""nrmse_x"": 1.0877758717407362, ""penalty"": 0.0, ""score"": 0.7684368973443007, ""spike_count_pred"": 1, ""spike_count_true"": 1, ""spike_frequency_pred"": 0.0125, ""spike_frequency_rel_error"": 0.0, ""spike_frequency_true"": 0.0125, ""spike_frequency_units"": ""inverse_time_unit"", ""stable"": true, ""start_in_validation_block"": 0, ""std_ratio"": 0.9281040132407745, ""window_index"": 0}, {""end_in_validation_block"": 16000, ""inter_spike_interval_units"": ""time_unit"", ""isi_rel_error"": 0.6999493157627977, ""mean_gap"": 0.05159958116703888, ""mean_isi_pred"": 5.92, ""mean_isi_true"": 19.73, ""nrmse"": 1.2747746847903239, ""nrmse_x"": 1.2569226391831618, ""penalty"": 0.0, ""score"": 1.693309113963052, ""spike_count_pred"": 2, ""spike_count_true"": 3, ""spike_frequency_pred"": 0.025, ""spike_frequency_rel_error"": 0.33333333333333326, ""spike_frequency_true"": 0.0375, ""spike_frequency_units"": ""inverse_time_unit"", ""stable"": true, ""start_in_validation_block"": 8000, ""std_ratio"": 0.7757941127993947, ""window_index"": 1}, {""end_in_validation_block"": 24000, ""inter_spike_interval_units"": ""time_unit"", ""isi_rel_error"": 0.03680048661800489, ""mean_gap"": 0.058167559732677024, ""mean_isi_pred"": 17.045, ""mean_isi_true"": 16.44, ""nrmse"": 1.170612479683857, ""nrmse_x"": 1.3929510487146608, ""penalty"": 0.0, ""score"": 1.0771764400230301, ""spike_count_pred"": 3, ""spike_count_true"": 3, ""spike_frequency_pred"": 0.0375, ""spike_frequency_rel_error"": 0.0, ""spike_frequency_true"": 0.0375, ""spike_frequency_units"": ""inverse_time_unit"", ""stable"": true, ""start_in_validation_block"": 16000, ""std_ratio"": 0.918033706921456, ""window_index"": 2}]",156,8000,time_unit,0.0,0.10684062463912694,0.0,0.0,0.6806406715475828,1.0877758717407362,0.0,0.7684368973443007,1,1,0.0125,0.0,0.0125,inverse_time_unit,True,0,0.9281040132407745,16000,time_unit,0.6999493157627977,0.05159958116703888,5.92,19.73,1.2747746847903239,1.2569226391831618,0.0,1.693309113963052,2,3,0.025,0.33333333333333326,0.0375,inverse_time_unit,True,8000,0.7757941127993947,24000,time_unit,0.03680048661800489,0.058167559732677024,17.045,16.44,1.170612479683857,1.3929510487146608,0.0,1.0771764400230301,3,3,0.0375,0.0,0.0375,inverse_time_unit,True,16000,0.918033706921456
531,0.006166668771112436,1,[42],0.7837266712976324,8,0.7618092258643707,forest,242,0.1555847712347541,ok,ok,9.670928042151491e-08,42,0.5403575985541242,mean,0.8961704770578416,True,True,mean_plus_max,0.0,time_unit,0.007687468990331386,0.006175520090973693,11.916666666666666,12.056666666666667,0.3460564465317924,0.4766426459425943,3,0.0,0.5403575985541242,0.5403575985541242,0.5403575985541242,0.5403575985541242,0.0,2.3333333333333335,2.3333333333333335,0.029166666666666664,0.0,0.029166666666666664,inverse_time_unit,0.9967898040263696,8000,"[{""end_in_validation_block"": 8000, ""inter_spike_interval_units"": ""time_unit"", ""isi_rel_error"": 0.0, ""mean_gap"": 0.005034535737614078, ""mean_isi_pred"": 0.0, ""mean_isi_true"": 0.0, ""nrmse"": 0.06282999480364616, ""nrmse_x"": 0.1107820916706559, ""penalty"": 0.0, ""score"": 0.07663764911977229, ""spike_count_pred"": 1, ""spike_count_true"": 1, ""spike_frequency_pred"": 0.0125, ""spike_frequency_rel_error"": 0.0, ""spike_frequency_true"": 0.0125, ""spike_frequency_units"": ""inverse_time_unit"", ""stable"": true, ""start_in_validation_block"": 0, ""std_ratio"": 0.9946543429928079, ""window_index"": 0}, {""end_in_validation_block"": 16000, ""inter_spike_interval_units"": ""time_unit"", ""isi_rel_error"": 0.012417638114546426, ""mean_gap"": 0.004899347660088833, ""mean_isi_pred"": 19.485, ""mean_isi_true"": 19.73, ""nrmse"": 0.23863675491585484, ""nrmse_x"": 0.29753283391505175, ""penalty"": 0.0, ""score"": 0.2295110664395154, ""spike_count_pred"": 3, ""spike_count_true"": 3, ""spike_frequency_pred"": 0.0375, ""spike_frequency_rel_error"": 0.0, ""spike_frequency_true"": 0.0375, ""spike_frequency_units"": ""inverse_time_unit"", ""stable"": true, ""start_in_validation_block"": 8000, ""std_ratio"": 1.0004455356450876, ""window_index"": 1}, {""end_in_validation_block"": 24000, ""inter_spike_interval_units"": ""time_unit"", ""isi_rel_error"": 0.010644768856447731, ""mean_gap"": 0.008592676875218168, ""mean_isi_pred"": 16.265, ""mean_isi_true"": 16.44, ""nrmse"": 0.7367025898758763, ""nrmse_x"": 1.0216130122420752, ""penalty"": 0.0, ""score"": 0.7513851886303343, ""spike_count_pred"": 3, ""spike_count_true"": 3, ""spike_frequency_pred"": 0.0375, ""spike_frequency_rel_error"": 0.0, ""spike_frequency_true"": 0.0375, ""spike_frequency_units"": ""inverse_time_unit"", ""stable"": true, ""start_in_validation_block"": 16000, ""std_ratio"": 0.9952695334412134, ""window_index"": 2}]",422,8000,time_unit,0.0,0.005034535737614078,0.0,0.0,0.06282999480364616,0.1107820916706559,0.0,0.07663764911977229,1,1,0.0125,0.0,0.0125,inverse_time_unit,True,0,0.9946543429928079,16000,time_unit,0.012417638114546426,0.004899347660088833,19.485,19.73,0.23863675491585484,0.29753283391505175,0.0,0.2295110664395154,3,3,0.0375,0.0,0.0375,inverse_time_unit,True,8000,1.0004455356450876,24000,time_unit,0.010644768856447731,0.008592676875218168,16.265,16.44,0.7367025898758763,1.0216130122420752,0.0,0.7513851886303343,3,3,0.0375,0.0,0.0375,inverse_time_unit,True,16000,0.9952695334412134
473,0.006166668771112436,1,[42],0.9443531105081917,9,0.5269209053023856,forest,242,0.02934467062454938,ok,ok,1.6944436544938573e-06,42,0.6890239950209457,mean,1.0494234394348492,True,True,mean_plus_max,0.0,time_unit,0.012773106031177615,0.021302367466777425,11.826666666666668,12.056666666666667,0.46999223232629256,0.6747128292006108,3,0.0,0.6890239950209457,0.6890239950209457,0.6890239950209457,0.6890239950209457,0.0,2.3333333333333335,2.3333333333333335,0.029166666666666664,0.0,0.029166666666666664,inverse_time_unit,0.9920021213981501,8000,"[{""end_in_validation_block"": 8000, ""inter_spike_interval_units"": ""time_unit"", ""isi_rel_error"": 0.0, ""mean_gap"": 0.030676977973869243, ""mean_isi_pred"": 0.0, ""mean_isi_true"": 0.0, ""nrmse"": 0.3040385999077914, ""nrmse_x"": 0.5515960658547867, ""penalty"": 0.0, ""score"": 0.37938748619708057, ""spike_count_pred"": 1, ""spike_count_true"": 1, ""spike_frequency_pred"": 0.0125, ""spike_frequency_rel_error"": 0.0, ""spike_frequency_true"": 0.0125, ""spike_frequency_units"": ""inverse_time_unit"", ""stable"": true, ""start_in_validation_block"": 0, ""std_ratio"": 0.9553643340981609, ""window_index"": 0}, {""end_in_validation_block"": 16000, ""inter_spike_interval_units"": ""time_unit"", ""isi_rel_error"": 0.01824632539280281, ""mean_gap"": 0.024632608257826434, ""mean_isi_pred"": 19.37, ""mean_isi_true"": 19.73, ""nrmse"": 0.34517733041712645, ""nrmse_x"": 0.4253376518562538, ""penalty"": 0.0, ""score"": 0.3293532038216226, ""spike_count_pred"": 3, ""spike_count_true"": 3, ""spike_frequency_pred"": 0.0375, ""spike_frequency_rel_error"": 0.0, ""spike_frequency_true"": 0.0375, ""spike_frequency_units"": ""inverse_time_unit"", ""stable"": true, ""start_in_validation_block"": 8000, ""std_ratio"": 1.016180040975865, ""window_index"": 1}, {""end_in_validation_block"": 24000, ""inter_spike_interval_units"": ""time_unit"", ""isi_rel_error"": 0.020072992700730038, ""mean_gap"": 0.0085975161686366, ""mean_isi_pred"": 16.11, ""mean_isi_true"": 16.44, ""nrmse"": 0.7607607666539596, ""nrmse_x"": 1.0472047698907923, ""penalty"": 0.0, ""score"": 0.7761893114537907, ""spike_count_pred"": 3, ""spike_count_true"": 3, ""spike_frequency_pred"": 0.0375, ""spike_frequency_rel_error"": 0.0, ""spike_frequency_true"": 0.0375, ""spike_frequency_units"": ""inverse_time_unit"", ""stable"": true, ""start_in_validation_block"": 16000, ""std_ratio"": 1.0044619891204245, ""window_index"": 2}]",328,8000,time_unit,0.0,0.030676977973869243,0.0,0.0,0.3040385999077914,0.5515960658547867,0.0,0.37938748619708057,1,1,0.0125,0.0,0.0125,inverse_time_unit,True,0,0.9553643340981609,16000,time_unit,0.01824632539280281,0.024632608257826434,19.37,19.73,0.34517733041712645,0.4253376518562538,0.0,0.3293532038216226,3,3,0.0375,0.0,0.0375,inverse_time_unit,True,8000,1.016180040975865,24000,time_unit,0.020072992700730038,0.0085975161686366,16.11,16.44,0.7607607666539596,1.0472047698907923,0.0,0.7761893114537907,3,3,0.0375,0.0,0.0375,inverse_time_unit,True,16000,1.0044619891204245
507,0.006166668771112436,1,[42],0.8916890647609237,10,0.371981701682794,forest,242,0.029040315404703046,ok,ok,8.844084707275078e-06,42,7.938358100965384,mean,0.9132184755214848,True,True,mean_plus_max,0.0,time_unit,0.6666666666666666,2.419765724496931,0.0,12.056666666666667,2.2040649940710484,2.841946924466518,3,2.7530990578302643,7.938358100965384,7.938358100965384,7.938358100965384,7.938358100965384,0.0,0.0,2.3333333333333335,0.0,1.0,0.029166666666666664,inverse_time_unit,0.4913215146929364,8000,"[{""end_in_validation_block"": 8000, ""inter_spike_interval_units"": ""time_unit"", ""isi_rel_error"": 0.0, ""mean_gap"": 1.7913154085820744, ""mean_isi_pred"": 0.0, ""mean_isi_true"": 0.0, ""nrmse"": 1.9326139255262713, ""nrmse_x"": 2.7035345729380555, ""penalty"": 1.7913154085820744, ""score"": 4.761412905079573, ""spike_count_pred"": 0, ""spike_count_true"": 1, ""spike_frequency_pred"": 0.0, ""spike_frequency_rel_error"": 1.0, ""spike_frequency_true"": 0.0125, ""spike_frequency_units"": ""inverse_time_unit"", ""stable"": true, ""start_in_validation_block"": 0, ""std_ratio"": 1.4739645440788092, ""window_index"": 0}, {""end_in_validation_block"": 16000, ""inter_spike_interval_units"": ""time_unit"", ""isi_rel_error"": 1.0, ""mean_gap"": 2.7039881543838886, ""mean_isi_pred"": 0.0, ""mean_isi_true"": 19.73, ""nrmse"": 2.3966629899729246, ""nrmse_x"": 2.8829762293588876, ""penalty"": 3.2039881543838886, ""score"": 6.888790828024508, ""spike_count_pred"": 0, ""spike_count_true"": 3, ""spike_frequency_pred"": 0.0, ""spike_frequency_rel_error"": 1.0, ""spike_frequency_true"": 0.0375, ""spike_frequency_units"": ""inverse_time_unit"", ""stable"": true, ""start_in_validation_block"": 8000, ""std_ratio"": 0.0, ""window_index"": 1}, {""end_in_validation_block"": 24000, ""inter_spike_interval_units"": ""time_unit"", ""isi_rel_error"": 1.0, ""mean_gap"": 2.763993610524829, ""mean_isi_pred"": 0.0, ""mean_isi_true"": 16.44, ""nrmse"": 2.282918066713949, ""nrmse_x"": 2.939329971102612, ""penalty"": 3.263993610524829, ""score"": 6.951354611309753, ""spike_count_pred"": 0, ""spike_count_true"": 3, ""spike_frequency_pred"": 0.0, ""spike_frequency_rel_error"": 1.0, ""spike_frequency_true"": 0.0375, ""spike_frequency_units"": ""inverse_time_unit"", ""stable"": true, ""start_in_validation_block"": 16000, ""std_ratio"": 0.0, ""window_index"": 2}]",342,8000,time_unit,0.0,1.7913154085820744,0.0,0.0,1.9326139255262713,2.7035345729380555,1.7913154085820744,4.761412905079573,0,1,0.0,1.0,0.0125,inverse_time_unit,True,0,1.4739645440788092,16000,time_unit,1.0,2.7039881543838886,0.0,19.73,2.3966629899729246,2.8829762293588876,3.2039881543838886,6.888790828024508,0,3,0.0,1.0,0.0375,inverse_time_unit,True,8000,0.0,24000,time_unit,1.0,2.763993610524829,0.0,16.44,2.282918066713949,2.939329971102612,3.263993610524829,6.951354611309753,0,3,0.0,1.0,0.0375,inverse_time_unit,True,16000,0.0
266,0.006166668771112436,1,[42],0.855865454522878,11,0.5358157691170576,forest,242,0.1944597471984636,ok,ok,0.0005324016318845574,42,5.05902439890291,mean,1.143334668843142,True,True,mean_plus_max,0.0,time_unit,0.3433575491355522,1.0662356209124348,6.774444444444445,12.056666666666667,1.8037562517525891,1.9525549546219825,3,1.112956052194644,5.05902439890291,5.05902439890291,5.05902439890291,5.05902439890291,0.0,1.6666666666666667,2.3333333333333335,0.020833333333333332,0.4444444444444445,0.029166666666666664,inverse_time_unit,0.7342542038168632,8000,"[{""end_in_validation_block"": 8000, ""inter_spike_interval_units"": ""time_unit"", ""isi_rel_error"": 0.0, ""mean_gap"": 0.07379315035220088, ""mean_isi_pred"": 0.0, ""mean_isi_true"": 0.0, ""nrmse"": 0.7037231057989313, ""nrmse_x"": 0.9968927308223839, ""penalty"": 0.0, ""score"": 0.7242217784020439, ""spike_count_pred"": 1, ""spike_count_true"": 1, ""spike_frequency_pred"": 0.0125, ""spike_frequency_rel_error"": 0.0, ""spike_frequency_true"": 0.0125, ""spike_frequency_units"": ""inverse_time_unit"", ""stable"": true, ""start_in_validation_block"": 0, ""std_ratio"": 0.8902776350660817, ""window_index"": 0}, {""end_in_validation_block"": 16000, ""inter_spike_interval_units"": ""time_unit"", ""isi_rel_error"": 0.03007264740665655, ""mean_gap"": 0.2860392171557904, ""mean_isi_pred"": 20.323333333333334, ""mean_isi_true"": 19.73, ""nrmse"": 1.803079007641073, ""nrmse_x"": 1.8509202388165482, ""penalty"": 0.0, ""score"": 1.8171455402960315, ""spike_count_pred"": 4, ""spike_count_true"": 3, ""spike_frequency_pred"": 0.05, ""spike_frequency_rel_error"": 0.3333333333333335, ""spike_frequency_true"": 0.0375, ""spike_frequency_units"": ""inverse_time_unit"", ""stable"": true, ""start_in_validation_block"": 8000, ""std_ratio"": 1.3124837086554315, ""window_index"": 1}, {""end_in_validation_block"": 24000, ""inter_spike_interval_units"": ""time_unit"", ""isi_rel_error"": 1.0, ""mean_gap"": 2.838874495229313, ""mean_isi_pred"": 0.0, ""mean_isi_true"": 16.44, ""nrmse"": 2.9044666418177627, ""nrmse_x"": 3.009851894227016, ""penalty"": 3.3388681565839318, ""score"": 7.220403358863232, ""spike_count_pred"": 0, ""spike_count_true"": 3, ""spike_frequency_pred"": 0.0, ""spike_frequency_rel_error"": 1.0, ""spike_frequency_true"": 0.0375, ""spike_frequency_units"": ""inverse_time_unit"", ""stable"": true, ""start_in_validation_block"": 16000, ""std_ratio"": 1.267729076241381e-06, ""window_index"": 2}]",479,8000,time_unit,0.0,0.07379315035220088,0.0,0.0,0.7037231057989313,0.9968927308223839,0.0,0.7242217784020439,1,1,0.0125,0.0,0.0125,inverse_time_unit,True,0,0.8902776350660817,16000,time_unit,0.03007264740665655,0.2860392171557904,20.323333333333334,19.73,1.803079007641073,1.8509202388165482,0.0,1.8171455402960315,4,3,0.05,0.3333333333333335,0.0375,inverse_time_unit,True,8000,1.3124837086554315,24000,time_unit,1.0,2.838874495229313,0.0,16.44,2.9044666418177627,3.009851894227016,3.3388681565839318,7.220403358863232,0,3,0.0,1.0,0.0375,inverse_time_unit,True,16000,1.267729076241381e-06
662,0.006166668771112436,1,[42],0.9333182925084059,12,0.5781798895130219,forest,242,0.17934868892825936,ok,ok,3.876858281932127e-08,42,1.3577641187215967,mean,1.0557284428168598,True,True,mean_plus_max,0.0,time_unit,0.3485056165780617,0.01006897806415664,15.87,12.056666666666667,0.47441942921410574,0.628653184776932,3,0.0,1.3577641187215967,1.3577641187215967,1.3577641187215967,1.3577641187215967,0.0,2.6666666666666665,2.3333333333333335,0.03333333333333333,0.3333333333333333,0.029166666666666664,inverse_time_unit,0.9999715004869607,8000,"[{""end_in_validation_block"": 8000, ""inter_spike_interval_units"": ""time_unit"", ""isi_rel_error"": 1.0, ""mean_gap"": 0.0013110482887168737, ""mean_isi_pred"": 12.26, ""mean_isi_true"": 0.0, ""nrmse"": 0.037163977786665366, ""nrmse_x"": 0.0617535967761954, ""penalty"": 0.0, ""score"": 1.5432554726735739, ""spike_count_pred"": 2, ""spike_count_true"": 1, ""spike_frequency_pred"": 0.025, ""spike_frequency_rel_error"": 1.0, ""spike_frequency_true"": 0.0125, ""spike_frequency_units"": ""inverse_time_unit"", ""stable"": true, ""start_in_validation_block"": 0, ""std_ratio"": 1.0112017619453122, ""window_index"": 0}, {""end_in_validation_block"": 16000, ""inter_spike_interval_units"": ""time_unit"", ""isi_rel_error"": 0.02179422199695893, ""mean_gap"": 0.009900046373237737, ""mean_isi_pred"": 19.3, ""mean_isi_true"": 19.73, ""nrmse"": 0.43755568068080003, ""nrmse_x"": 0.5459106678439065, ""penalty"": 0.0, ""score"": 0.4205368984828281, ""spike_count_pred"": 3, ""spike_count_true"": 3, ""spike_frequency_pred"": 0.0375, ""spike_frequency_rel_error"": 0.0, ""spike_frequency_true"": 0.0375, ""spike_frequency_units"": ""inverse_time_unit"", ""stable"": true, ""start_in_validation_block"": 8000, ""std_ratio"": 0.9973852000952366, ""window_index"": 1}, {""end_in_validation_block"": 24000, ""inter_spike_interval_units"": ""time_unit"", ""isi_rel_error"": 0.02372262773722631, ""mean_gap"": 0.01899583953051531, ""mean_isi_pred"": 16.05, ""mean_isi_true"": 16.44, ""nrmse"": 0.9485386291748518, ""nrmse_x"": 1.278295289710694, ""penalty"": 0.0, ""score"": 0.9520583805032079, ""spike_count_pred"": 3, ""spike_count_true"": 3, ""spike_frequency_pred"": 0.0375, ""spike_frequency_rel_error"": 0.0, ""spike_frequency_true"": 0.0375, ""spike_frequency_units"": ""inverse_time_unit"", ""stable"": true, ""start_in_validation_block"": 16000, ""std_ratio"": 0.9913275394203334, ""window_index"": 2}]",387,8000,time_unit,1.0,0.0013110482887168737,12.26,0.0,0.037163977786665366,0.0617535967761954,0.0,1.5432554726735739,2,1,0.025,1.0,0.0125,inverse_time_unit,True,0,1.0112017619453122,16000,time_unit,0.02179422199695893,0.009900046373237737,19.3,19.73,0.43755568068080003,0.5459106678439065,0.0,0.4205368984828281,3,3,0.0375,0.0,0.0375,inverse_time_unit,True,8000,0.9973852000952366,24000,time_unit,0.02372262773722631,0.01899583953051531,16.05,16.44,0.9485386291748518,1.278295289710694,0.0,0.9520583805032079,3,3,0.0375,0.0,0.0375,inverse_time_unit,True,16000,0.9913275394203334
596,0.006166668771112436,1,[42],0.8901742909548007,13,0.5131269540117781,forest,242,0.1499012620555983,ok,ok,6.776922579684079e-08,42,0.5604800309273863,mean,1.0785524873724217,True,True,mean_plus_max,0.0,time_unit,0.004274658415782596,0.010571601510364936,11.981666666666667,12.056666666666667,0.35414676789649097,0.5004094081427392,3,0.0,0.5604800309273863,0.5604800309273863,0.5604800309273863,0.5604800309273863,0.0,2.3333333333333335,2.3333333333333335,0.029166666666666664,0.0,0.029166666666666664,inverse_time_unit,0.9969040190072729,8000,"[{""end_in_validation_block"": 8000, ""inter_spike_interval_units"": ""time_unit"", ""isi_rel_error"": 0.0, ""mean_gap"": 0.013653505159195126, ""mean_isi_pred"": 0.0, ""mean_isi_true"": 0.0, ""nrmse"": 0.13441413879728606, ""nrmse_x"": 0.24287147057535902, ""penalty"": 0.0, ""score"": 0.16718284351576898, ""spike_count_pred"": 1, ""spike_count_true"": 1, ""spike_frequency_pred"": 0.0125, ""spike_frequency_rel_error"": 0.0, ""spike_frequency_true"": 0.0125, ""spike_frequency_units"": ""inverse_time_unit"", ""stable"": true, ""start_in_validation_block"": 0, ""std_ratio"": 0.9765237604687546, ""window_index"": 0}, {""end_in_validation_block"": 16000, ""inter_spike_interval_units"": ""time_unit"", ""isi_rel_error"": 0.004308160162189602, ""mean_gap"": 0.010356174916313712, ""mean_isi_pred"": 19.645, ""mean_isi_true"": 19.73, ""nrmse"": 0.1620041616435307, ""nrmse_x"": 0.19915687619336792, ""penalty"": 0.0, ""score"": 0.15219140239832984, ""spike_count_pred"": 3, ""spike_count_true"": 3, ""spike_frequency_pred"": 0.0375, ""spike_frequency_rel_error"": 0.0, ""spike_frequency_true"": 0.0375, ""spike_frequency_units"": ""inverse_time_unit"", ""stable"": true, ""start_in_validation_block"": 8000, ""std_ratio"": 1.010269647660789, ""window_index"": 1}, {""end_in_validation_block"": 24000, ""inter_spike_interval_units"": ""time_unit"", ""isi_rel_error"": 0.008515815085158186, ""mean_gap"": 0.0077051244555859655, ""mean_isi_pred"": 16.3, ""mean_isi_true"": 16.44, ""nrmse"": 0.7660220032486562, ""nrmse_x"": 1.0591998776594904, ""penalty"": 0.0, ""score"": 0.7783233410674628, ""spike_count_pred"": 3, ""spike_count_true"": 3, ""spike_frequency_pred"": 0.0375, ""spike_frequency_rel_error"": 0.0, ""spike_frequency_true"": 0.0375, ""spike_frequency_units"": ""inverse_time_unit"", ""stable"": true, ""start_in_validation_block"": 16000, ""std_ratio"": 1.0039186488922751, ""window_index"": 2}]",156,8000,time_unit,0.0,0.013653505159195126,0.0,0.0,0.13441413879728606,0.24287147057535902,0.0,0.16718284351576898,1,1,0.0125,0.0,0.0125,inverse_time_unit,True,0,0.9765237604687546,16000,time_unit,0.004308160162189602,0.010356174916313712,19.645,19.73,0.1620041616435307,0.19915687619336792,0.0,0.15219140239832984,3,3,0.0375,0.0,0.0375,inverse_time_unit,True,8000,1.010269647660789,24000,time_unit,0.008515815085158186,0.0077051244555859655,16.3,16.44,0.7660220032486562,1.0591998776594904,0.0,0.7783233410674628,3,3,0.0375,0.0,0.0375,inverse_time_unit,True,16000,1.0039186488922751
761,0.006166668771112436,1,[42],0.9554224447188726,14,0.6278473219594931,forest,242,0.147220249037018,ok,ok,1.1387194095917004e-09,42,0.2249334467018373,mean,1.0393692449776126,True,True,mean_plus_max,0.0,time_unit,0.0028892173293230267,0.002577597888239988,12.006666666666666,12.056666666666667,0.1366369180131529,0.189535347929084,3,0.0,0.2249334467018373,0.2249334467018373,0.2249334467018373,0.2249334467018373,0.0,2.3333333333333335,2.3333333333333335,0.029166666666666664,0.0,0.029166666666666664,inverse_time_unit,0.9991216534129325,8000,"[{""end_in_validation_block"": 8000, ""inter_spike_interval_units"": ""time_unit"", ""isi_rel_error"": 0.0, ""mean_gap"": 0.003274267019409549, ""mean_isi_pred"": 0.0, ""mean_isi_true"": 0.0, ""nrmse"": 0.034255327073744374, ""nrmse_x"": 0.061664907321843015, ""penalty"": 0.0, ""score"": 0.042479530795449756, ""spike_count_pred"": 1, ""spike_count_true"": 1, ""spike_frequency_pred"": 0.0125, ""spike_frequency_rel_error"": 0.0, ""spike_frequency_true"": 0.0125, ""spike_frequency_units"": ""inverse_time_unit"", ""stable"": true, ""start_in_validation_block"": 0, ""std_ratio"": 0.9940462579077841, ""window_index"": 0}, {""end_in_validation_block"": 16000, ""inter_spike_interval_units"": ""time_unit"", ""isi_rel_error"": 0.0022807906741004413, ""mean_gap"": 0.002672560617678922, ""mean_isi_pred"": 19.685, ""mean_isi_true"": 19.73, ""nrmse"": 0.03849415342221062, ""nrmse_x"": 0.047201282558581595, ""penalty"": 0.0, ""score"": 0.03672463909982276, ""spike_count_pred"": 3, ""spike_count_true"": 3, ""spike_frequency_pred"": 0.0375, ""spike_frequency_rel_error"": 0.0, ""spike_frequency_true"": 0.0375, ""spike_frequency_units"": ""inverse_time_unit"", ""stable"": true, ""start_in_validation_block"": 8000, ""std_ratio"": 1.0024879023027353, ""window_index"": 1}, {""end_in_validation_block"": 24000, ""inter_spike_interval_units"": ""time_unit"", ""isi_rel_error"": 0.006386861313868638, ""mean_gap"": 0.0017859660276314936, ""mean_isi_pred"": 16.335, ""mean_isi_true"": 16.44, ""nrmse"": 0.3371612735435037, ""nrmse_x"": 0.4597398539068274, ""penalty"": 0.0, ""score"": 0.3403406686915654, ""spike_count_pred"": 3, ""spike_count_true"": 3, ""spike_frequency_pred"": 0.0375, ""spike_frequency_rel_error"": 0.0, ""spike_frequency_true"": 0.0375, ""spike_frequency_units"": ""inverse_time_unit"", ""stable"": true, ""start_in_validation_block"": 16000, ""std_ratio"": 1.000830800028278, ""window_index"": 2}]",154,8000,time_unit,0.0,0.003274267019409549,0.0,0.0,0.034255327073744374,0.061664907321843015,0.0,0.042479530795449756,1,1,0.0125,0.0,0.0125,inverse_time_unit,True,0,0.9940462579077841,16000,time_unit,0.0022807906741004413,0.002672560617678922,19.685,19.73,0.03849415342221062,0.047201282558581595,0.0,0.03672463909982276,3,3,0.0375,0.0,0.0375,inverse_time_unit,True,8000,1.0024879023027353,24000,time_unit,0.006386861313868638,0.0017859660276314936,16.335,16.44,0.3371612735435037,0.4597398539068274,0.0,0.3403406686915654,3,3,0.0375,0.0,0.0375,inverse_time_unit,True,16000,1.000830800028278
440,0.006166668771112436,1,[42],0.952874689539346,15,0.1474464908312474,forest,242,0.13414984873289942,ok,ok,4.27604326094336e-08,42,0.28047551629072187,mean,1.1185585883711828,True,True,mean_plus_max,0.0,time_unit,0.00550821121638467,0.002352273335768627,12.135,12.056666666666667,0.16205677402393018,0.22329972697922829,3,0.0,0.28047551629072187,0.28047551629072187,0.28047551629072187,0.28047551629072187,0.0,2.3333333333333335,2.3333333333333335,0.029166666666666664,0.0,0.029166666666666664,inverse_time_unit,0.9977632151265808,8000,"[{""end_in_validation_block"": 8000, ""inter_spike_interval_units"": ""time_unit"", ""isi_rel_error"": 0.0, ""mean_gap"": 0.00162602571919241, ""mean_isi_pred"": 0.0, ""mean_isi_true"": 0.0, ""nrmse"": 0.017597017087374094, ""nrmse_x"": 0.03162963933610172, ""penalty"": 0.0, ""score"": 0.021795555906699467, ""spike_count_pred"": 1, ""spike_count_true"": 1, ""spike_frequency_pred"": 0.0125, ""spike_frequency_rel_error"": 0.0, ""spike_frequency_true"": 0.0125, ""spike_frequency_units"": ""inverse_time_unit"", ""stable"": true, ""start_in_validation_block"": 0, ""std_ratio"": 0.9970224503518996, ""window_index"": 0}, {""end_in_validation_block"": 16000, ""inter_spike_interval_units"": ""time_unit"", ""isi_rel_error"": 0.0010136847440445804, ""mean_gap"": 0.001149848328486867, ""mean_isi_pred"": 19.71, ""mean_isi_true"": 19.73, ""nrmse"": 0.019869014470584125, ""nrmse_x"": 0.024382410199996256, ""penalty"": 0.0, ""score"": 0.018884421599666263, ""spike_count_pred"": 3, ""spike_count_true"": 3, ""spike_frequency_pred"": 0.0375, ""spike_frequency_rel_error"": 0.0, ""spike_frequency_true"": 0.0375, ""spike_frequency_units"": ""inverse_time_unit"", ""stable"": true, ""start_in_validation_block"": 8000, ""std_ratio"": 1.0012974342240613, ""window_index"": 1}, {""end_in_validation_block"": 24000, ""inter_spike_interval_units"": ""time_unit"", ""isi_rel_error"": 0.015510948905109427, ""mean_gap"": 0.004280945959626605, ""mean_isi_pred"": 16.695, ""mean_isi_true"": 16.44, ""nrmse"": 0.4487042905138323, ""nrmse_x"": 0.6138871314015869, ""penalty"": 0.0, ""score"": 0.4575694693518856, ""spike_count_pred"": 3, ""spike_count_true"": 3, ""spike_frequency_pred"": 0.0375, ""spike_frequency_rel_error"": 0.0, ""spike_frequency_true"": 0.0375, ""spike_frequency_units"": ""inverse_time_unit"", ""stable"": true, ""start_in_validation_block"": 16000, ""std_ratio"": 0.9949697608037813, ""window_index"": 2}]",81,8000,time_unit,0.0,0.00162602571919241,0.0,0.0,0.017597017087374094,0.03162963933610172,0.0,0.021795555906699467,1,1,0.0125,0.0,0.0125,inverse_time_unit,True,0,0.9970224503518996,16000,time_unit,0.0010136847440445804,0.001149848328486867,19.71,19.73,0.019869014470584125,0.024382410199996256,0.0,0.018884421599666263,3,3,0.0375,0.0,0.0375,inverse_time_unit,True,8000,1.0012974342240613,24000,time_unit,0.015510948905109427,0.004280945959626605,16.695,16.44,0.4487042905138323,0.6138871314015869,0.0,0.4575694693518856,3,3,0.0375,0.0,0.0375,inverse_time_unit,True,16000,0.9949697608037813
702,0.006166668771112436,1,[42],0.9952102264871996,16,0.1145159207310679,forest,242,0.19644357947859545,ok,ok,6.160792573056718e-09,42,1.879693775380639,mean,1.0223023540579201,True,True,mean_plus_max,0.0,time_unit,0.49600746876561613,0.17825385583969577,16.985555555555557,12.056666666666667,0.8414007173132946,0.8211948224773614,3,0.0,1.879693775380639,1.879693775380639,1.879693775380639,1.879693775380639,0.0,2.6666666666666665,2.3333333333333335,0.03333333333333333,0.5555555555555556,0.029166666666666664,inverse_time_unit,0.9763922124972528,8000,"[{""end_in_validation_block"": 8000, ""inter_spike_interval_units"": ""time_unit"", ""isi_rel_error"": 1.0, ""mean_gap"": 0.0023983049418652333, ""mean_isi_pred"": 12.08, ""mean_isi_true"": 0.0, ""nrmse"": 0.1274133397447363, ""nrmse_x"": 0.2266459637625972, ""penalty"": 0.0, ""score"": 1.6565086150056125, ""spike_count_pred"": 2, ""spike_count_true"": 1, ""spike_frequency_pred"": 0.025, ""spike_frequency_rel_error"": 1.0, ""spike_frequency_true"": 0.0125, ""spike_frequency_units"": ""inverse_time_unit"", ""stable"": true, ""start_in_validation_block"": 0, ""std_ratio"": 1.0106213551409557, ""window_index"": 0}, {""end_in_validation_block"": 16000, ""inter_spike_interval_units"": ""time_unit"", ""isi_rel_error"": 0.14698428788646722, ""mean_gap"": 0.2794347790305224, ""mean_isi_pred"": 16.830000000000002, ""mean_isi_true"": 19.73, ""nrmse"": 1.1436419490150285, ""nrmse_x"": 0.836507566506709, ""penalty"": 0.0, ""score"": 1.152815126109014, ""spike_count_pred"": 2, ""spike_count_true"": 3, ""spike_frequency_pred"": 0.025, ""spike_frequency_rel_error"": 0.33333333333333326, ""spike_frequency_true"": 0.0375, ""spike_frequency_units"": ""inverse_time_unit"", ""stable"": true, ""start_in_validation_block"": 8000, ""std_ratio"": 0.8517400128669623, ""window_index"": 1}, {""end_in_validation_block"": 24000, ""inter_spike_interval_units"": ""time_unit"", ""isi_rel_error"": 0.34103811841038106, ""mean_gap"": 0.25292848354669967, ""mean_isi_pred"": 22.046666666666667, ""mean_isi_true"": 16.44, ""nrmse"": 1.2531468631801186, ""nrmse_x"": 1.4004309371627777, ""penalty"": 0.0, ""score"": 1.5873761237730815, ""spike_count_pred"": 4, ""spike_count_true"": 3, ""spike_frequency_pred"": 0.05, ""spike_frequency_rel_error"": 0.3333333333333335, ""spike_frequency_true"": 0.0375, ""spike_frequency_units"": ""inverse_time_unit"", ""stable"": true, ""start_in_validation_block"": 16000, ""std_ratio"": 1.0668152694838404, ""window_index"": 2}]",106,8000,time_unit,1.0,0.0023983049418652333,12.08,0.0,0.1274133397447363,0.2266459637625972,0.0,1.6565086150056125,2,1,0.025,1.0,0.0125,inverse_time_unit,True,0,1.0106213551409557,16000,time_unit,0.14698428788646722,0.2794347790305224,16.830000000000002,19.73,1.1436419490150285,0.836507566506709,0.0,1.152815126109014,2,3,0.025,0.33333333333333326,0.0375,inverse_time_unit,True,8000,0.8517400128669623,24000,time_unit,0.34103811841038106,0.25292848354669967,22.046666666666667,16.44,1.2531468631801186,1.4004309371627777,0.0,1.5873761237730815,4,3,0.05,0.3333333333333335,0.0375,inverse_time_unit,True,16000,1.0668152694838404
622,0.006166668771112436,1,[42],0.9720315555033084,17,0.4560366453770234,forest,242,0.13336251015533213,ok,ok,2.44550512761007e-08,42,0.30283673208759226,mean,0.9783229983966444,True,True,mean_plus_max,0.0,time_unit,0.0007603149410801408,0.0021714879534521676,12.043333333333331,12.056666666666667,0.17983048746871588,0.24735468823212856,3,0.0,0.30283673208759226,0.30283673208759226,0.30283673208759226,0.30283673208759226,0.0,2.3333333333333335,2.3333333333333335,0.029166666666666664,0.0,0.029166666666666664,inverse_time_unit,0.9998714897939743,8000,"[{""end_in_validation_block"": 8000, ""inter_spike_interval_units"": ""time_unit"", ""isi_rel_error"": 0.0, ""mean_gap"": 0.0017827083541647412, ""mean_isi_pred"": 0.0, ""mean_isi_true"": 0.0, ""nrmse"": 0.0141131014202439, ""nrmse_x"": 0.025684139773427705, ""penalty"": 0.0, ""score"": 0.017654552230446215, ""spike_count_pred"": 1, ""spike_count_true"": 1, ""spike_frequency_pred"": 0.0125, ""spike_frequency_rel_error"": 0.0, ""spike_frequency_true"": 0.0125, ""spike_frequency_units"": ""inverse_time_unit"", ""stable"": true, ""start_in_validation_block"": 0, ""std_ratio"": 1.003847701314872, ""window_index"": 0}, {""end_in_validation_block"": 16000, ""inter_spike_interval_units"": ""time_unit"", ""isi_rel_error"": 0.0007602635580334804, ""mean_gap"": 0.001039679682245793, ""mean_isi_pred"": 19.715, ""mean_isi_true"": 19.73, ""nrmse"": 0.04327705503721206, ""nrmse_x"": 0.05359841625198794, ""penalty"": 0.0, ""score"": 0.04067852447691312, ""spike_count_pred"": 3, ""spike_count_true"": 3, ""spike_frequency_pred"": 0.0375, ""spike_frequency_rel_error"": 0.0, ""spike_frequency_true"": 0.0375, ""spike_frequency_units"": ""inverse_time_unit"", ""stable"": true, ""start_in_validation_block"": 8000, ""std_ratio"": 0.997829737234717, ""window_index"": 1}, {""end_in_validation_block"": 24000, ""inter_spike_interval_units"": ""time_unit"", ""isi_rel_error"": 0.0015206812652069422, ""mean_gap"": 0.0036920758239459687, ""mean_isi_pred"": 16.415, ""mean_isi_true"": 16.44, ""nrmse"": 0.48210130594869166, ""nrmse_x"": 0.66278150867097, ""penalty"": 0.0, ""score"": 0.48581549688880993, ""spike_count_pred"": 3, ""spike_count_true"": 3, ""spike_frequency_pred"": 0.0375, ""spike_frequency_rel_error"": 0.0, ""spike_frequency_true"": 0.0375, ""spike_frequency_units"": ""inverse_time_unit"", ""stable"": true, ""start_in_validation_block"": 16000, ""std_ratio"": 0.9979370308323339, ""window_index"": 2}]",142,8000,time_unit,0.0,0.0017827083541647412,0.0,0.0,0.0141131014202439,0.025684139773427705,0.0,0.017654552230446215,1,1,0.0125,0.0,0.0125,inverse_time_unit,True,0,1.003847701314872,16000,time_unit,0.0007602635580334804,0.001039679682245793,19.715,19.73,0.04327705503721206,0.05359841625198794,0.0,0.04067852447691312,3,3,0.0375,0.0,0.0375,inverse_time_unit,True,8000,0.997829737234717,24000,time_unit,0.0015206812652069422,0.0036920758239459687,16.415,16.44,0.48210130594869166,0.66278150867097,0.0,0.48581549688880993,3,3,0.0375,0.0,0.0375,inverse_time_unit,True,16000,0.9979370308323339
433,0.006166668771112436,1,[42],0.9156365139623295,18,0.7077389818494535,forest,242,0.024181374709334715,ok,ok,1.375506421239322e-10,42,0.0071185901399375365,mean,0.8842076602227479,True,True,mean_plus_max,0.0,time_unit,0.0,4.022789930567625e-05,12.056666666666667,12.056666666666667,0.004274079632413664,0.005817239077385947,3,0.0,0.0071185901399375365,0.0071185901399375365,0.0071185901399375365,0.0071185901399375365,0.0,2.3333333333333335,2.3333333333333335,0.029166666666666664,0.0,0.029166666666666664,inverse_time_unit,0.9999792548354695,8000,"[{""end_in_validation_block"": 8000, ""inter_spike_interval_units"": ""time_unit"", ""isi_rel_error"": 0.0, ""mean_gap"": 4.431922901475816e-05, ""mean_isi_pred"": 0.0, ""mean_isi_true"": 0.0, ""nrmse"": 0.0005063874502988398, ""nrmse_x"": 0.0008810230721015287, ""penalty"": 0.0, ""score"": 0.0006111595522305508, ""spike_count_pred"": 1, ""spike_count_true"": 1, ""spike_frequency_pred"": 0.0125, ""spike_frequency_rel_error"": 0.0, ""spike_frequency_true"": 0.0125, ""spike_frequency_units"": ""inverse_time_unit"", ""stable"": true, ""start_in_validation_block"": 0, ""std_ratio"": 1.0000065179440172, ""window_index"": 0}, {""end_in_validation_block"": 16000, ""inter_spike_interval_units"": ""time_unit"", ""isi_rel_error"": 0.0, ""mean_gap"": 5.8020276515446354e-05, ""mean_isi_pred"": 19.73, ""mean_isi_true"": 19.73, ""nrmse"": 0.0009072692498762105, ""nrmse_x"": 0.0010248588731091987, ""penalty"": 0.0, ""score"": 0.0007904896926791119, ""spike_count_pred"": 3, ""spike_count_true"": 3, ""spike_frequency_pred"": 0.0375, ""spike_frequency_rel_error"": 0.0, ""spike_frequency_true"": 0.0375, ""spike_frequency_units"": ""inverse_time_unit"", ""stable"": true, ""start_in_validation_block"": 8000, ""std_ratio"": 0.9999657597384729, ""window_index"": 1}, {""end_in_validation_block"": 24000, ""inter_spike_interval_units"": ""time_unit"", ""isi_rel_error"": 0.0, ""mean_gap"": 1.8344192386824248e-05, ""mean_isi_pred"": 16.44, ""mean_isi_true"": 16.44, ""nrmse"": 0.01140858219706594, ""nrmse_x"": 0.015545835286947111, ""penalty"": 0.0, ""score"": 0.011402354957087397, ""spike_count_pred"": 3, ""spike_count_true"": 3, ""spike_frequency_pred"": 0.0375, ""spike_frequency_rel_error"": 0.0, ""spike_frequency_true"": 0.0375, ""spike_frequency_units"": ""inverse_time_unit"", ""stable"": true, ""start_in_validation_block"": 16000, ""std_ratio"": 0.9999654868239184, ""window_index"": 2}]",122,8000,time_unit,0.0,4.431922901475816e-05,0.0,0.0,0.0005063874502988398,0.0008810230721015287,0.0,0.0006111595522305508,1,1,0.0125,0.0,0.0125,inverse_time_unit,True,0,1.0000065179440172,16000,time_unit,0.0,5.8020276515446354e-05,19.73,19.73,0.0009072692498762105,0.0010248588731091987,0.0,0.0007904896926791119,3,3,0.0375,0.0,0.0375,inverse_time_unit,True,8000,0.9999657597384729,24000,time_unit,0.0,1.8344192386824248e-05,16.44,16.44,0.01140858219706594,0.015545835286947111,0.0,0.011402354957087397,3,3,0.0375,0.0,0.0375,inverse_time_unit,True,16000,0.9999654868239184
534,0.006166668771112436,1,[42],0.9381368527274587,19,0.6916070733144788,forest,242,0.05824339554489123,ok,ok,2.2710750453339606e-10,42,0.016478546559730085,mean,0.7449400728590659,True,True,mean_plus_max,0.0,time_unit,0.00030413625304137403,0.00017020509794644584,12.051666666666668,12.056666666666667,0.00989370773586861,0.013637461257820878,3,0.0,0.016478546559730085,0.016478546559730085,0.016478546559730085,0.016478546559730085,0.0,2.3333333333333335,2.3333333333333335,0.029166666666666664,0.0,0.029166666666666664,inverse_time_unit,0.9999338352511303,8000,"[{""end_in_validation_block"": 8000, ""inter_spike_interval_units"": ""time_unit"", ""isi_rel_error"": 0.0, ""mean_gap"": 0.00021246363532141798, ""mean_isi_pred"": 0.0, ""mean_isi_true"": 0.0, ""nrmse"": 0.002278059357473404, ""nrmse_x"": 0.004101520265337596, ""penalty"": 0.0, ""score"": 0.002825350985304029, ""spike_count_pred"": 1, ""spike_count_true"": 1, ""spike_frequency_pred"": 0.0125, ""spike_frequency_rel_error"": 0.0, ""spike_frequency_true"": 0.0125, ""spike_frequency_units"": ""inverse_time_unit"", ""stable"": true, ""start_in_validation_block"": 0, ""std_ratio"": 0.9995880793588232, ""window_index"": 0}, {""end_in_validation_block"": 16000, ""inter_spike_interval_units"": ""time_unit"", ""isi_rel_error"": 0.0, ""mean_gap"": 0.00018769870915862812, ""mean_isi_pred"": 19.73, ""mean_isi_true"": 19.73, ""nrmse"": 0.0023244665714770595, ""nrmse_x"": 0.0028400679980574942, ""penalty"": 0.0, ""score"": 0.002143154041800887, ""spike_count_pred"": 3, ""spike_count_true"": 3, ""spike_frequency_pred"": 0.0375, ""spike_frequency_rel_error"": 0.0, ""spike_frequency_true"": 0.0375, ""spike_frequency_units"": ""inverse_time_unit"", ""stable"": true, ""start_in_validation_block"": 8000, ""std_ratio"": 1.0001675142626072, ""window_index"": 1}, {""end_in_validation_block"": 24000, ""inter_spike_interval_units"": ""time_unit"", ""isi_rel_error"": 0.0009124087591241221, ""mean_gap"": 0.0001104529493592914, ""mean_isi_pred"": 16.425, ""mean_isi_true"": 16.44, ""nrmse"": 0.025078597278655367, ""nrmse_x"": 0.03397079551006754, ""penalty"": 0.0, ""score"": 0.025409791229763053, ""spike_count_pred"": 3, ""spike_count_true"": 3, ""spike_frequency_pred"": 0.0375, ""spike_frequency_rel_error"": 0.0, ""spike_frequency_true"": 0.0375, ""spike_frequency_units"": ""inverse_time_unit"", ""stable"": true, ""start_in_validation_block"": 16000, ""std_ratio"": 1.0000459121319603, ""window_index"": 2}]",82,8000,time_unit,0.0,0.00021246363532141798,0.0,0.0,0.002278059357473404,0.004101520265337596,0.0,0.002825350985304029,1,1,0.0125,0.0,0.0125,inverse_time_unit,True,0,0.9995880793588232,16000,time_unit,0.0,0.00018769870915862812,19.73,19.73,0.0023244665714770595,0.0028400679980574942,0.0,0.002143154041800887,3,3,0.0375,0.0,0.0375,inverse_time_unit,True,8000,1.0001675142626072,24000,time_unit,0.0009124087591241221,0.0001104529493592914,16.425,16.44,0.025078597278655367,0.03397079551006754,0.0,0.025409791229763053,3,3,0.0375,0.0,0.0375,inverse_time_unit,True,16000,1.0000459121319603
388,0.006166668771112436,1,[42],0.9666550520748474,20,0.7596208549199608,forest,242,0.0892097284944527,ok,ok,6.86178427978562e-10,42,0.022332359220933483,mean,0.6269674521125751,True,True,mean_plus_max,0.0,time_unit,0.0004899887327255081,0.0002109974506331649,12.048333333333334,12.056666666666667,0.013433786911401064,0.018387676389637484,3,0.0,0.022332359220933483,0.022332359220933483,0.022332359220933483,0.022332359220933483,0.0,2.3333333333333335,2.3333333333333335,0.029166666666666664,0.0,0.029166666666666664,inverse_time_unit,0.999961049055678,8000,"[{""end_in_validation_block"": 8000, ""inter_spike_interval_units"": ""time_unit"", ""isi_rel_error"": 0.0, ""mean_gap"": 0.000264096932713142, ""mean_isi_pred"": 0.0, ""mean_isi_true"": 0.0, ""nrmse"": 0.0024432057079362833, ""nrmse_x"": 0.004393912212104123, ""penalty"": 0.0, ""score"": 0.0030274531436413387, ""spike_count_pred"": 1, ""spike_count_true"": 1, ""spike_frequency_pred"": 0.0125, ""spike_frequency_rel_error"": 0.0, ""spike_frequency_true"": 0.0125, ""spike_frequency_units"": ""inverse_time_unit"", ""stable"": true, ""start_in_validation_block"": 0, ""std_ratio"": 0.999549182101282, ""window_index"": 0}, {""end_in_validation_block"": 16000, ""inter_spike_interval_units"": ""time_unit"", ""isi_rel_error"": 0.0002534211860111001, ""mean_gap"": 0.00015615544554501573, ""mean_isi_pred"": 19.725, ""mean_isi_true"": 19.73, ""nrmse"": 0.003799257676233323, ""nrmse_x"": 0.004696775854829654, ""penalty"": 0.0, ""score"": 0.003659751732220191, ""spike_count_pred"": 3, ""spike_count_true"": 3, ""spike_frequency_pred"": 0.0375, ""spike_frequency_rel_error"": 0.0, ""spike_frequency_true"": 0.0375, ""spike_frequency_units"": ""inverse_time_unit"", ""stable"": true, ""start_in_validation_block"": 8000, ""std_ratio"": 1.000218658601471, ""window_index"": 1}, {""end_in_validation_block"": 24000, ""inter_spike_interval_units"": ""time_unit"", ""isi_rel_error"": 0.0012165450121654241, ""mean_gap"": 0.00021273997364133697, ""mean_isi_pred"": 16.42, ""mean_isi_true"": 16.44, ""nrmse"": 0.03405889735003359, ""nrmse_x"": 0.04607234110197867, ""penalty"": 0.0, ""score"": 0.03446278444967938, ""spike_count_pred"": 3, ""spike_count_true"": 3, ""spike_frequency_pred"": 0.0375, ""spike_frequency_rel_error"": 0.0, ""spike_frequency_true"": 0.0375, ""spike_frequency_units"": ""inverse_time_unit"", ""stable"": true, ""start_in_validation_block"": 16000, ""std_ratio"": 1.000115306464281, ""window_index"": 2}]",121,8000,time_unit,0.0,0.000264096932713142,0.0,0.0,0.0024432057079362833,0.004393912212104123,0.0,0.0030274531436413387,1,1,0.0125,0.0,0.0125,inverse_time_unit,True,0,0.999549182101282,16000,time_unit,0.0002534211860111001,0.00015615544554501573,19.725,19.73,0.003799257676233323,0.004696775854829654,0.0,0.003659751732220191,3,3,0.0375,0.0,0.0375,inverse_time_unit,True,8000,1.000218658601471,24000,time_unit,0.0012165450121654241,0.00021273997364133697,16.42,16.44,0.03405889735003359,0.04607234110197867,0.0,0.03446278444967938,3,3,0.0375,0.0,0.0375,inverse_time_unit,True,16000,1.000115306464281
453,0.006166668771112436,1,[42],0.9927328567745415,21,0.7417559378891438,forest,242,0.09487434341211394,ok,ok,2.773099157033034e-10,42,0.03140833971256178,mean,0.8178315237233698,True,True,mean_plus_max,0.0,time_unit,0.0008955037367807214,0.00022638907638907176,12.041666666666666,12.056666666666667,0.01870895693000321,0.0253028470702194,3,0.0,0.03140833971256178,0.03140833971256178,0.03140833971256178,0.03140833971256178,0.0,2.3333333333333335,2.3333333333333335,0.029166666666666664,0.0,0.029166666666666664,inverse_time_unit,1.0000631643292726,8000,"[{""end_in_validation_block"": 8000, ""inter_spike_interval_units"": ""time_unit"", ""isi_rel_error"": 0.0, ""mean_gap"": 0.00019840420876729054, ""mean_isi_pred"": 0.0, ""mean_isi_true"": 0.0, ""nrmse"": 0.0019405147478306556, ""nrmse_x"": 0.0034394890305369636, ""penalty"": 0.0, ""score"": 0.002376847653752994, ""spike_count_pred"": 1, ""spike_count_true"": 1, ""spike_frequency_pred"": 0.0125, ""spike_frequency_rel_error"": 0.0, ""spike_frequency_true"": 0.0125, ""spike_frequency_units"": ""inverse_time_unit"", ""stable"": true, ""start_in_validation_block"": 0, ""std_ratio"": 0.9998125994769046, ""window_index"": 0}, {""end_in_validation_block"": 16000, ""inter_spike_interval_units"": ""time_unit"", ""isi_rel_error"": 0.0002534211860111001, ""mean_gap"": 3.4965825380997146e-05, ""mean_isi_pred"": 19.725, ""mean_isi_true"": 19.73, ""nrmse"": 0.005523269647742495, ""nrmse_x"": 0.00686029894116648, ""penalty"": 0.0, ""score"": 0.005280692422582738, ""spike_count_pred"": 3, ""spike_count_true"": 3, ""spike_frequency_pred"": 0.0375, ""spike_frequency_rel_error"": 0.0, ""spike_frequency_true"": 0.0375, ""spike_frequency_units"": ""inverse_time_unit"", ""stable"": true, ""start_in_validation_block"": 8000, ""std_ratio"": 1.0001214623310788, ""window_index"": 1}, {""end_in_validation_block"": 24000, ""inter_spike_interval_units"": ""time_unit"", ""isi_rel_error"": 0.0024330900243310642, ""mean_gap"": 0.00044579719501892766, ""mean_isi_pred"": 16.4, ""mean_isi_true"": 16.44, ""nrmse"": 0.04866308639443647, ""nrmse_x"": 0.06560875323895475, ""penalty"": 0.0, ""score"": 0.04946713089219977, ""spike_count_pred"": 3, ""spike_count_true"": 3, ""spike_frequency_pred"": 0.0375, ""spike_frequency_rel_error"": 0.0, ""spike_frequency_true"": 0.0375, ""spike_frequency_units"": ""inverse_time_unit"", ""stable"": true, ""start_in_validation_block"": 16000, ""std_ratio"": 1.0002554311798346, ""window_index"": 2}]",81,8000,time_unit,0.0,0.00019840420876729054,0.0,0.0,0.0019405147478306556,0.0034394890305369636,0.0,0.002376847653752994,1,1,0.0125,0.0,0.0125,inverse_time_unit,True,0,0.9998125994769046,16000,time_unit,0.0002534211860111001,3.4965825380997146e-05,19.725,19.73,0.005523269647742495,0.00686029894116648,0.0,0.005280692422582738,3,3,0.0375,0.0,0.0375,inverse_time_unit,True,8000,1.0001214623310788,24000,time_unit,0.0024330900243310642,0.00044579719501892766,16.4,16.44,0.04866308639443647,0.06560875323895475,0.0,0.04946713089219977,3,3,0.0375,0.0,0.0375,inverse_time_unit,True,16000,1.0002554311798346
607,0.006166668771112436,1,[42],0.9805328193675494,22,0.695921713837311,forest,242,0.1851341130063816,ok,ok,4.261415649791946e-09,42,0.09074317329835524,mean,0.7540739798409861,True,True,mean_plus_max,0.0,time_unit,0.001976757187152256,0.0013982157354665526,12.020000000000001,12.056666666666667,0.06457684650263966,0.08807316522603988,3,0.0,0.09074317329835524,0.09074317329835524,0.09074317329835524,0.09074317329835524,0.0,2.3333333333333335,2.3333333333333335,0.029166666666666664,0.0,0.029166666666666664,inverse_time_unit,0.9992734462641139,8000,"[{""end_in_validation_block"": 8000, ""inter_spike_interval_units"": ""time_unit"", ""isi_rel_error"": 0.0, ""mean_gap"": 0.0018083060960912922, ""mean_isi_pred"": 0.0, ""mean_isi_true"": 0.0, ""nrmse"": 0.021390012354872662, ""nrmse_x"": 0.037928440517217325, ""penalty"": 0.0, ""score"": 0.026208145373187695, ""spike_count_pred"": 1, ""spike_count_true"": 1, ""spike_frequency_pred"": 0.0125, ""spike_frequency_rel_error"": 0.0, ""spike_frequency_true"": 0.0125, ""spike_frequency_units"": ""inverse_time_unit"", ""stable"": true, ""start_in_validation_block"": 0, ""std_ratio"": 0.9978758783789836, ""window_index"": 0}, {""end_in_validation_block"": 16000, ""inter_spike_interval_units"": ""time_unit"", ""isi_rel_error"": 0.003801317790167222, ""mean_gap"": 0.0014461973176584796, ""mean_isi_pred"": 19.655, ""mean_isi_true"": 19.73, ""nrmse"": 0.0727861150863286, ""nrmse_x"": 0.09042143894842095, ""penalty"": 0.0, ""score"": 0.0698289790882973, ""spike_count_pred"": 3, ""spike_count_true"": 3, ""spike_frequency_pred"": 0.0375, ""spike_frequency_rel_error"": 0.0, ""spike_frequency_true"": 0.0375, ""spike_frequency_units"": ""inverse_time_unit"", ""stable"": true, ""start_in_validation_block"": 8000, ""std_ratio"": 1.0005422154661292, ""window_index"": 1}, {""end_in_validation_block"": 24000, ""inter_spike_interval_units"": ""time_unit"", ""isi_rel_error"": 0.0021289537712895464, ""mean_gap"": 0.0009401437926498857, ""mean_isi_pred"": 16.405, ""mean_isi_true"": 16.44, ""nrmse"": 0.09955441206671772, ""nrmse_x"": 0.1358696162124814, ""penalty"": 0.0, ""score"": 0.10068136881918897, ""spike_count_pred"": 3, ""spike_count_true"": 3, ""spike_frequency_pred"": 0.0375, ""spike_frequency_rel_error"": 0.0, ""spike_frequency_true"": 0.0375, ""spike_frequency_units"": ""inverse_time_unit"", ""stable"": true, ""start_in_validation_block"": 16000, ""std_ratio"": 0.9994022449472287, ""window_index"": 2}]",106,8000,time_unit,0.0,0.0018083060960912922,0.0,0.0,0.021390012354872662,0.037928440517217325,0.0,0.026208145373187695,1,1,0.0125,0.0,0.0125,inverse_time_unit,True,0,0.9978758783789836,16000,time_unit,0.003801317790167222,0.0014461973176584796,19.655,19.73,0.0727861150863286,0.09042143894842095,0.0,0.0698289790882973,3,3,0.0375,0.0,0.0375,inverse_time_unit,True,8000,1.0005422154661292,24000,time_unit,0.0021289537712895464,0.0009401437926498857,16.405,16.44,0.09955441206671772,0.1358696162124814,0.0,0.10068136881918897,3,3,0.0375,0.0,0.0375,inverse_time_unit,True,16000,0.9994022449472287
455,0.006166668771112436,1,[42],0.9919061129542076,23,0.7919572649552369,forest,242,0.19128907798633119,ok,ok,3.127234914747431e-10,42,0.037097778414048044,mean,0.8241501487889851,True,True,mean_plus_max,0.0,time_unit,0.00037170495936840014,0.0006226566635979938,12.049999999999999,12.056666666666667,0.023476495378911232,0.032767908731487834,3,0.0,0.037097778414048044,0.037097778414048044,0.037097778414048044,0.037097778414048044,0.0,2.3333333333333335,2.3333333333333335,0.029166666666666664,0.0,0.029166666666666664,inverse_time_unit,0.9997009994903995,8000,"[{""end_in_validation_block"": 8000, ""inter_spike_interval_units"": ""time_unit"", ""isi_rel_error"": 0.0, ""mean_gap"": 0.0009947505378473903, ""mean_isi_pred"": 0.0, ""mean_isi_true"": 0.0, ""nrmse"": 0.008819070366041, ""nrmse_x"": 0.015893509639193046, ""penalty"": 0.0, ""score"": 0.010946197893066426, ""spike_count_pred"": 1, ""spike_count_true"": 1, ""spike_frequency_pred"": 0.0125, ""spike_frequency_rel_error"": 0.0, ""spike_frequency_true"": 0.0125, ""spike_frequency_units"": ""inverse_time_unit"", ""stable"": true, ""start_in_validation_block"": 0, ""std_ratio"": 0.9982678361229143, ""window_index"": 0}, {""end_in_validation_block"": 16000, ""inter_spike_interval_units"": ""time_unit"", ""isi_rel_error"": 0.0005068423720223803, ""mean_gap"": 0.0007564122283078422, ""mean_isi_pred"": 19.72, ""mean_isi_true"": 19.73, ""nrmse"": 0.009713685054705297, ""nrmse_x"": 0.011858416160302065, ""penalty"": 0.0, ""score"": 0.00920397133785365, ""spike_count_pred"": 3, ""spike_count_true"": 3, ""spike_frequency_pred"": 0.0375, ""spike_frequency_rel_error"": 0.0, ""spike_frequency_true"": 0.0375, ""spike_frequency_units"": ""inverse_time_unit"", ""stable"": true, ""start_in_validation_block"": 8000, ""std_ratio"": 1.0007692229740108, ""window_index"": 1}, {""end_in_validation_block"": 24000, ""inter_spike_interval_units"": ""time_unit"", ""isi_rel_error"": 0.00060827250608282, ""mean_gap"": 0.00011680722463874907, ""mean_isi_pred"": 16.43, ""mean_isi_true"": 16.44, ""nrmse"": 0.051896730715987396, ""nrmse_x"": 0.0705518003949684, ""penalty"": 0.0, ""score"": 0.05208180914927089, ""spike_count_pred"": 3, ""spike_count_true"": 3, ""spike_frequency_pred"": 0.0375, ""spike_frequency_rel_error"": 0.0, ""spike_frequency_true"": 0.0375, ""spike_frequency_units"": ""inverse_time_unit"", ""stable"": true, ""start_in_validation_block"": 16000, ""std_ratio"": 1.0000659393742732, ""window_index"": 2}]",80,8000,time_unit,0.0,0.0009947505378473903,0.0,0.0,0.008819070366041,0.015893509639193046,0.0,0.010946197893066426,1,1,0.0125,0.0,0.0125,inverse_time_unit,True,0,0.9982678361229143,16000,time_unit,0.0005068423720223803,0.0007564122283078422,19.72,19.73,0.009713685054705297,0.011858416160302065,0.0,0.00920397133785365,3,3,0.0375,0.0,0.0375,inverse_time_unit,True,8000,1.0007692229740108,24000,time_unit,0.00060827250608282,0.00011680722463874907,16.43,16.44,0.051896730715987396,0.0705518003949684,0.0,0.05208180914927089,3,3,0.0375,0.0,0.0375,inverse_time_unit,True,16000,1.0000659393742732
405,0.006166668771112436,1,[42],0.9605375652432125,24,0.4560716586901138,forest,242,0.19595386829249994,ok,ok,5.626249665387218e-10,42,0.014456360049274301,mean,0.8586423913489675,True,True,mean_plus_max,0.0,time_unit,0.00028723123069797335,0.00020007703247614843,12.051666666666668,12.056666666666667,0.00893591238154595,0.012337972479858052,3,0.0,0.014456360049274301,0.014456360049274301,0.014456360049274301,0.014456360049274301,0.0,2.3333333333333335,2.3333333333333335,0.029166666666666664,0.0,0.029166666666666664,inverse_time_unit,0.9999023656629626,8000,"[{""end_in_validation_block"": 8000, ""inter_spike_interval_units"": ""time_unit"", ""isi_rel_error"": 0.0, ""mean_gap"": 0.0003205325556190487, ""mean_isi_pred"": 0.0, ""mean_isi_true"": 0.0, ""nrmse"": 0.0024791032972131134, ""nrmse_x"": 0.004506461664906307, ""penalty"": 0.0, ""score"": 0.0030983297400017473, ""spike_count_pred"": 1, ""spike_count_true"": 1, ""spike_frequency_pred"": 0.0125, ""spike_frequency_rel_error"": 0.0, ""spike_frequency_true"": 0.0125, ""spike_frequency_units"": ""inverse_time_unit"", ""stable"": true, ""start_in_validation_block"": 0, ""std_ratio"": 0.9993035705493943, ""window_index"": 0}, {""end_in_validation_block"": 16000, ""inter_spike_interval_units"": ""time_unit"", ""isi_rel_error"": 0.0002534211860111001, ""mean_gap"": 0.0001989790764690662, ""mean_isi_pred"": 19.725, ""mean_isi_true"": 19.73, ""nrmse"": 0.0033551917641453373, ""nrmse_x"": 0.004100130093565421, ""penalty"": 0.0, ""score"": 0.003220580085502866, ""spike_count_pred"": 3, ""spike_count_true"": 3, ""spike_frequency_pred"": 0.0375, ""spike_frequency_rel_error"": 0.0, ""spike_frequency_true"": 0.0375, ""spike_frequency_units"": ""inverse_time_unit"", ""stable"": true, ""start_in_validation_block"": 8000, ""std_ratio"": 1.0003547468058331, ""window_index"": 1}, {""end_in_validation_block"": 24000, ""inter_spike_interval_units"": ""time_unit"", ""isi_rel_error"": 0.00060827250608282, ""mean_gap"": 8.071946534033043e-05, ""mean_isi_pred"": 16.43, ""mean_isi_true"": 16.44, ""nrmse"": 0.020973442083279396, ""nrmse_x"": 0.02840732568110243, ""penalty"": 0.0, ""score"": 0.021171525898467596, ""spike_count_pred"": 3, ""spike_count_true"": 3, ""spike_frequency_pred"": 0.0375, ""spike_frequency_rel_error"": 0.0, ""spike_frequency_true"": 0.0375, ""spike_frequency_units"": ""inverse_time_unit"", ""stable"": true, ""start_in_validation_block"": 16000, ""std_ratio"": 1.0000487796336601, ""window_index"": 2}]",247,8000,time_unit,0.0,0.0003205325556190487,0.0,0.0,0.0024791032972131134,0.004506461664906307,0.0,0.0030983297400017473,1,1,0.0125,0.0,0.0125,inverse_time_unit,True,0,0.9993035705493943,16000,time_unit,0.0002534211860111001,0.0001989790764690662,19.725,19.73,0.0033551917641453373,0.004100130093565421,0.0,0.003220580085502866,3,3,0.0375,0.0,0.0375,inverse_time_unit,True,8000,1.0003547468058331,24000,time_unit,0.00060827250608282,8.071946534033043e-05,16.43,16.44,0.020973442083279396,0.02840732568110243,0.0,0.021171525898467596,3,3,0.0375,0.0,0.0375,inverse_time_unit,True,16000,1.0000487796336601
491,0.006166668771112436,1,[42],0.9992020830704834,25,0.4410135808347877,forest,242,0.1042843375064004,ok,ok,3.0520590200814584e-09,42,0.03081045917052501,mean,0.8179998906053221,True,True,mean_plus_max,0.0,time_unit,0.00010137875101376733,0.00022813003045838026,12.058333333333332,12.056666666666667,0.018151088213374383,0.02471813060702104,3,0.0,0.03081045917052501,0.03081045917052501,0.03081045917052501,0.03081045917052501,0.0,2.3333333333333335,2.3333333333333335,0.029166666666666664,0.0,0.029166666666666664,inverse_time_unit,0.9999563028554016,8000,"[{""end_in_validation_block"": 8000, ""inter_spike_interval_units"": ""time_unit"", ""isi_rel_error"": 0.0, ""mean_gap"": 0.00016076308298504003, ""mean_isi_pred"": 0.0, ""mean_isi_true"": 0.0, ""nrmse"": 0.0012130630444057023, ""nrmse_x"": 0.0022002928092435515, ""penalty"": 0.0, ""score"": 0.001513426806185379, ""spike_count_pred"": 1, ""spike_count_true"": 1, ""spike_frequency_pred"": 0.0125, ""spike_frequency_rel_error"": 0.0, ""spike_frequency_true"": 0.0125, ""spike_frequency_units"": ""inverse_time_unit"", ""stable"": true, ""start_in_validation_block"": 0, ""std_ratio"": 1.0002838913845766, ""window_index"": 0}, {""end_in_validation_block"": 16000, ""inter_spike_interval_units"": ""time_unit"", ""isi_rel_error"": 0.0, ""mean_gap"": 9.136408548096767e-05, ""mean_isi_pred"": 19.73, ""mean_isi_true"": 19.73, ""nrmse"": 0.002726144683131415, ""nrmse_x"": 0.003358605781665646, ""penalty"": 0.0, ""score"": 0.002528769350698959, ""spike_count_pred"": 3, ""spike_count_true"": 3, ""spike_frequency_pred"": 0.0375, ""spike_frequency_rel_error"": 0.0, ""spike_frequency_true"": 0.0375, ""spike_frequency_units"": ""inverse_time_unit"", ""stable"": true, ""start_in_validation_block"": 8000, ""std_ratio"": 0.9998390113053597, ""window_index"": 1}, {""end_in_validation_block"": 24000, ""inter_spike_interval_units"": ""time_unit"", ""isi_rel_error"": 0.000304136253041302, ""mean_gap"": 0.00043226292290913306, ""mean_isi_pred"": 16.445, ""mean_isi_true"": 16.44, ""nrmse"": 0.050514056912586036, ""nrmse_x"": 0.06859549323015392, ""penalty"": 0.0, ""score"": 0.05050810363125182, ""spike_count_pred"": 3, ""spike_count_true"": 3, ""spike_frequency_pred"": 0.0375, ""spike_frequency_rel_error"": 0.0, ""spike_frequency_true"": 0.0375, ""spike_frequency_units"": ""inverse_time_unit"", ""stable"": true, ""start_in_validation_block"": 16000, ""std_ratio"": 0.9997460058762684, ""window_index"": 2}]",93,8000,time_unit,0.0,0.00016076308298504003,0.0,0.0,0.0012130630444057023,0.0022002928092435515,0.0,0.001513426806185379,1,1,0.0125,0.0,0.0125,inverse_time_unit,True,0,1.0002838913845766,16000,time_unit,0.0,9.136408548096767e-05,19.73,19.73,0.002726144683131415,0.003358605781665646,0.0,0.002528769350698959,3,3,0.0375,0.0,0.0375,inverse_time_unit,True,8000,0.9998390113053597,24000,time_unit,0.000304136253041302,0.00043226292290913306,16.445,16.44,0.050514056912586036,0.06859549323015392,0.0,0.05050810363125182,3,3,0.0375,0.0,0.0375,inverse_time_unit,True,16000,0.9997460058762684
260,0.006166668771112436,1,[42],0.9114892802148823,26,0.10870911303693342,forest,242,0.19790717668473068,ok,ok,1.8249492373295033e-09,42,2.40873805978968,mean,0.5123047482458527,True,True,mean_plus_max,0.0,time_unit,0.724655312246553,0.13569729561000493,11.913333333333334,12.056666666666667,1.0469161768404387,1.1011997282511727,3,0.0,2.40873805978968,2.40873805978968,2.40873805978968,2.40873805978968,0.0,1.0,2.3333333333333335,0.012500000000000002,0.6666666666666666,0.029166666666666664,inverse_time_unit,0.6445356708174809,8000,"[{""end_in_validation_block"": 8000, ""inter_spike_interval_units"": ""time_unit"", ""isi_rel_error"": 0.0, ""mean_gap"": 0.0021596352217953356, ""mean_isi_pred"": 0.0, ""mean_isi_true"": 0.0, ""nrmse"": 0.5766805251117647, ""nrmse_x"": 0.8499349557091114, ""penalty"": 0.0, ""score"": 1.6116343569179525, ""spike_count_pred"": 0, ""spike_count_true"": 1, ""spike_frequency_pred"": 0.0, ""spike_frequency_rel_error"": 1.0, ""spike_frequency_true"": 0.0125, ""spike_frequency_units"": ""inverse_time_unit"", ""stable"": true, ""start_in_validation_block"": 0, ""std_ratio"": 0.5427191141953346, ""window_index"": 0}, {""end_in_validation_block"": 16000, ""inter_spike_interval_units"": ""time_unit"", ""isi_rel_error"": 1.0, ""mean_gap"": 0.1415888721730589, ""mean_isi_pred"": 0.0, ""mean_isi_true"": 19.73, ""nrmse"": 1.1153756756043172, ""nrmse_x"": 1.0980159698876033, ""penalty"": 0.0, ""score"": 2.049419369005928, ""spike_count_pred"": 1, ""spike_count_true"": 3, ""spike_frequency_pred"": 0.0125, ""spike_frequency_rel_error"": 0.6666666666666666, ""spike_frequency_true"": 0.0375, ""spike_frequency_units"": ""inverse_time_unit"", ""stable"": true, ""start_in_validation_block"": 8000, ""std_ratio"": 0.5664200676579347, ""window_index"": 1}, {""end_in_validation_block"": 24000, ""inter_spike_interval_units"": ""time_unit"", ""isi_rel_error"": 1.1739659367396593, ""mean_gap"": 0.26334337943516056, ""mean_isi_pred"": 35.74, ""mean_isi_true"": 16.44, ""nrmse"": 1.4486923298052343, ""nrmse_x"": 1.3556482591568035, ""penalty"": 0.0, ""score"": 2.0280959266907135, ""spike_count_pred"": 2, ""spike_count_true"": 3, ""spike_frequency_pred"": 0.025, ""spike_frequency_rel_error"": 0.33333333333333326, ""spike_frequency_true"": 0.0375, ""spike_frequency_units"": ""inverse_time_unit"", ""stable"": true, ""start_in_validation_block"": 16000, ""std_ratio"": 0.8244678305991733, ""window_index"": 2}]",61,8000,time_unit,0.0,0.0021596352217953356,0.0,0.0,0.5766805251117647,0.8499349557091114,0.0,1.6116343569179525,0,1,0.0,1.0,0.0125,inverse_time_unit,True,0,0.5427191141953346,16000,time_unit,1.0,0.1415888721730589,0.0,19.73,1.1153756756043172,1.0980159698876033,0.0,2.049419369005928,1,3,0.0125,0.6666666666666666,0.0375,inverse_time_unit,True,8000,0.5664200676579347,24000,time_unit,1.1739659367396593,0.26334337943516056,35.74,16.44,1.4486923298052343,1.3556482591568035,0.0,2.0280959266907135,2,3,0.025,0.33333333333333326,0.0375,inverse_time_unit,True,16000,0.8244678305991733
456,0.006166668771112436,1,[42],0.9069571056271918,27,0.4898555299066718,forest,242,0.09335149260948175,ok,ok,3.8282901040725556e-05,42,7.166568125806393,mean,0.9525193888533947,True,True,mean_plus_max,0.0,time_unit,0.6666666666666666,2.0374800621066815,0.0,12.056666666666667,2.2992920943926993,2.5439808969314224,3,2.113468605658984,7.166568125806393,7.166568125806393,7.166568125806393,7.166568125806393,0.0,0.0,2.3333333333333335,0.0,1.0,0.029166666666666664,inverse_time_unit,0.3568724393401533,8000,"[{""end_in_validation_block"": 8000, ""inter_spike_interval_units"": ""time_unit"", ""isi_rel_error"": 0.0, ""mean_gap"": 0.7720343693430919, ""mean_isi_pred"": 0.0, ""mean_isi_true"": 0.0, ""nrmse"": 1.3464037972361322, ""nrmse_x"": 1.9292773180126137, ""penalty"": 0.0, ""score"": 2.397703474215971, ""spike_count_pred"": 0, ""spike_count_true"": 1, ""spike_frequency_pred"": 0.0, ""spike_frequency_rel_error"": 1.0, ""spike_frequency_true"": 0.0125, ""spike_frequency_units"": ""inverse_time_unit"", ""stable"": true, ""start_in_validation_block"": 0, ""std_ratio"": 1.07061731802046, ""window_index"": 0}, {""end_in_validation_block"": 16000, ""inter_spike_interval_units"": ""time_unit"", ""isi_rel_error"": 1.0, ""mean_gap"": 2.6396919342620975, ""mean_isi_pred"": 0.0, ""mean_isi_true"": 19.73, ""nrmse"": 2.758061317123601, ""nrmse_x"": 2.8227599096997915, ""penalty"": 3.1396919342620975, ""score"": 6.881725213877884, ""spike_count_pred"": 0, ""spike_count_true"": 3, ""spike_frequency_pred"": 0.0, ""spike_frequency_rel_error"": 1.0, ""spike_frequency_true"": 0.0375, ""spike_frequency_units"": ""inverse_time_unit"", ""stable"": true, ""start_in_validation_block"": 8000, ""std_ratio"": 0.0, ""window_index"": 1}, {""end_in_validation_block"": 24000, ""inter_spike_interval_units"": ""time_unit"", ""isi_rel_error"": 1.0, ""mean_gap"": 2.7007138827148554, ""mean_isi_pred"": 0.0, ""mean_isi_true"": 16.44, ""nrmse"": 2.793411168818364, ""nrmse_x"": 2.8799054630818612, ""penalty"": 3.2007138827148554, ""score"": 6.98301467961447, ""spike_count_pred"": 0, ""spike_count_true"": 3, ""spike_frequency_pred"": 0.0, ""spike_frequency_rel_error"": 1.0, ""spike_frequency_true"": 0.0375, ""spike_frequency_units"": ""inverse_time_unit"", ""stable"": true, ""start_in_validation_block"": 16000, ""std_ratio"": 0.0, ""window_index"": 2}]",65,8000,time_unit,0.0,0.7720343693430919,0.0,0.0,1.3464037972361322,1.9292773180126137,0.0,2.397703474215971,0,1,0.0,1.0,0.0125,inverse_time_unit,True,0,1.07061731802046,16000,time_unit,1.0,2.6396919342620975,0.0,19.73,2.758061317123601,2.8227599096997915,3.1396919342620975,6.881725213877884,0,3,0.0,1.0,0.0375,inverse_time_unit,True,8000,0.0,24000,time_unit,1.0,2.7007138827148554,0.0,16.44,2.793411168818364,2.8799054630818612,3.2007138827148554,6.98301467961447,0,3,0.0,1.0,0.0375,inverse_time_unit,True,16000,0.0
402,0.006166668771112436,1,[42],0.96664059637361,28,0.7119775036074829,forest,242,0.15359127357196284,ok,ok,0.0003778462893899523,42,6.716561989495128,mean,0.851378230456373,True,True,mean_plus_max,0.0,time_unit,0.6666666666666666,1.8330742067666153,0.0,12.056666666666667,2.1341030667093412,2.2023694306831323,3,2.1664075400999487,6.716561989495128,6.716561989495128,6.716561989495128,6.716561989495128,0.0,0.0,2.3333333333333335,0.0,1.0,0.029166666666666664,inverse_time_unit,0.3077909935249085,8000,"[{""end_in_validation_block"": 8000, ""inter_spike_interval_units"": ""time_unit"", ""isi_rel_error"": 0.0, ""mean_gap"": 1.4585752162499226, ""mean_isi_pred"": 0.0, ""mean_isi_true"": 0.0, ""nrmse"": 1.8478167472725515, ""nrmse_x"": 2.098468338774303, ""penalty"": 1.4585752162499226, ""score"": 4.074686989393927, ""spike_count_pred"": 0, ""spike_count_true"": 1, ""spike_frequency_pred"": 0.0, ""spike_frequency_rel_error"": 1.0, ""spike_frequency_true"": 0.0125, ""spike_frequency_units"": ""inverse_time_unit"", ""stable"": true, ""start_in_validation_block"": 0, ""std_ratio"": 0.9233729805747256, ""window_index"": 0}, {""end_in_validation_block"": 16000, ""inter_spike_interval_units"": ""time_unit"", ""isi_rel_error"": 1.0, ""mean_gap"": 1.9846346575769651, ""mean_isi_pred"": 0.0, ""mean_isi_true"": 19.73, ""nrmse"": 2.256538809302841, ""nrmse_x"": 2.222335421140481, ""penalty"": 2.484634657576965, ""score"": 5.77105384152994, ""spike_count_pred"": 0, ""spike_count_true"": 3, ""spike_frequency_pred"": 0.0, ""spike_frequency_rel_error"": 1.0, ""spike_frequency_true"": 0.0375, ""spike_frequency_units"": ""inverse_time_unit"", ""stable"": true, ""start_in_validation_block"": 8000, ""std_ratio"": 1.8207073096735167e-17, ""window_index"": 1}, {""end_in_validation_block"": 24000, ""inter_spike_interval_units"": ""time_unit"", ""isi_rel_error"": 1.0, ""mean_gap"": 2.056012746472958, ""mean_isi_pred"": 0.0, ""mean_isi_true"": 16.44, ""nrmse"": 2.297953643552631, ""nrmse_x"": 2.286304532134614, ""penalty"": 2.556012746472958, ""score"": 5.887968650035154, ""spike_count_pred"": 0, ""spike_count_true"": 3, ""spike_frequency_pred"": 0.0, ""spike_frequency_rel_error"": 1.0, ""spike_frequency_true"": 0.0375, ""spike_frequency_units"": ""inverse_time_unit"", ""stable"": true, ""start_in_validation_block"": 16000, ""std_ratio"": 0.0, ""window_index"": 2}]",101,8000,time_unit,0.0,1.4585752162499226,0.0,0.0,1.8478167472725515,2.098468338774303,1.4585752162499226,4.074686989393927,0,1,0.0,1.0,0.0125,inverse_time_unit,True,0,0.9233729805747256,16000,time_unit,1.0,1.9846346575769651,0.0,19.73,2.256538809302841,2.222335421140481,2.484634657576965,5.77105384152994,0,3,0.0,1.0,0.0375,inverse_time_unit,True,8000,1.8207073096735167e-17,24000,time_unit,1.0,2.056012746472958,0.0,16.44,2.297953643552631,2.286304532134614,2.556012746472958,5.887968650035154,0,3,0.0,1.0,0.0375,inverse_time_unit,True,16000,0.0
440,0.006166668771112436,1,[42],0.9847881303422508,29,0.779943192256391,forest,242,0.14080560315076898,ok,ok,0.0001711641366492147,42,2.306013441610607,mean,0.7877414802980973,True,True,mean_plus_max,0.0,time_unit,0.5286030580174885,0.11812774656300461,20.514444444444447,12.056666666666667,0.9185358311856646,1.2196348913775121,3,0.0,2.306013441610607,2.306013441610607,2.306013441610607,2.306013441610607,0.0,2.6666666666666665,2.3333333333333335,0.03333333333333333,0.5555555555555556,0.029166666666666664,inverse_time_unit,1.0688544698300262,8000,"[{""end_in_validation_block"": 8000, ""inter_spike_interval_units"": ""time_unit"", ""isi_rel_error"": 1.0, ""mean_gap"": 0.14032526535405143, ""mean_isi_pred"": 13.84, ""mean_isi_true"": 0.0, ""nrmse"": 0.7309661259342795, ""nrmse_x"": 1.2002750990644893, ""penalty"": 0.0, ""score"": 2.342892835969039, ""spike_count_pred"": 2, ""spike_count_true"": 1, ""spike_frequency_pred"": 0.025, ""spike_frequency_rel_error"": 1.0, ""spike_frequency_true"": 0.0125, ""spike_frequency_units"": ""inverse_time_unit"", ""stable"": true, ""start_in_validation_block"": 0, ""std_ratio"": 1.1826766332034666, ""window_index"": 0}, {""end_in_validation_block"": 16000, ""inter_spike_interval_units"": ""time_unit"", ""isi_rel_error"": 0.5783071464774455, ""mean_gap"": 0.08403988226796016, ""mean_isi_pred"": 31.14, ""mean_isi_true"": 19.73, ""nrmse"": 0.8985919376337763, ""nrmse_x"": 1.0206700983053645, ""penalty"": 0.0, ""score"": 1.4085034450484506, ""spike_count_pred"": 2, ""spike_count_true"": 3, ""spike_frequency_pred"": 0.025, ""spike_frequency_rel_error"": 0.33333333333333326, ""spike_frequency_true"": 0.0375, ""spike_frequency_units"": ""inverse_time_unit"", ""stable"": true, ""start_in_validation_block"": 8000, ""std_ratio"": 0.8980186026677126, ""window_index"": 1}, {""end_in_validation_block"": 24000, ""inter_spike_interval_units"": ""time_unit"", ""isi_rel_error"": 0.007502027575020151, ""mean_gap"": 0.1300180920670022, ""mean_isi_pred"": 16.563333333333333, ""mean_isi_true"": 16.44, ""nrmse"": 1.126049429988938, ""nrmse_x"": 1.4379594767626822, ""penalty"": 0.0, ""score"": 1.4094744168375533, ""spike_count_pred"": 4, ""spike_count_true"": 3, ""spike_frequency_pred"": 0.05, ""spike_frequency_rel_error"": 0.3333333333333335, ""spike_frequency_true"": 0.0375, ""spike_frequency_units"": ""inverse_time_unit"", ""stable"": true, ""start_in_validation_block"": 16000, ""std_ratio"": 1.1258681736188991, ""window_index"": 2}]",218,8000,time_unit,1.0,0.14032526535405143,13.84,0.0,0.7309661259342795,1.2002750990644893,0.0,2.342892835969039,2,1,0.025,1.0,0.0125,inverse_time_unit,True,0,1.1826766332034666,16000,time_unit,0.5783071464774455,0.08403988226796016,31.14,19.73,0.8985919376337763,1.0206700983053645,0.0,1.4085034450484506,2,3,0.025,0.33333333333333326,0.0375,inverse_time_unit,True,8000,0.8980186026677126,24000,time_unit,0.007502027575020151,0.1300180920670022,16.563333333333333,16.44,1.126049429988938,1.4379594767626822,0.0,1.4094744168375533,4,3,0.05,0.3333333333333335,0.0375,inverse_time_unit,True,16000,1.1258681736188991
629,0.006166668771112436,1,[42],0.9781369262022247,30,0.46783998652678516,forest,242,0.10266909669635514,ok,ok,2.4680717222999684e-10,42,0.07678425825855577,mean,0.9756679913070917,True,True,mean_plus_max,0.0,time_unit,0.0017065337448909322,0.00040914252732126964,12.084999999999999,12.056666666666667,0.04398946245351506,0.05950627723112712,3,0.0,0.07678425825855577,0.07678425825855577,0.07678425825855577,0.07678425825855577,0.0,2.3333333333333335,2.3333333333333335,0.029166666666666664,0.0,0.029166666666666664,inverse_time_unit,0.9998261701969083,8000,"[{""end_in_validation_block"": 8000, ""inter_spike_interval_units"": ""time_unit"", ""isi_rel_error"": 0.0, ""mean_gap"": 0.00011781886992524187, ""mean_isi_pred"": 0.0, ""mean_isi_true"": 0.0, ""nrmse"": 0.0012398143227898804, ""nrmse_x"": 0.002188735060224853, ""penalty"": 0.0, ""score"": 0.0015137578638211395, ""spike_count_pred"": 1, ""spike_count_true"": 1, ""spike_frequency_pred"": 0.0125, ""spike_frequency_rel_error"": 0.0, ""spike_frequency_true"": 0.0125, ""spike_frequency_units"": ""inverse_time_unit"", ""stable"": true, ""start_in_validation_block"": 0, ""std_ratio"": 1.000063256546099, ""window_index"": 0}, {""end_in_validation_block"": 16000, ""inter_spike_interval_units"": ""time_unit"", ""isi_rel_error"": 0.0002534211860111001, ""mean_gap"": 6.340756116917318e-05, ""mean_isi_pred"": 19.735, ""mean_isi_true"": 19.73, ""nrmse"": 0.0035176686200668736, ""nrmse_x"": 0.004357592899168317, ""penalty"": 0.0, ""score"": 0.0034028038425648424, ""spike_count_pred"": 3, ""spike_count_true"": 3, ""spike_frequency_pred"": 0.0375, ""spike_frequency_rel_error"": 0.0, ""spike_frequency_true"": 0.0375, ""spike_frequency_units"": ""inverse_time_unit"", ""stable"": true, ""start_in_validation_block"": 8000, ""std_ratio"": 0.9999851289390133, ""window_index"": 1}, {""end_in_validation_block"": 24000, ""inter_spike_interval_units"": ""time_unit"", ""isi_rel_error"": 0.0048661800486616965, ""mean_gap"": 0.0010462011508693939, ""mean_isi_pred"": 16.52, ""mean_isi_true"": 16.44, ""nrmse"": 0.12721090441768843, ""nrmse_x"": 0.1719725037339882, ""penalty"": 0.0, ""score"": 0.12882069318244646, ""spike_count_pred"": 3, ""spike_count_true"": 3, ""spike_frequency_pred"": 0.0375, ""spike_frequency_rel_error"": 0.0, ""spike_frequency_true"": 0.0375, ""spike_frequency_units"": ""inverse_time_unit"", ""stable"": true, ""start_in_validation_block"": 16000, ""std_ratio"": 0.999430125105613, ""window_index"": 2}]",65,8000,time_unit,0.0,0.00011781886992524187,0.0,0.0,0.0012398143227898804,0.002188735060224853,0.0,0.0015137578638211395,1,1,0.0125,0.0,0.0125,inverse_time_unit,True,0,1.000063256546099,16000,time_unit,0.0002534211860111001,6.340756116917318e-05,19.735,19.73,0.0035176686200668736,0.004357592899168317,0.0,0.0034028038425648424,3,3,0.0375,0.0,0.0375,inverse_time_unit,True,8000,0.9999851289390133,24000,time_unit,0.0048661800486616965,0.0010462011508693939,16.52,16.44,0.12721090441768843,0.1719725037339882,0.0,0.12882069318244646,3,3,0.0375,0.0,0.0375,inverse_time_unit,True,16000,0.999430125105613
437,0.026875310464100854,1,[42],0.9375668084288652,1,0.503785110137893,gbrt,342,0.16801655951560343,ok,ok,1.7635149077786963e-08,42,0.026875310464100854,mean,0.5285623146723003,True,True,mean_plus_max,0.0,time_unit,0.0011489249227918817,0.0004584013474667118,12.036666666666667,12.056666666666667,0.018920983420953184,0.02603793358661539,3,0.0,0.026875310464100854,0.026875310464100854,0.026875310464100854,0.026875310464100854,0.0,2.3333333333333335,2.3333333333333335,0.029166666666666664,0.0,0.029166666666666664,inverse_time_unit,0.9997767860512342,8000,"[{""end_in_validation_block"": 8000, ""inter_spike_interval_units"": ""time_unit"", ""isi_rel_error"": 0.0, ""mean_gap"": 0.0008304262398600547, ""mean_isi_pred"": 0.0, ""mean_isi_true"": 0.0, ""nrmse"": 0.008610232321561332, ""nrmse_x"": 0.015382594416985656, ""penalty"": 0.0, ""score"": 0.010612985009732446, ""spike_count_pred"": 1, ""spike_count_true"": 1, ""spike_frequency_pred"": 0.0125, ""spike_frequency_rel_error"": 0.0, ""spike_frequency_true"": 0.0125, ""spike_frequency_units"": ""inverse_time_unit"", ""stable"": true, ""start_in_validation_block"": 0, ""std_ratio"": 0.9987976548444014, ""window_index"": 0}, {""end_in_validation_block"": 16000, ""inter_spike_interval_units"": ""time_unit"", ""isi_rel_error"": 0.0010136847440445804, ""mean_gap"": 0.0005072398503100814, ""mean_isi_pred"": 19.71, ""mean_isi_true"": 19.73, ""nrmse"": 0.020107699877293078, ""nrmse_x"": 0.02496546966804997, ""penalty"": 0.0, ""score"": 0.019264775658773044, ""spike_count_pred"": 3, ""spike_count_true"": 3, ""spike_frequency_pred"": 0.0375, ""spike_frequency_rel_error"": 0.0, ""spike_frequency_true"": 0.0375, ""spike_frequency_units"": ""inverse_time_unit"", ""stable"": true, ""start_in_validation_block"": 8000, ""std_ratio"": 1.0005275647498246, ""window_index"": 1}, {""end_in_validation_block"": 24000, ""inter_spike_interval_units"": ""time_unit"", ""isi_rel_error"": 0.0024330900243310642, ""mean_gap"": 3.753795222999922e-05, ""mean_isi_pred"": 16.4, ""mean_isi_true"": 16.44, ""nrmse"": 0.028045018064005143, ""nrmse_x"": 0.03776573667481055, ""penalty"": 0.0, ""score"": 0.02899895469931262, ""spike_count_pred"": 3, ""spike_count_true"": 3, ""spike_frequency_pred"": 0.0375, ""spike_frequency_rel_error"": 0.0, ""spike_frequency_true"": 0.0375, ""spike_frequency_units"": ""inverse_time_unit"", ""stable"": true, ""start_in_validation_block"": 16000, ""std_ratio"": 1.0000051385594768, ""window_index"": 2}]",184,8000,time_unit,0.0,0.0008304262398600547,0.0,0.0,0.008610232321561332,0.015382594416985656,0.0,0.010612985009732446,1,1,0.0125,0.0,0.0125,inverse_time_unit,True,0,0.9987976548444014,16000,time_unit,0.0010136847440445804,0.0005072398503100814,19.71,19.73,0.020107699877293078,0.02496546966804997,0.0,0.019264775658773044,3,3,0.0375,0.0,0.0375,inverse_time_unit,True,8000,1.0005275647498246,24000,time_unit,0.0024330900243310642,3.753795222999922e-05,16.4,16.44,0.028045018064005143,0.03776573667481055,0.0,0.02899895469931262,3,3,0.0375,0.0,0.0375,inverse_time_unit,True,16000,1.0000051385594768
790,0.026875310464100854,1,[42],0.24943183376952205,2,0.20667523630333146,gbrt,342,0.10532383628157259,ok,ok,7.292805036962157e-08,42,4.8232001720378435,mean,1.125990667635912,True,True,mean_plus_max,0.0,time_unit,0.5433660752957574,0.7053815748563989,12.292777777777777,12.056666666666667,1.6829909312907532,1.8203133731252195,3,0.0,4.8232001720378435,4.8232001720378435,4.8232001720378435,4.8232001720378435,0.0,6.0,2.3333333333333335,0.075,1.888888888888889,0.029166666666666664,inverse_time_unit,1.3499303017172248,8000,"[{""end_in_validation_block"": 8000, ""inter_spike_interval_units"": ""time_unit"", ""isi_rel_error"": 1.0, ""mean_gap"": 0.7299803208555988, ""mean_isi_pred"": 12.31, ""mean_isi_true"": 0.0, ""nrmse"": 1.5150277919623352, ""nrmse_x"": 1.971046694268151, ""penalty"": 0.0, ""score"": 4.962832629838068, ""spike_count_pred"": 4, ""spike_count_true"": 1, ""spike_frequency_pred"": 0.05, ""spike_frequency_rel_error"": 3.0000000000000004, ""spike_frequency_true"": 0.0125, ""spike_frequency_units"": ""inverse_time_unit"", ""stable"": true, ""start_in_validation_block"": 0, ""std_ratio"": 1.5350765340800816, ""window_index"": 0}, {""end_in_validation_block"": 16000, ""inter_spike_interval_units"": ""time_unit"", ""isi_rel_error"": 0.37776651461395505, ""mean_gap"": 0.7833665702947994, ""mean_isi_pred"": 12.276666666666667, ""mean_isi_true"": 19.73, ""nrmse"": 1.9627889114006583, ""nrmse_x"": 1.8226336820021112, ""penalty"": 0.0, ""score"": 3.015362343591637, ""spike_count_pred"": 7, ""spike_count_true"": 3, ""spike_frequency_pred"": 0.0875, ""spike_frequency_rel_error"": 1.3333333333333333, ""spike_frequency_true"": 0.0375, ""spike_frequency_units"": ""inverse_time_unit"", ""stable"": true, ""start_in_validation_block"": 8000, ""std_ratio"": 1.2572440076268638, ""window_index"": 1}, {""end_in_validation_block"": 24000, ""inter_spike_interval_units"": ""time_unit"", ""isi_rel_error"": 0.2523317112733171, ""mean_gap"": 0.6027978334187983, ""mean_isi_pred"": 12.291666666666668, ""mean_isi_true"": 16.44, ""nrmse"": 1.5711560905092663, ""nrmse_x"": 1.6672597431053966, ""penalty"": 0.0, ""score"": 2.7692810703052766, ""spike_count_pred"": 7, ""spike_count_true"": 3, ""spike_frequency_pred"": 0.0875, ""spike_frequency_rel_error"": 1.3333333333333333, ""spike_frequency_true"": 0.0375, ""spike_frequency_units"": ""inverse_time_unit"", ""stable"": true, ""start_in_validation_block"": 16000, ""std_ratio"": 1.257470363444729, ""window_index"": 2}]",111,8000,time_unit,1.0,0.7299803208555988,12.31,0.0,1.5150277919623352,1.971046694268151,0.0,4.962832629838068,4,1,0.05,3.0000000000000004,0.0125,inverse_time_unit,True,0,1.5350765340800816,16000,time_unit,0.37776651461395505,0.7833665702947994,12.276666666666667,19.73,1.9627889114006583,1.8226336820021112,0.0,3.015362343591637,7,3,0.0875,1.3333333333333333,0.0375,inverse_time_unit,True,8000,1.2572440076268638,24000,time_unit,0.2523317112733171,0.6027978334187983,12.291666666666668,16.44,1.5711560905092663,1.6672597431053966,0.0,2.7692810703052766,7,3,0.0875,1.3333333333333333,0.0375,inverse_time_unit,True,16000,1.257470363444729
594,0.026875310464100854,1,[42],0.9393007820186747,3,0.3665388295428773,gbrt,342,0.054228369593160866,ok,ok,4.371294046900638e-05,42,10.966757891465,mean,0.8641130401229339,True,True,mean_plus_max,0.0,time_unit,0.6666666666666666,3.877999812489854,0.0,12.056666666666667,2.8065254589285313,4.322683118979136,3,4.211333145823185,10.966757891465,10.966757891465,10.966757891465,10.966757891465,0.0,0.0,2.3333333333333335,0.0,1.0,0.029166666666666664,inverse_time_unit,0.8276277354932752,8000,"[{""end_in_validation_block"": 8000, ""inter_spike_interval_units"": ""time_unit"", ""isi_rel_error"": 0.0, ""mean_gap"": 3.195527009476948, ""mean_isi_pred"": 0.0, ""mean_isi_true"": 0.0, ""nrmse"": 2.355991872846115, ""nrmse_x"": 4.295801254740027, ""penalty"": 3.195527009476948, ""score"": 7.147215667795492, ""spike_count_pred"": 0, ""spike_count_true"": 1, ""spike_frequency_pred"": 0.0, ""spike_frequency_rel_error"": 1.0, ""spike_frequency_true"": 0.0125, ""spike_frequency_units"": ""inverse_time_unit"", ""stable"": true, ""start_in_validation_block"": 0, ""std_ratio"": 2.4828832064798236, ""window_index"": 0}, {""end_in_validation_block"": 16000, ""inter_spike_interval_units"": ""time_unit"", ""isi_rel_error"": 1.0, ""mean_gap"": 4.201067538387532, ""mean_isi_pred"": 0.0, ""mean_isi_true"": 19.73, ""nrmse"": 3.1828998437643055, ""nrmse_x"": 4.318445144041254, ""penalty"": 4.7010675383875276, ""score"": 9.371937328551294, ""spike_count_pred"": 0, ""spike_count_true"": 3, ""spike_frequency_pred"": 0.0, ""spike_frequency_rel_error"": 1.0, ""spike_frequency_true"": 0.0375, ""spike_frequency_units"": ""inverse_time_unit"", ""stable"": true, ""start_in_validation_block"": 8000, ""std_ratio"": 8.70464586298417e-16, ""window_index"": 1}, {""end_in_validation_block"": 24000, ""inter_spike_interval_units"": ""time_unit"", ""isi_rel_error"": 1.0, ""mean_gap"": 4.237404889605083, ""mean_isi_pred"": 0.0, ""mean_isi_true"": 16.44, ""nrmse"": 2.8806846601751737, ""nrmse_x"": 4.3538029581561295, ""penalty"": 4.737404889605078, ""score"": 9.352167681634743, ""spike_count_pred"": 0, ""spike_count_true"": 3, ""spike_frequency_pred"": 0.0, ""spike_frequency_rel_error"": 1.0, ""spike_frequency_true"": 0.0375, ""spike_frequency_units"": ""inverse_time_unit"", ""stable"": true, ""start_in_validation_block"": 16000, ""std_ratio"": 8.567029599072301e-16, ""window_index"": 2}]",217,8000,time_unit,0.0,3.195527009476948,0.0,0.0,2.355991872846115,4.295801254740027,3.195527009476948,7.147215667795492,0,1,0.0,1.0,0.0125,inverse_time_unit,True,0,2.4828832064798236,16000,time_unit,1.0,4.201067538387532,0.0,19.73,3.1828998437643055,4.318445144041254,4.7010675383875276,9.371937328551294,0,3,0.0,1.0,0.0375,inverse_time_unit,True,8000,8.70464586298417e-16,24000,time_unit,1.0,4.237404889605083,0.0,16.44,2.8806846601751737,4.3538029581561295,4.737404889605078,9.352167681634743,0,3,0.0,1.0,0.0375,inverse_time_unit,True,16000,8.567029599072301e-16
530,0.026875310464100854,1,[42],0.3810459155551048,4,0.10394486707063988,gbrt,342,0.1577473099445639,ok,ok,1.0664907134290888e-06,42,2.593591936560572,mean,0.8254767900712188,True,True,mean_plus_max,0.0,time_unit,0.617515596809976,0.2628344501410806,10.290000000000001,12.056666666666667,1.5188474739770348,1.3589538264161984,3,0.0,2.593591936560572,2.593591936560572,2.593591936560572,2.593591936560572,0.0,2.0,2.3333333333333335,0.025000000000000005,0.5555555555555555,0.029166666666666664,inverse_time_unit,1.046413354094428,8000,"[{""end_in_validation_block"": 8000, ""inter_spike_interval_units"": ""time_unit"", ""isi_rel_error"": 1.0, ""mean_gap"": 0.011022284035843953, ""mean_isi_pred"": 10.290000000000001, ""mean_isi_true"": 0.0, ""nrmse"": 0.8663713893175812, ""nrmse_x"": 1.2581374381419022, ""penalty"": 0.0, ""score"": 2.4085684383074417, ""spike_count_pred"": 2, ""spike_count_true"": 1, ""spike_frequency_pred"": 0.025, ""spike_frequency_rel_error"": 1.0, ""spike_frequency_true"": 0.0125, ""spike_frequency_units"": ""inverse_time_unit"", ""stable"": true, ""start_in_validation_block"": 0, ""std_ratio"": 1.2320687554894496, ""window_index"": 0}, {""end_in_validation_block"": 16000, ""inter_spike_interval_units"": ""time_unit"", ""isi_rel_error"": 0.47845919918905216, ""mean_gap"": 0.3267049098271955, ""mean_isi_pred"": 10.290000000000001, ""mean_isi_true"": 19.73, ""nrmse"": 2.2318738457547527, ""nrmse_x"": 1.5648032026859227, ""penalty"": 0.0, ""score"": 1.9911731558438053, ""spike_count_pred"": 2, ""spike_count_true"": 3, ""spike_frequency_pred"": 0.025, ""spike_frequency_rel_error"": 0.33333333333333326, ""spike_frequency_true"": 0.0375, ""spike_frequency_units"": ""inverse_time_unit"", ""stable"": true, ""start_in_validation_block"": 8000, ""std_ratio"": 0.9557252479943174, ""window_index"": 1}, {""end_in_validation_block"": 24000, ""inter_spike_interval_units"": ""time_unit"", ""isi_rel_error"": 0.3740875912408759, ""mean_gap"": 0.45077615656020237, ""mean_isi_pred"": 10.290000000000001, ""mean_isi_true"": 16.44, ""nrmse"": 1.4582971868587704, ""nrmse_x"": 1.2539208384207712, ""penalty"": 0.0, ""score"": 1.574607886799888, ""spike_count_pred"": 2, ""spike_count_true"": 3, ""spike_frequency_pred"": 0.025, ""spike_frequency_rel_error"": 0.33333333333333326, ""spike_frequency_true"": 0.0375, ""spike_frequency_units"": ""inverse_time_unit"", ""stable"": true, ""start_in_validation_block"": 16000, ""std_ratio"": 0.9514460587995174, ""window_index"": 2}]",358,8000,time_unit,1.0,0.011022284035843953,10.290000000000001,0.0,0.8663713893175812,1.2581374381419022,0.0,2.4085684383074417,2,1,0.025,1.0,0.0125,inverse_time_unit,True,0,1.2320687554894496,16000,time_unit,0.47845919918905216,0.3267049098271955,10.290000000000001,19.73,2.2318738457547527,1.5648032026859227,0.0,1.9911731558438053,2,3,0.025,0.33333333333333326,0.0375,inverse_time_unit,True,8000,0.9557252479943174,24000,time_unit,0.3740875912408759,0.45077615656020237,10.290000000000001,16.44,1.4582971868587704,1.2539208384207712,0.0,1.574607886799888,2,3,0.025,0.33333333333333326,0.0375,inverse_time_unit,True,16000,0.9514460587995174
773,0.026875310464100854,1,[42],0.432089523637511,5,0.7563629152273633,gbrt,342,0.02487079142048296,ok,ok,3.975639072490291e-06,42,10.588557152330923,mean,1.1795411230251247,True,True,mean_plus_max,0.0,time_unit,0.6666666666666666,3.77900936581768,0.0,12.056666666666667,2.981970381765746,4.028563379039085,3,4.112342699151008,10.588557152330923,10.588557152330923,10.588557152330923,10.588557152330923,0.0,0.0,2.3333333333333335,0.0,1.0,0.029166666666666664,inverse_time_unit,0.5506592671197287,8000,"[{""end_in_validation_block"": 8000, ""inter_spike_interval_units"": ""time_unit"", ""isi_rel_error"": 0.0, ""mean_gap"": 3.7574578863265797, ""mean_isi_pred"": 0.0, ""mean_isi_true"": 0.0, ""nrmse"": 2.8566416925301956, ""nrmse_x"": 4.246684717952769, ""penalty"": 3.7574578863265797, ""score"": 7.807294904333152, ""spike_count_pred"": 0, ""spike_count_true"": 1, ""spike_frequency_pred"": 0.0, ""spike_frequency_rel_error"": 1.0, ""spike_frequency_true"": 0.0125, ""spike_frequency_units"": ""inverse_time_unit"", ""stable"": true, ""start_in_validation_block"": 0, ""std_ratio"": 1.6519778013591833, ""window_index"": 0}, {""end_in_validation_block"": 16000, ""inter_spike_interval_units"": ""time_unit"", ""isi_rel_error"": 1.0, ""mean_gap"": 3.768194674074129, ""mean_isi_pred"": 0.0, ""mean_isi_true"": 19.73, ""nrmse"": 3.096745858529373, ""nrmse_x"": 3.898626822577486, ""penalty"": 4.268194674074122, ""score"": 8.686625891124082, ""spike_count_pred"": 0, ""spike_count_true"": 3, ""spike_frequency_pred"": 0.0, ""spike_frequency_rel_error"": 1.0, ""spike_frequency_true"": 0.0375, ""spike_frequency_units"": ""inverse_time_unit"", ""stable"": true, ""start_in_validation_block"": 8000, ""std_ratio"": 1.3538977672206133e-15, ""window_index"": 1}, {""end_in_validation_block"": 24000, ""inter_spike_interval_units"": ""time_unit"", ""isi_rel_error"": 1.0, ""mean_gap"": 3.8113755370523306, ""mean_isi_pred"": 0.0, ""mean_isi_true"": 16.44, ""nrmse"": 2.992523594237669, ""nrmse_x"": 3.9403785965869997, ""penalty"": 4.311375537052324, ""score"": 8.726714663734592, ""spike_count_pred"": 0, ""spike_count_true"": 3, ""spike_frequency_pred"": 0.0, ""spike_frequency_rel_error"": 1.0, ""spike_frequency_true"": 0.0375, ""spike_frequency_units"": ""inverse_time_unit"", ""stable"": true, ""start_in_validation_block"": 16000, ""std_ratio"": 1.3151681006814585e-15, ""window_index"": 2}]",256,8000,time_unit,0.0,3.7574578863265797,0.0,0.0,2.8566416925301956,4.246684717952769,3.7574578863265797,7.807294904333152,0,1,0.0,1.0,0.0125,inverse_time_unit,True,0,1.6519778013591833,16000,time_unit,1.0,3.768194674074129,0.0,19.73,3.096745858529373,3.898626822577486,4.268194674074122,8.686625891124082,0,3,0.0,1.0,0.0375,inverse_time_unit,True,8000,1.3538977672206133e-15,24000,time_unit,1.0,3.8113755370523306,0.0,16.44,2.992523594237669,3.9403785965869997,4.311375537052324,8.726714663734592,0,3,0.0,1.0,0.0375,inverse_time_unit,True,16000,1.3151681006814585e-15
655,0.026875310464100854,1,[42],0.7525404646421581,6,0.5623711212485042,gbrt,342,0.043709172255640645,ok,ok,4.5615322696647805e-08,42,10.305834167521342,mean,0.9235344708068862,True,True,mean_plus_max,0.0,time_unit,1.0,3.2822517065733394,3.84,12.056666666666667,2.616387231245474,3.5561795303461388,3,3.43030757955655,10.305834167521342,10.305834167521342,10.305834167521342,10.305834167521342,0.0,0.6666666666666666,2.3333333333333335,0.008333333333333333,1.0,0.029166666666666664,inverse_time_unit,0.9438303065442408,8000,"[{""end_in_validation_block"": 8000, ""inter_spike_interval_units"": ""time_unit"", ""isi_rel_error"": 1.0, ""mean_gap"": 0.05583238105035992, ""mean_isi_pred"": 11.52, ""mean_isi_true"": 0.0, ""nrmse"": 0.28594858677896545, ""nrmse_x"": 0.43507396391503445, ""penalty"": 0.0, ""score"": 1.8107778268480104, ""spike_count_pred"": 2, ""spike_count_true"": 1, ""spike_frequency_pred"": 0.025, ""spike_frequency_rel_error"": 1.0, ""spike_frequency_true"": 0.0125, ""spike_frequency_units"": ""inverse_time_unit"", ""stable"": true, ""start_in_validation_block"": 0, ""std_ratio"": 1.1909167385201782, ""window_index"": 0}, {""end_in_validation_block"": 16000, ""inter_spike_interval_units"": ""time_unit"", ""isi_rel_error"": 1.0, ""mean_gap"": 4.584038711012778, ""mean_isi_pred"": 0.0, ""mean_isi_true"": 19.73, ""nrmse"": 3.8067433232898544, ""nrmse_x"": 4.931423390253538, ""penalty"": 4.584038711012778, ""score"": 9.748007406474688, ""spike_count_pred"": 0, ""spike_count_true"": 3, ""spike_frequency_pred"": 0.0, ""spike_frequency_rel_error"": 1.0, ""spike_frequency_true"": 0.0375, ""spike_frequency_units"": ""inverse_time_unit"", ""stable"": true, ""start_in_validation_block"": 8000, ""std_ratio"": 1.6405741811125425, ""window_index"": 1}, {""end_in_validation_block"": 24000, ""inter_spike_interval_units"": ""time_unit"", ""isi_rel_error"": 1.0, ""mean_gap"": 5.206884027656881, ""mean_isi_pred"": 0.0, ""mean_isi_true"": 16.44, ""nrmse"": 3.756469783667602, ""nrmse_x"": 5.302041236869845, ""penalty"": 5.706884027656872, ""score"": 11.062124153852187, ""spike_count_pred"": 0, ""spike_count_true"": 3, ""spike_frequency_pred"": 0.0, ""spike_frequency_rel_error"": 1.0, ""spike_frequency_true"": 0.0375, ""spike_frequency_units"": ""inverse_time_unit"", ""stable"": true, ""start_in_validation_block"": 16000, ""std_ratio"": 1.7134059198144602e-15, ""window_index"": 2}]",218,8000,time_unit,1.0,0.05583238105035992,11.52,0.0,0.28594858677896545,0.43507396391503445,0.0,1.8107778268480104,2,1,0.025,1.0,0.0125,inverse_time_unit,True,0,1.1909167385201782,16000,time_unit,1.0,4.584038711012778,0.0,19.73,3.8067433232898544,4.931423390253538,4.584038711012778,9.748007406474688,0,3,0.0,1.0,0.0375,inverse_time_unit,True,8000,1.6405741811125425,24000,time_unit,1.0,5.206884027656881,0.0,16.44,3.756469783667602,5.302041236869845,5.706884027656872,11.062124153852187,0,3,0.0,1.0,0.0375,inverse_time_unit,True,16000,1.7134059198144602e-15
525,0.026875310464100854,1,[42],0.3523816255473891,7,0.16977005694599395,gbrt,342,0.16046856783486116,ok,ok,6.974853498453886e-08,42,4.849950887204976,mean,0.8220982713281234,True,True,mean_plus_max,0.0,time_unit,0.8503125527960803,0.49977554391520385,4.855833333333333,12.056666666666667,1.7037732766161229,1.2928360013202977,3,0.10535105946509545,4.849950887204976,4.849950887204976,4.849950887204976,4.849950887204976,0.0,2.3333333333333335,2.3333333333333335,0.029166666666666664,1.7777777777777777,0.029166666666666664,inverse_time_unit,0.8066292261365092,8000,"[{""end_in_validation_block"": 8000, ""inter_spike_interval_units"": ""time_unit"", ""isi_rel_error"": 1.0, ""mean_gap"": 0.6540306759437627, ""mean_isi_pred"": 5.7075000000000005, ""mean_isi_true"": 0.0, ""nrmse"": 1.3124150660446052, ""nrmse_x"": 1.4373579058623998, ""penalty"": 0.0, ""score"": 5.618650614735471, ""spike_count_pred"": 5, ""spike_count_true"": 1, ""spike_frequency_pred"": 0.0625, ""spike_frequency_rel_error"": 4.0, ""spike_frequency_true"": 0.0125, ""spike_frequency_units"": ""inverse_time_unit"", ""stable"": true, ""start_in_validation_block"": 0, ""std_ratio"": 1.4761503083221057, ""window_index"": 0}, {""end_in_validation_block"": 16000, ""inter_spike_interval_units"": ""time_unit"", ""isi_rel_error"": 0.5509376583882413, ""mean_gap"": 0.22709961519909433, ""mean_isi_pred"": 8.86, ""mean_isi_true"": 19.73, ""nrmse"": 2.2168582701814117, ""nrmse_x"": 1.2699916418375976, ""penalty"": 0.0, ""score"": 1.8615121330834854, ""spike_count_pred"": 2, ""spike_count_true"": 3, ""spike_frequency_pred"": 0.025, ""spike_frequency_rel_error"": 0.33333333333333326, ""spike_frequency_true"": 0.0375, ""spike_frequency_units"": ""inverse_time_unit"", ""stable"": true, ""start_in_validation_block"": 8000, ""std_ratio"": 0.9069480057664794, ""window_index"": 1}, {""end_in_validation_block"": 24000, ""inter_spike_interval_units"": ""time_unit"", ""isi_rel_error"": 1.0, ""mean_gap"": 0.6181963406027544, ""mean_isi_pred"": 0.0, ""mean_isi_true"": 16.44, ""nrmse"": 1.5820464936223522, ""nrmse_x"": 1.1711584562608959, ""penalty"": 0.31605317839528635, ""score"": 2.855701952744367, ""spike_count_pred"": 0, ""spike_count_true"": 3, ""spike_frequency_pred"": 0.0, ""spike_frequency_rel_error"": 1.0, ""spike_frequency_true"": 0.0375, ""spike_frequency_units"": ""inverse_time_unit"", ""stable"": true, ""start_in_validation_block"": 16000, ""std_ratio"": 0.036789364320942736, ""window_index"": 2}]",105,8000,time_unit,1.0,0.6540306759437627,5.7075000000000005,0.0,1.3124150660446052,1.4373579058623998,0.0,5.618650614735471,5,1,0.0625,4.0,0.0125,inverse_time_unit,True,0,1.4761503083221057,16000,time_unit,0.5509376583882413,0.22709961519909433,8.86,19.73,2.2168582701814117,1.2699916418375976,0.0,1.8615121330834854,2,3,0.025,0.33333333333333326,0.0375,inverse_time_unit,True,8000,0.9069480057664794,24000,time_unit,1.0,0.6181963406027544,0.0,16.44,1.5820464936223522,1.1711584562608959,0.31605317839528635,2.855701952744367,0,3,0.0,1.0,0.0375,inverse_time_unit,True,16000,0.036789364320942736
294,0.026875310464100854,1,[42],0.188406325486693,8,0.5497334519228557,gbrt,342,0.1504157375532065,ok,ok,4.695345063696283e-05,42,0.12390507844043298,mean,1.1448091472966775,True,True,mean_plus_max,0.0,time_unit,0.004376088549843024,0.0006758914878015034,11.981666666666667,12.056666666666667,0.07819085084564525,0.10549611614369009,3,0.0,0.12390507844043298,0.12390507844043298,0.12390507844043298,0.12390507844043298,0.0,2.3333333333333335,2.3333333333333335,0.029166666666666664,0.0,0.029166666666666664,inverse_time_unit,1.0002446563617846,8000,"[{""end_in_validation_block"": 8000, ""inter_spike_interval_units"": ""time_unit"", ""isi_rel_error"": 0.0, ""mean_gap"": 0.00019874021676307563, ""mean_isi_pred"": 0.0, ""mean_isi_true"": 0.0, ""nrmse"": 0.008707729212665922, ""nrmse_x"": 0.015213688268942937, ""penalty"": 0.0, ""score"": 0.010544460851085097, ""spike_count_pred"": 1, ""spike_count_true"": 1, ""spike_frequency_pred"": 0.0125, ""spike_frequency_rel_error"": 0.0, ""spike_frequency_true"": 0.0125, ""spike_frequency_units"": ""inverse_time_unit"", ""stable"": true, ""start_in_validation_block"": 0, ""std_ratio"": 0.99907635388, ""window_index"": 0}, {""end_in_validation_block"": 16000, ""inter_spike_interval_units"": ""time_unit"", ""isi_rel_error"": 0.0027876330461226416, ""mean_gap"": 0.001686228831930826, ""mean_isi_pred"": 19.675, ""mean_isi_true"": 19.73, ""nrmse"": 0.05468102164679623, ""nrmse_x"": 0.06742090819992594, ""penalty"": 0.0, ""score"": 0.052145571444719645, ""spike_count_pred"": 3, ""spike_count_true"": 3, ""spike_frequency_pred"": 0.0375, ""spike_frequency_rel_error"": 0.0, ""spike_frequency_true"": 0.0375, ""spike_frequency_units"": ""inverse_time_unit"", ""stable"": true, ""start_in_validation_block"": 8000, ""std_ratio"": 1.0013379574593173, ""window_index"": 1}, {""end_in_validation_block"": 24000, ""inter_spike_interval_units"": ""time_unit"", ""isi_rel_error"": 0.01034063260340643, ""mean_gap"": 0.00014270541471060884, ""mean_isi_pred"": 16.27, ""mean_isi_true"": 16.44, ""nrmse"": 0.1711838016774736, ""nrmse_x"": 0.2338537519622014, ""penalty"": 0.0, ""score"": 0.1765858303002824, ""spike_count_pred"": 3, ""spike_count_true"": 3, ""spike_frequency_pred"": 0.0375, ""spike_frequency_rel_error"": 0.0, ""spike_frequency_true"": 0.0375, ""spike_frequency_units"": ""inverse_time_unit"", ""stable"": true, ""start_in_validation_block"": 16000, ""std_ratio"": 1.000319657746037, ""window_index"": 2}]",363,8000,time_unit,0.0,0.00019874021676307563,0.0,0.0,0.008707729212665922,0.015213688268942937,0.0,0.010544460851085097,1,1,0.0125,0.0,0.0125,inverse_time_unit,True,0,0.99907635388,16000,time_unit,0.0027876330461226416,0.001686228831930826,19.675,19.73,0.05468102164679623,0.06742090819992594,0.0,0.052145571444719645,3,3,0.0375,0.0,0.0375,inverse_time_unit,True,8000,1.0013379574593173,24000,time_unit,0.01034063260340643,0.00014270541471060884,16.27,16.44,0.1711838016774736,0.2338537519622014,0.0,0.1765858303002824,3,3,0.0375,0.0,0.0375,inverse_time_unit,True,16000,1.000319657746037
417,0.026875310464100854,1,[42],0.9693428050706472,9,0.5766971146129284,gbrt,342,0.18156478480312815,ok,ok,1.6160091921739423e-08,42,0.06973039973713145,mean,0.7471809341142528,True,True,mean_plus_max,0.0,time_unit,0.00020275750202753467,0.0005928748580426703,12.06,12.056666666666667,0.04180162861305073,0.057415949333800564,3,0.0,0.06973039973713145,0.06973039973713145,0.06973039973713145,0.06973039973713145,0.0,2.3333333333333335,2.3333333333333335,0.029166666666666664,0.0,0.029166666666666664,inverse_time_unit,1.0001456651400782,8000,"[{""end_in_validation_block"": 8000, ""inter_spike_interval_units"": ""time_unit"", ""isi_rel_error"": 0.0, ""mean_gap"": 0.0006998171076090293, ""mean_isi_pred"": 0.0, ""mean_isi_true"": 0.0, ""nrmse"": 0.006290715620412728, ""nrmse_x"": 0.011390644356410391, ""penalty"": 0.0, ""score"": 0.007837533301128897, ""spike_count_pred"": 1, ""spike_count_true"": 1, ""spike_frequency_pred"": 0.0125, ""spike_frequency_rel_error"": 0.0, ""spike_frequency_true"": 0.0125, ""spike_frequency_units"": ""inverse_time_unit"", ""stable"": true, ""start_in_validation_block"": 0, ""std_ratio"": 1.0014005851172856, ""window_index"": 0}, {""end_in_validation_block"": 16000, ""inter_spike_interval_units"": ""time_unit"", ""isi_rel_error"": 0.0, ""mean_gap"": 0.0005095401657239535, ""mean_isi_pred"": 19.73, ""mean_isi_true"": 19.73, ""nrmse"": 0.008798688202740396, ""nrmse_x"": 0.010827458117686482, ""penalty"": 0.0, ""score"": 0.008154774015412664, ""spike_count_pred"": 3, ""spike_count_true"": 3, ""spike_frequency_pred"": 0.0375, ""spike_frequency_rel_error"": 0.0, ""spike_frequency_true"": 0.0375, ""spike_frequency_units"": ""inverse_time_unit"", ""stable"": true, ""start_in_validation_block"": 8000, ""std_ratio"": 0.9993268078600596, ""window_index"": 1}, {""end_in_validation_block"": 24000, ""inter_spike_interval_units"": ""time_unit"", ""isi_rel_error"": 0.000608272506082604, ""mean_gap"": 0.000569267300795028, ""mean_isi_pred"": 16.45, ""mean_isi_true"": 16.44, ""nrmse"": 0.11031548201599906, ""nrmse_x"": 0.15002974552730483, ""penalty"": 0.0, ""score"": 0.11039936679705874, ""spike_count_pred"": 3, ""spike_count_true"": 3, ""spike_frequency_pred"": 0.0375, ""spike_frequency_rel_error"": 0.0, ""spike_frequency_true"": 0.0375, ""spike_frequency_units"": ""inverse_time_unit"", ""stable"": true, ""start_in_validation_block"": 16000, ""std_ratio"": 0.9997096024428895, ""window_index"": 2}]",439,8000,time_unit,0.0,0.0006998171076090293,0.0,0.0,0.006290715620412728,0.011390644356410391,0.0,0.007837533301128897,1,1,0.0125,0.0,0.0125,inverse_time_unit,True,0,1.0014005851172856,16000,time_unit,0.0,0.0005095401657239535,19.73,19.73,0.008798688202740396,0.010827458117686482,0.0,0.008154774015412664,3,3,0.0375,0.0,0.0375,inverse_time_unit,True,8000,0.9993268078600596,24000,time_unit,0.000608272506082604,0.000569267300795028,16.45,16.44,0.11031548201599906,0.15002974552730483,0.0,0.11039936679705874,3,3,0.0375,0.0,0.0375,inverse_time_unit,True,16000,0.9997096024428895
413,0.0006411884706532306,1,[42],0.16390182037571133,10,0.2556829126358958,gbrt,342,0.19867545703487452,ok,ok,2.558369665204411e-10,42,0.0006411884706532306,mean,0.6048439398080738,True,True,mean_plus_max,0.0,time_unit,0.0,7.953818759216921e-06,12.056666666666667,12.056666666666667,0.0004440437687439248,0.0005964309366852732,3,0.0,0.0006411884706532306,0.0006411884706532306,0.0006411884706532306,0.0006411884706532306,0.0,2.3333333333333335,2.3333333333333335,0.029166666666666664,0.0,0.029166666666666664,inverse_time_unit,0.9999965130873525,8000,"[{""end_in_validation_block"": 8000, ""inter_spike_interval_units"": ""time_unit"", ""isi_rel_error"": 0.0, ""mean_gap"": 2.1592635264689986e-05, ""mean_isi_pred"": 0.0, ""mean_isi_true"": 0.0, ""nrmse"": 6.948383321583593e-05, ""nrmse_x"": 0.0001300121062300107, ""penalty"": 0.0, ""score"": 8.887761673046487e-05, ""spike_count_pred"": 1, ""spike_count_true"": 1, ""spike_frequency_pred"": 0.0125, ""spike_frequency_rel_error"": 0.0, ""spike_frequency_true"": 0.0125, ""spike_frequency_units"": ""inverse_time_unit"", ""stable"": true, ""start_in_validation_block"": 0, ""std_ratio"": 0.9999594064753904, ""window_index"": 0}, {""end_in_validation_block"": 16000, ""inter_spike_interval_units"": ""time_unit"", ""isi_rel_error"": 0.0, ""mean_gap"": 1.7891021396678842e-06, ""mean_isi_pred"": 19.73, ""mean_isi_true"": 19.73, ""nrmse"": 0.0004524455657310199, ""nrmse_x"": 0.0005574414741164141, ""penalty"": 0.0, ""score"": 0.0004197042021967827, ""spike_count_pred"": 3, ""spike_count_true"": 3, ""spike_frequency_pred"": 0.0375, ""spike_frequency_rel_error"": 0.0, ""spike_frequency_true"": 0.0375, ""spike_frequency_units"": ""inverse_time_unit"", ""stable"": true, ""start_in_validation_block"": 8000, ""std_ratio"": 1.0000288756797648, ""window_index"": 1}, {""end_in_validation_block"": 24000, ""inter_spike_interval_units"": ""time_unit"", ""isi_rel_error"": 0.0, ""mean_gap"": 4.797188732928912e-07, ""mean_isi_pred"": 16.44, ""mean_isi_true"": 16.44, ""nrmse"": 0.0008102019072849185, ""nrmse_x"": 0.0011018392297093948, ""penalty"": 0.0, ""score"": 0.0008085620531613968, ""spike_count_pred"": 3, ""spike_count_true"": 3, ""spike_frequency_pred"": 0.0375, ""spike_frequency_rel_error"": 0.0, ""spike_frequency_true"": 0.0375, ""spike_frequency_units"": ""inverse_time_unit"", ""stable"": true, ""start_in_validation_block"": 16000, ""std_ratio"": 1.0000012571069024, ""window_index"": 2}]",499,8000,time_unit,0.0,2.1592635264689986e-05,0.0,0.0,6.948383321583593e-05,0.0001300121062300107,0.0,8.887761673046487e-05,1,1,0.0125,0.0,0.0125,inverse_time_unit,True,0,0.9999594064753904,16000,time_unit,0.0,1.7891021396678842e-06,19.73,19.73,0.0004524455657310199,0.0005574414741164141,0.0,0.0004197042021967827,3,3,0.0375,0.0,0.0375,inverse_time_unit,True,8000,1.0000288756797648,24000,time_unit,0.0,4.797188732928912e-07,16.44,16.44,0.0008102019072849185,0.0011018392297093948,0.0,0.0008085620531613968,3,3,0.0375,0.0,0.0375,inverse_time_unit,True,16000,1.0000012571069024
470,0.0006411884706532306,1,[42],0.2138418262368743,11,0.35802813944306644,gbrt,342,0.16986093292320448,ok,ok,1.588700070743454e-10,42,0.0007178966810571541,mean,0.5273249684924723,True,True,mean_plus_max,0.0,time_unit,0.0,4.901643187331752e-06,12.056666666666667,12.056666666666667,0.0004805553743493015,0.0006450833857594376,3,0.0,0.0007178966810571541,0.0007178966810571541,0.0007178966810571541,0.0007178966810571541,0.0,2.3333333333333335,2.3333333333333335,0.029166666666666664,0.0,0.029166666666666664,inverse_time_unit,0.9999994684601189,8000,"[{""end_in_validation_block"": 8000, ""inter_spike_interval_units"": ""time_unit"", ""isi_rel_error"": 0.0, ""mean_gap"": 7.064550522078514e-07, ""mean_isi_pred"": 0.0, ""mean_isi_true"": 0.0, ""nrmse"": 5.682275147074776e-05, ""nrmse_x"": 9.980388975529159e-05, ""penalty"": 0.0, ""score"": 6.909782723309732e-05, ""spike_count_pred"": 1, ""spike_count_true"": 1, ""spike_frequency_pred"": 0.0125, ""spike_frequency_rel_error"": 0.0, ""spike_frequency_true"": 0.0125, ""spike_frequency_units"": ""inverse_time_unit"", ""stable"": true, ""start_in_validation_block"": 0, ""std_ratio"": 1.0000036796131153, ""window_index"": 0}, {""end_in_validation_block"": 16000, ""inter_spike_interval_units"": ""time_unit"", ""isi_rel_error"": 0.0, ""mean_gap"": 4.966125401876686e-06, ""mean_isi_pred"": 19.73, ""mean_isi_true"": 19.73, ""nrmse"": 0.00041125825306286375, ""nrmse_x"": 0.0005109887737412414, ""penalty"": 0.0, ""score"": 0.0003838583888233987, ""spike_count_pred"": 3, ""spike_count_true"": 3, ""spike_frequency_pred"": 0.0375, ""spike_frequency_rel_error"": 0.0, ""spike_frequency_true"": 0.0375, ""spike_frequency_units"": ""inverse_time_unit"", ""stable"": true, ""start_in_validation_block"": 8000, ""std_ratio"": 0.999999446509146, ""window_index"": 1}, {""end_in_validation_block"": 24000, ""inter_spike_interval_units"": ""time_unit"", ""isi_rel_error"": 0.0, ""mean_gap"": 9.032349107910719e-06, ""mean_isi_pred"": 16.44, ""mean_isi_true"": 16.44, ""nrmse"": 0.000973585118514293, ""nrmse_x"": 0.0013244574937817798, ""penalty"": 0.0, ""score"": 0.0009718479012085522, ""spike_count_pred"": 3, ""spike_count_true"": 3, ""spike_frequency_pred"": 0.0375, ""spike_frequency_rel_error"": 0.0, ""spike_frequency_true"": 0.0375, ""spike_frequency_units"": ""inverse_time_unit"", ""stable"": true, ""start_in_validation_block"": 16000, ""std_ratio"": 0.9999952792580952, ""window_index"": 2}]",410,8000,time_unit,0.0,7.064550522078514e-07,0.0,0.0,5.682275147074776e-05,9.980388975529159e-05,0.0,6.909782723309732e-05,1,1,0.0125,0.0,0.0125,inverse_time_unit,True,0,1.0000036796131153,16000,time_unit,0.0,4.966125401876686e-06,19.73,19.73,0.00041125825306286375,0.0005109887737412414,0.0,0.0003838583888233987,3,3,0.0375,0.0,0.0375,inverse_time_unit,True,8000,0.999999446509146,24000,time_unit,0.0,9.032349107910719e-06,16.44,16.44,0.000973585118514293,0.0013244574937817798,0.0,0.0009718479012085522,3,3,0.0375,0.0,0.0375,inverse_time_unit,True,16000,0.9999952792580952
397,0.0006411884706532306,1,[42],0.7151275896207254,12,0.11480402131107215,gbrt,342,0.08354530633783588,ok,ok,2.413448617562167e-05,42,3.6020968298538603,mean,0.5623986050339553,True,True,mean_plus_max,0.0,time_unit,0.6666666666666666,0.6273505105229166,0.0,12.056666666666667,1.9308915533190365,1.1911122346817624,3,0.3333333333279393,3.6020968298538603,3.6020968298538603,3.6020968298538603,3.6020968298538603,0.0,0.0,2.3333333333333335,0.0,1.0,0.029166666666666664,inverse_time_unit,0.062301137407512745,8000,"[{""end_in_validation_block"": 8000, ""inter_spike_interval_units"": ""time_unit"", ""isi_rel_error"": 0.0, ""mean_gap"": 0.45380590420218436, ""mean_isi_pred"": 0.0, ""mean_isi_true"": 0.0, ""nrmse"": 2.0484532586679056, ""nrmse_x"": 1.114573356853581, ""penalty"": 0.0, ""score"": 2.125128660936446, ""spike_count_pred"": 0, ""spike_count_true"": 1, ""spike_frequency_pred"": 0.0, ""spike_frequency_rel_error"": 1.0, ""spike_frequency_true"": 0.0125, ""spike_frequency_units"": ""inverse_time_unit"", ""stable"": true, ""start_in_validation_block"": 0, ""std_ratio"": 0.1869034122193018, ""window_index"": 0}, {""end_in_validation_block"": 16000, ""inter_spike_interval_units"": ""time_unit"", ""isi_rel_error"": 1.0, ""mean_gap"": 0.6680262968060233, ""mean_isi_pred"": 0.0, ""mean_isi_true"": 19.73, ""nrmse"": 1.7462407149276877, ""nrmse_x"": 1.202605144353418, ""penalty"": 0.49999999998381844, ""score"": 3.0979930081101203, ""spike_count_pred"": 0, ""spike_count_true"": 3, ""spike_frequency_pred"": 0.0, ""spike_frequency_rel_error"": 1.0, ""spike_frequency_true"": 0.0375, ""spike_frequency_units"": ""inverse_time_unit"", ""stable"": true, ""start_in_validation_block"": 8000, ""std_ratio"": 3.236318731704014e-12, ""window_index"": 1}, {""end_in_validation_block"": 24000, ""inter_spike_interval_units"": ""time_unit"", ""isi_rel_error"": 1.0, ""mean_gap"": 0.760219330560542, ""mean_isi_pred"": 0.0, ""mean_isi_true"": 16.44, ""nrmse"": 1.997980686361516, ""nrmse_x"": 1.2561582028382885, ""penalty"": 0.49999999999999944, ""score"": 3.190382183151437, ""spike_count_pred"": 0, ""spike_count_true"": 3, ""spike_frequency_pred"": 0.0, ""spike_frequency_rel_error"": 1.0, ""spike_frequency_true"": 0.0375, ""spike_frequency_units"": ""inverse_time_unit"", ""stable"": true, ""start_in_validation_block"": 16000, ""std_ratio"": 1.0708786998840376e-16, ""window_index"": 2}]",237,8000,time_unit,0.0,0.45380590420218436,0.0,0.0,2.0484532586679056,1.114573356853581,0.0,2.125128660936446,0,1,0.0,1.0,0.0125,inverse_time_unit,True,0,0.1869034122193018,16000,time_unit,1.0,0.6680262968060233,0.0,19.73,1.7462407149276877,1.202605144353418,0.49999999998381844,3.0979930081101203,0,3,0.0,1.0,0.0375,inverse_time_unit,True,8000,3.236318731704014e-12,24000,time_unit,1.0,0.760219330560542,0.0,16.44,1.997980686361516,1.2561582028382885,0.49999999999999944,3.190382183151437,0,3,0.0,1.0,0.0375,inverse_time_unit,True,16000,1.0708786998840376e-16
312,0.0006411884706532306,1,[42],0.1624576648738845,13,0.63914787763357,gbrt,342,0.19095998775803563,ok,ok,4.938227042227121e-09,42,0.004452900692722108,mean,0.5245455906300711,True,True,mean_plus_max,0.0,time_unit,0.00010137875101383938,2.9099973495940297e-05,12.055,12.056666666666667,0.0029413064856435,0.0039371018337506815,3,0.0,0.004452900692722108,0.004452900692722108,0.004452900692722108,0.004452900692722108,0.0,2.3333333333333335,2.3333333333333335,0.029166666666666664,0.0,0.029166666666666664,inverse_time_unit,0.9999902512976252,8000,"[{""end_in_validation_block"": 8000, ""inter_spike_interval_units"": ""time_unit"", ""isi_rel_error"": 0.0, ""mean_gap"": 3.999056017492465e-05, ""mean_isi_pred"": 0.0, ""mean_isi_true"": 0.0, ""nrmse"": 0.00032472127440592635, ""nrmse_x"": 0.0005667467001426517, ""penalty"": 0.0, ""score"": 0.00039289100367994006, ""spike_count_pred"": 1, ""spike_count_true"": 1, ""spike_frequency_pred"": 0.0125, ""spike_frequency_rel_error"": 0.0, ""spike_frequency_true"": 0.0125, ""spike_frequency_units"": ""inverse_time_unit"", ""stable"": true, ""start_in_validation_block"": 0, ""std_ratio"": 0.999951549182097, ""window_index"": 0}, {""end_in_validation_block"": 16000, ""inter_spike_interval_units"": ""time_unit"", ""isi_rel_error"": 0.0, ""mean_gap"": 1.3238147807891726e-05, ""mean_isi_pred"": 19.73, ""mean_isi_true"": 19.73, ""nrmse"": 0.0026300956388673456, ""nrmse_x"": 0.0032689751892354146, ""penalty"": 0.0, ""score"": 0.0024554602637963147, ""spike_count_pred"": 3, ""spike_count_true"": 3, ""spike_frequency_pred"": 0.0375, ""spike_frequency_rel_error"": 0.0, ""spike_frequency_true"": 0.0375, ""spike_frequency_units"": ""inverse_time_unit"", ""stable"": true, ""start_in_validation_block"": 8000, ""std_ratio"": 1.000038816289279, ""window_index"": 1}, {""end_in_validation_block"": 24000, ""inter_spike_interval_units"": ""time_unit"", ""isi_rel_error"": 0.0003041362530415181, ""mean_gap"": 3.407121250500451e-05, ""mean_isi_pred"": 16.435, ""mean_isi_true"": 16.44, ""nrmse"": 0.005869102543657229, ""nrmse_x"": 0.007975583611873978, ""penalty"": 0.0, ""score"": 0.006005914748965754, ""spike_count_pred"": 3, ""spike_count_true"": 3, ""spike_frequency_pred"": 0.0375, ""spike_frequency_rel_error"": 0.0, ""spike_frequency_true"": 0.0375, ""spike_frequency_units"": ""inverse_time_unit"", ""stable"": true, ""start_in_validation_block"": 16000, ""std_ratio"": 0.9999803884214993, ""window_index"": 2}]",241,8000,time_unit,0.0,3.999056017492465e-05,0.0,0.0,0.00032472127440592635,0.0005667467001426517,0.0,0.00039289100367994006,1,1,0.0125,0.0,0.0125,inverse_time_unit,True,0,0.999951549182097,16000,time_unit,0.0,1.3238147807891726e-05,19.73,19.73,0.0026300956388673456,0.0032689751892354146,0.0,0.0024554602637963147,3,3,0.0375,0.0,0.0375,inverse_time_unit,True,8000,1.000038816289279,24000,time_unit,0.0003041362530415181,3.407121250500451e-05,16.435,16.44,0.005869102543657229,0.007975583611873978,0.0,0.006005914748965754,3,3,0.0375,0.0,0.0375,inverse_time_unit,True,16000,0.9999803884214993
258,0.0006411884706532306,1,[42],0.16584040053722965,14,0.48738490367922116,gbrt,342,0.19902035447817684,ok,ok,4.6168124865770826e-10,42,0.0006616356082414937,mean,0.6502819745836631,True,True,mean_plus_max,0.0,time_unit,0.0,8.75958470648342e-06,12.056666666666667,12.056666666666667,0.00046005968401248133,0.0006259537164364236,3,0.0,0.0006616356082414937,0.0006616356082414937,0.0006616356082414937,0.0006616356082414937,0.0,2.3333333333333335,2.3333333333333335,0.029166666666666664,0.0,0.029166666666666664,inverse_time_unit,0.999995611318365,8000,"[{""end_in_validation_block"": 8000, ""inter_spike_interval_units"": ""time_unit"", ""isi_rel_error"": 0.0, ""mean_gap"": 2.0800637641362827e-05, ""mean_isi_pred"": 0.0, ""mean_isi_true"": 0.0, ""nrmse"": 0.0001249334525087683, ""nrmse_x"": 0.00022737447337330585, ""penalty"": 0.0, ""score"": 0.0001562893234825103, ""spike_count_pred"": 1, ""spike_count_true"": 1, ""spike_frequency_pred"": 0.0125, ""spike_frequency_rel_error"": 0.0, ""spike_frequency_true"": 0.0125, ""spike_frequency_units"": ""inverse_time_unit"", ""stable"": true, ""start_in_validation_block"": 0, ""std_ratio"": 0.9999556404568063, ""window_index"": 0}, {""end_in_validation_block"": 16000, ""inter_spike_interval_units"": ""time_unit"", ""isi_rel_error"": 0.0, ""mean_gap"": 2.0951126097306366e-06, ""mean_isi_pred"": 19.73, ""mean_isi_true"": 19.73, ""nrmse"": 0.0004441675082109089, ""nrmse_x"": 0.0005475502214561115, ""penalty"": 0.0, ""score"": 0.0004121944988535886, ""spike_count_pred"": 3, ""spike_count_true"": 3, ""spike_frequency_pred"": 0.0375, ""spike_frequency_rel_error"": 0.0, ""spike_frequency_true"": 0.0375, ""spike_frequency_units"": ""inverse_time_unit"", ""stable"": true, ""start_in_validation_block"": 8000, ""std_ratio"": 1.0000289355040262, ""window_index"": 1}, {""end_in_validation_block"": 24000, ""inter_spike_interval_units"": ""time_unit"", ""isi_rel_error"": 0.0, ""mean_gap"": 3.383003868356795e-06, ""mean_isi_pred"": 16.44, ""mean_isi_true"": 16.44, ""nrmse"": 0.0008110780913177668, ""nrmse_x"": 0.0011029364544798536, ""penalty"": 0.0, ""score"": 0.0008093845727933613, ""spike_count_pred"": 3, ""spike_count_true"": 3, ""spike_frequency_pred"": 0.0375, ""spike_frequency_rel_error"": 0.0, ""spike_frequency_true"": 0.0375, ""spike_frequency_units"": ""inverse_time_unit"", ""stable"": true, ""start_in_validation_block"": 16000, ""std_ratio"": 1.0000022579942627, ""window_index"": 2}]",151,8000,time_unit,0.0,2.0800637641362827e-05,0.0,0.0,0.0001249334525087683,0.00022737447337330585,0.0,0.0001562893234825103,1,1,0.0125,0.0,0.0125,inverse_time_unit,True,0,0.9999556404568063,16000,time_unit,0.0,2.0951126097306366e-06,19.73,19.73,0.0004441675082109089,0.0005475502214561115,0.0,0.0004121944988535886,3,3,0.0375,0.0,0.0375,inverse_time_unit,True,8000,1.0000289355040262,24000,time_unit,0.0,3.383003868356795e-06,16.44,16.44,0.0008110780913177668,0.0011029364544798536,0.0,0.0008093845727933613,3,3,0.0375,0.0,0.0375,inverse_time_unit,True,16000,1.0000022579942627
401,0.0006411884706532306,1,[42],0.14949140427848862,15,0.5153526040062688,gbrt,342,0.1784419038784635,ok,ok,3.8210830090743017e-10,42,0.001368666475128869,mean,0.5209998607683584,True,True,mean_plus_max,0.0,time_unit,0.0,1.5248239975666155e-05,12.056666666666667,12.056666666666667,0.0008900359441409127,0.0011974930926033156,3,0.0,0.001368666475128869,0.001368666475128869,0.001368666475128869,0.001368666475128869,0.0,2.3333333333333335,2.3333333333333335,0.029166666666666664,0.0,0.029166666666666664,inverse_time_unit,0.9999915621900398,8000,"[{""end_in_validation_block"": 8000, ""inter_spike_interval_units"": ""time_unit"", ""isi_rel_error"": 0.0, ""mean_gap"": 1.9204415128366864e-05, ""mean_isi_pred"": 0.0, ""mean_isi_true"": 0.0, ""nrmse"": 0.00011846379017244414, ""nrmse_x"": 0.00020960279803020908, ""penalty"": 0.0, ""score"": 0.00014489748645972605, ""spike_count_pred"": 1, ""spike_count_true"": 1, ""spike_frequency_pred"": 0.0125, ""spike_frequency_rel_error"": 0.0, ""spike_frequency_true"": 0.0125, ""spike_frequency_units"": ""inverse_time_unit"", ""stable"": true, ""start_in_validation_block"": 0, ""std_ratio"": 0.9999710894781956, ""window_index"": 0}, {""end_in_validation_block"": 16000, ""inter_spike_interval_units"": ""time_unit"", ""isi_rel_error"": 0.0, ""mean_gap"": 1.1292094275137843e-05, ""mean_isi_pred"": 19.73, ""mean_isi_true"": 19.73, ""nrmse"": 0.0005876459442877566, ""nrmse_x"": 0.0007298844285858583, ""penalty"": 0.0, ""score"": 0.0005483479217941612, ""spike_count_pred"": 3, ""spike_count_true"": 3, ""spike_frequency_pred"": 0.0375, ""spike_frequency_rel_error"": 0.0, ""spike_frequency_true"": 0.0375, ""spike_frequency_units"": ""inverse_time_unit"", ""stable"": true, ""start_in_validation_block"": 8000, ""std_ratio"": 1.0000128299312967, ""window_index"": 1}, {""end_in_validation_block"": 24000, ""inter_spike_interval_units"": ""time_unit"", ""isi_rel_error"": 0.0, ""mean_gap"": 1.5248210523493754e-05, ""mean_isi_pred"": 16.44, ""mean_isi_true"": 16.44, ""nrmse"": 0.001963998097962537, ""nrmse_x"": 0.0026529920511938797, ""penalty"": 0.0, ""score"": 0.0019501451526472682, ""spike_count_pred"": 3, ""spike_count_true"": 3, ""spike_frequency_pred"": 0.0375, ""spike_frequency_rel_error"": 0.0, ""spike_frequency_true"": 0.0375, ""spike_frequency_units"": ""inverse_time_unit"", ""stable"": true, ""start_in_validation_block"": 16000, ""std_ratio"": 0.999990767160627, ""window_index"": 2}]",439,8000,time_unit,0.0,1.9204415128366864e-05,0.0,0.0,0.00011846379017244414,0.00020960279803020908,0.0,0.00014489748645972605,1,1,0.0125,0.0,0.0125,inverse_time_unit,True,0,0.9999710894781956,16000,time_unit,0.0,1.1292094275137843e-05,19.73,19.73,0.0005876459442877566,0.0007298844285858583,0.0,0.0005483479217941612,3,3,0.0375,0.0,0.0375,inverse_time_unit,True,8000,1.0000128299312967,24000,time_unit,0.0,1.5248210523493754e-05,16.44,16.44,0.001963998097962537,0.0026529920511938797,0.0,0.0019501451526472682,3,3,0.0375,0.0,0.0375,inverse_time_unit,True,16000,0.999990767160627
258,0.0006411884706532306,1,[42],0.8637095554370556,16,0.17932433346509158,gbrt,342,0.1743766848038175,ok,ok,5.543916594669008e-09,42,0.0198017657926284,mean,0.5379318979245922,True,True,mean_plus_max,0.0,time_unit,0.00030413625304137403,0.00012492966216022842,12.061666666666667,12.056666666666667,0.011573332187851877,0.015655709687697614,3,0.0,0.0198017657926284,0.0198017657926284,0.0198017657926284,0.0198017657926284,0.0,2.3333333333333335,2.3333333333333335,0.029166666666666664,0.0,0.029166666666666664,inverse_time_unit,0.999961733978792,8000,"[{""end_in_validation_block"": 8000, ""inter_spike_interval_units"": ""time_unit"", ""isi_rel_error"": 0.0, ""mean_gap"": 7.254840273555167e-05, ""mean_isi_pred"": 0.0, ""mean_isi_true"": 0.0, ""nrmse"": 0.0008815349465292185, ""nrmse_x"": 0.0016016554382844567, ""penalty"": 0.0, ""score"": 0.001101294227688756, ""spike_count_pred"": 1, ""spike_count_true"": 1, ""spike_frequency_pred"": 0.0125, ""spike_frequency_rel_error"": 0.0, ""spike_frequency_true"": 0.0125, ""spike_frequency_units"": ""inverse_time_unit"", ""stable"": true, ""start_in_validation_block"": 0, ""std_ratio"": 1.0002414289368977, ""window_index"": 0}, {""end_in_validation_block"": 16000, ""inter_spike_interval_units"": ""time_unit"", ""isi_rel_error"": 0.0, ""mean_gap"": 1.3188126007465558e-05, ""mean_isi_pred"": 19.73, ""mean_isi_true"": 19.73, ""nrmse"": 0.0014518061376197961, ""nrmse_x"": 0.0016745119625711346, ""penalty"": 0.0, ""score"": 0.0012839331138190732, ""spike_count_pred"": 3, ""spike_count_true"": 3, ""spike_frequency_pred"": 0.0375, ""spike_frequency_rel_error"": 0.0, ""spike_frequency_true"": 0.0375, ""spike_frequency_units"": ""inverse_time_unit"", ""stable"": true, ""start_in_validation_block"": 8000, ""std_ratio"": 0.9998204020215031, ""window_index"": 1}, {""end_in_validation_block"": 24000, ""inter_spike_interval_units"": ""time_unit"", ""isi_rel_error"": 0.0009124087591241221, ""mean_gap"": 0.000289052457737668, ""mean_isi_pred"": 16.455000000000002, ""mean_isi_true"": 16.44, ""nrmse"": 0.03238665547940661, ""nrmse_x"": 0.04369096166223726, ""penalty"": 0.0, ""score"": 0.03258289716364421, ""spike_count_pred"": 3, ""spike_count_true"": 3, ""spike_frequency_pred"": 0.0375, ""spike_frequency_rel_error"": 0.0, ""spike_frequency_true"": 0.0375, ""spike_frequency_units"": ""inverse_time_unit"", ""stable"": true, ""start_in_validation_block"": 16000, ""std_ratio"": 0.999823370977975, ""window_index"": 2}]",303,8000,time_unit,0.0,7.254840273555167e-05,0.0,0.0,0.0008815349465292185,0.0016016554382844567,0.0,0.001101294227688756,1,1,0.0125,0.0,0.0125,inverse_time_unit,True,0,1.0002414289368977,16000,time_unit,0.0,1.3188126007465558e-05,19.73,19.73,0.0014518061376197961,0.0016745119625711346,0.0,0.0012839331138190732,3,3,0.0375,0.0,0.0375,inverse_time_unit,True,8000,0.9998204020215031,24000,time_unit,0.0009124087591241221,0.000289052457737668,16.455000000000002,16.44,0.03238665547940661,0.04369096166223726,0.0,0.03258289716364421,3,3,0.0375,0.0,0.0375,inverse_time_unit,True,16000,0.999823370977975
532,0.0006411884706532306,1,[42],0.1637310130186974,17,0.10281802040790555,gbrt,342,0.16624360282261622,ok,ok,2.6871802329502356e-10,42,0.0010564287942040264,mean,0.5619809255102844,True,True,mean_plus_max,0.0,time_unit,0.0,1.0936032598247218e-05,12.056666666666667,12.056666666666667,0.0007104673610297392,0.0009553825887970714,3,0.0,0.0010564287942040264,0.0010564287942040264,0.0010564287942040264,0.0010564287942040264,0.0,2.3333333333333335,2.3333333333333335,0.029166666666666664,0.0,0.029166666666666664,inverse_time_unit,1.000000974290403,8000,"[{""end_in_validation_block"": 8000, ""inter_spike_interval_units"": ""time_unit"", ""isi_rel_error"": 0.0, ""mean_gap"": 1.2681127129724309e-05, ""mean_isi_pred"": 0.0, ""mean_isi_true"": 0.0, ""nrmse"": 7.597463427512624e-05, ""nrmse_x"": 0.00014557522845493726, ""penalty"": 0.0, ""score"": 9.906003421899706e-05, ""spike_count_pred"": 1, ""spike_count_true"": 1, ""spike_frequency_pred"": 0.0125, ""spike_frequency_rel_error"": 0.0, ""spike_frequency_true"": 0.0125, ""spike_frequency_units"": ""inverse_time_unit"", ""stable"": true, ""start_in_validation_block"": 0, ""std_ratio"": 0.9999771682893108, ""window_index"": 0}, {""end_in_validation_block"": 16000, ""inter_spike_interval_units"": ""time_unit"", ""isi_rel_error"": 0.0, ""mean_gap"": 1.3758286439310941e-05, ""mean_isi_pred"": 19.73, ""mean_isi_true"": 19.73, ""nrmse"": 0.0006390934120224295, ""nrmse_x"": 0.0007945314266001063, ""penalty"": 0.0, ""score"": 0.0005967656376356658, ""spike_count_pred"": 3, ""spike_count_true"": 3, ""spike_frequency_pred"": 0.0375, ""spike_frequency_rel_error"": 0.0, ""spike_frequency_true"": 0.0375, ""spike_frequency_units"": ""inverse_time_unit"", ""stable"": true, ""start_in_validation_block"": 8000, ""std_ratio"": 1.0000172774413416, ""window_index"": 1}, {""end_in_validation_block"": 24000, ""inter_spike_interval_units"": ""time_unit"", ""isi_rel_error"": 0.0, ""mean_gap"": 6.3686842257064055e-06, ""mean_isi_pred"": 16.44, ""mean_isi_true"": 16.44, ""nrmse"": 0.0014163340367916617, ""nrmse_x"": 0.0019260411113361708, ""penalty"": 0.0, ""score"": 0.0014134061204328094, ""spike_count_pred"": 3, ""spike_count_true"": 3, ""spike_frequency_pred"": 0.0375, ""spike_frequency_rel_error"": 0.0, ""spike_frequency_true"": 0.0375, ""spike_frequency_units"": ""inverse_time_unit"", ""stable"": true, ""start_in_validation_block"": 16000, ""std_ratio"": 1.0000084771405566, ""window_index"": 2}]",355,8000,time_unit,0.0,1.2681127129724309e-05,0.0,0.0,7.597463427512624e-05,0.00014557522845493726,0.0,9.906003421899706e-05,1,1,0.0125,0.0,0.0125,inverse_time_unit,True,0,0.9999771682893108,16000,time_unit,0.0,1.3758286439310941e-05,19.73,19.73,0.0006390934120224295,0.0007945314266001063,0.0,0.0005967656376356658,3,3,0.0375,0.0,0.0375,inverse_time_unit,True,8000,1.0000172774413416,24000,time_unit,0.0,6.3686842257064055e-06,16.44,16.44,0.0014163340367916617,0.0019260411113361708,0.0,0.0014134061204328094,3,3,0.0375,0.0,0.0375,inverse_time_unit,True,16000,1.0000084771405566
332,0.0006411884706532306,1,[42],0.9052514699322946,18,0.35111615128734996,gbrt,342,0.176355492319843,ok,ok,6.78063989237756e-09,42,0.07426015494007931,mean,1.1197801249216166,True,True,mean_plus_max,0.0,time_unit,0.0012333986514621762,0.0012651564400729986,12.078333333333333,12.056666666666667,0.0511808799498619,0.06923164436291793,3,0.0,0.07426015494007931,0.07426015494007931,0.07426015494007931,0.07426015494007931,0.0,2.3333333333333335,2.3333333333333335,0.029166666666666664,0.0,0.029166666666666664,inverse_time_unit,0.9991367112852596,8000,"[{""end_in_validation_block"": 8000, ""inter_spike_interval_units"": ""time_unit"", ""isi_rel_error"": 0.0, ""mean_gap"": 0.0013507201027167359, ""mean_isi_pred"": 0.0, ""mean_isi_true"": 0.0, ""nrmse"": 0.010534109341476442, ""nrmse_x"": 0.01918903531433697, ""penalty"": 0.0, ""score"": 0.013187496758254445, ""spike_count_pred"": 1, ""spike_count_true"": 1, ""spike_frequency_pred"": 0.0125, ""spike_frequency_rel_error"": 0.0, ""spike_frequency_true"": 0.0125, ""spike_frequency_units"": ""inverse_time_unit"", ""stable"": true, ""start_in_validation_block"": 0, ""std_ratio"": 0.9966288174470134, ""window_index"": 0}, {""end_in_validation_block"": 16000, ""inter_spike_interval_units"": ""time_unit"", ""isi_rel_error"": 0.0012671059300556806, ""mean_gap"": 0.002114890678289187, ""mean_isi_pred"": 19.755, ""mean_isi_true"": 19.73, ""nrmse"": 0.05319304959756468, ""nrmse_x"": 0.06593697110294419, ""penalty"": 0.0, ""score"": 0.050197149471038316, ""spike_count_pred"": 3, ""spike_count_true"": 3, ""spike_frequency_pred"": 0.0375, ""spike_frequency_rel_error"": 0.0, ""spike_frequency_true"": 0.0375, ""spike_frequency_units"": ""inverse_time_unit"", ""stable"": true, ""start_in_validation_block"": 8000, ""std_ratio"": 1.0011174448841507, ""window_index"": 1}, {""end_in_validation_block"": 24000, ""inter_spike_interval_units"": ""time_unit"", ""isi_rel_error"": 0.0024330900243308483, ""mean_gap"": 0.00032985853921307267, ""mean_isi_pred"": 16.48, ""mean_isi_true"": 16.44, ""nrmse"": 0.08981548091054462, ""nrmse_x"": 0.12256892667147262, ""penalty"": 0.0, ""score"": 0.09108332490911153, ""spike_count_pred"": 3, ""spike_count_true"": 3, ""spike_frequency_pred"": 0.0375, ""spike_frequency_rel_error"": 0.0, ""spike_frequency_true"": 0.0375, ""spike_frequency_units"": ""inverse_time_unit"", ""stable"": true, ""start_in_validation_block"": 16000, ""std_ratio"": 0.9996638715246147, ""window_index"": 2}]",488,8000,time_unit,0.0,0.0013507201027167359,0.0,0.0,0.010534109341476442,0.01918903531433697,0.0,0.013187496758254445,1,1,0.0125,0.0,0.0125,inverse_time_unit,True,0,0.9966288174470134,16000,time_unit,0.0012671059300556806,0.002114890678289187,19.755,19.73,0.05319304959756468,0.06593697110294419,0.0,0.050197149471038316,3,3,0.0375,0.0,0.0375,inverse_time_unit,True,8000,1.0011174448841507,24000,time_unit,0.0024330900243308483,0.00032985853921307267,16.48,16.44,0.08981548091054462,0.12256892667147262,0.0,0.09108332490911153,3,3,0.0375,0.0,0.0375,inverse_time_unit,True,16000,0.9996638715246147
296,0.0006411884706532306,1,[42],0.08356764724245645,19,0.5228516399939126,gbrt,342,0.04276003592846256,ok,ok,2.2625707282917106e-10,42,0.01158514933652026,mean,0.5831525394338606,True,True,mean_plus_max,0.0,time_unit,0.0004055150040551414,0.00011274103812030972,12.063333333333333,12.056666666666667,0.006997282814339916,0.00935376483229978,3,0.0,0.01158514933652026,0.01158514933652026,0.01158514933652026,0.01158514933652026,0.0,2.3333333333333335,2.3333333333333335,0.029166666666666664,0.0,0.029166666666666664,inverse_time_unit,0.9999443285641333,8000,"[{""end_in_validation_block"": 8000, ""inter_spike_interval_units"": ""time_unit"", ""isi_rel_error"": 0.0, ""mean_gap"": 1.2391331692749913e-05, ""mean_isi_pred"": 0.0, ""mean_isi_true"": 0.0, ""nrmse"": 0.0004347034706498535, ""nrmse_x"": 0.0007709959138762701, ""penalty"": 0.0, ""score"": 0.000532723620294412, ""spike_count_pred"": 1, ""spike_count_true"": 1, ""spike_frequency_pred"": 0.0125, ""spike_frequency_rel_error"": 0.0, ""spike_frequency_true"": 0.0125, ""spike_frequency_units"": ""inverse_time_unit"", ""stable"": true, ""start_in_validation_block"": 0, ""std_ratio"": 1.000026469095172, ""window_index"": 0}, {""end_in_validation_block"": 16000, ""inter_spike_interval_units"": ""time_unit"", ""isi_rel_error"": 0.0, ""mean_gap"": 0.0001694284168753899, ""mean_isi_pred"": 19.73, ""mean_isi_true"": 19.73, ""nrmse"": 0.0030726539384611997, ""nrmse_x"": 0.0037001047139113598, ""penalty"": 0.0, ""score"": 0.002803221077266548, ""spike_count_pred"": 3, ""spike_count_true"": 3, ""spike_frequency_pred"": 0.0375, ""spike_frequency_rel_error"": 0.0, ""spike_frequency_true"": 0.0375, ""spike_frequency_units"": ""inverse_time_unit"", ""stable"": true, ""start_in_validation_block"": 8000, ""std_ratio"": 0.9998913122899893, ""window_index"": 1}, {""end_in_validation_block"": 24000, ""inter_spike_interval_units"": ""time_unit"", ""isi_rel_error"": 0.0012165450121654241, ""mean_gap"": 0.00015640336579278937, ""mean_isi_pred"": 16.46, ""mean_isi_true"": 16.44, ""nrmse"": 0.017484491033908697, ""nrmse_x"": 0.023590193869111712, ""penalty"": 0.0, ""score"": 0.017954001892571327, ""spike_count_pred"": 3, ""spike_count_true"": 3, ""spike_frequency_pred"": 0.0375, ""spike_frequency_rel_error"": 0.0, ""spike_frequency_true"": 0.0375, ""spike_frequency_units"": ""inverse_time_unit"", ""stable"": true, ""start_in_validation_block"": 16000, ""std_ratio"": 0.9999152043072385, ""window_index"": 2}]",121,8000,time_unit,0.0,1.2391331692749913e-05,0.0,0.0,0.0004347034706498535,0.0007709959138762701,0.0,0.000532723620294412,1,1,0.0125,0.0,0.0125,inverse_time_unit,True,0,1.000026469095172,16000,time_unit,0.0,0.0001694284168753899,19.73,19.73,0.0030726539384611997,0.0037001047139113598,0.0,0.002803221077266548,3,3,0.0375,0.0,0.0375,inverse_time_unit,True,8000,0.9998913122899893,24000,time_unit,0.0012165450121654241,0.00015640336579278937,16.46,16.44,0.017484491033908697,0.023590193869111712,0.0,0.017954001892571327,3,3,0.0375,0.0,0.0375,inverse_time_unit,True,16000,0.9999152043072385
647,0.0006411884706532306,1,[42],0.7632034239499841,20,0.10752229958002427,gbrt,342,0.05056038716992757,ok,ok,9.304780827728821e-10,42,2.0276631707090584,mean,0.8653281907486914,True,True,mean_plus_max,0.0,time_unit,0.12607482029293263,0.29518298157688805,11.791333333333334,12.056666666666667,1.1148356736915879,1.006837064156272,3,0.0,2.0276631707090584,2.0276631707090584,2.0276631707090584,2.0276631707090584,0.0,4.0,2.3333333333333335,0.049999999999999996,0.5555555555555556,0.029166666666666664,inverse_time_unit,1.1484633398689017,8000,"[{""end_in_validation_block"": 8000, ""inter_spike_interval_units"": ""time_unit"", ""isi_rel_error"": 0.0, ""mean_gap"": 0.004681954967894065, ""mean_isi_pred"": 0.0, ""mean_isi_true"": 0.0, ""nrmse"": 0.03947852639878465, ""nrmse_x"": 0.0702666305635029, ""penalty"": 0.0, ""score"": 0.04851627840962276, ""spike_count_pred"": 1, ""spike_count_true"": 1, ""spike_frequency_pred"": 0.0125, ""spike_frequency_rel_error"": 0.0, ""spike_frequency_true"": 0.0125, ""spike_frequency_units"": ""inverse_time_unit"", ""stable"": true, ""start_in_validation_block"": 0, ""std_ratio"": 1.0049620513998012, ""window_index"": 0}, {""end_in_validation_block"": 16000, ""inter_spike_interval_units"": ""time_unit"", ""isi_rel_error"": 0.19391789153573233, ""mean_gap"": 0.5438379358152063, ""mean_isi_pred"": 15.904000000000002, ""mean_isi_true"": 19.73, ""nrmse"": 1.7392438752899646, ""nrmse_x"": 1.4084248920043694, ""penalty"": 0.0, ""score"": 2.3064036051927603, ""spike_count_pred"": 6, ""spike_count_true"": 3, ""spike_frequency_pred"": 0.075, ""spike_frequency_rel_error"": 1.0, ""spike_frequency_true"": 0.0375, ""spike_frequency_units"": ""inverse_time_unit"", ""stable"": true, ""start_in_validation_block"": 8000, ""std_ratio"": 1.3211173205336326, ""window_index"": 1}, {""end_in_validation_block"": 24000, ""inter_spike_interval_units"": ""time_unit"", ""isi_rel_error"": 0.18430656934306552, ""mean_gap"": 0.3370290539475638, ""mean_isi_pred"": 19.47, ""mean_isi_true"": 16.44, ""nrmse"": 1.5657846193860145, ""nrmse_x"": 1.5418196699009434, ""penalty"": 0.0, ""score"": 1.998266924630222, ""spike_count_pred"": 5, ""spike_count_true"": 3, ""spike_frequency_pred"": 0.0625, ""spike_frequency_rel_error"": 0.6666666666666667, ""spike_frequency_true"": 0.0375, ""spike_frequency_units"": ""inverse_time_unit"", ""stable"": true, ""start_in_validation_block"": 16000, ""std_ratio"": 1.1193106476732713, ""window_index"": 2}]",479,8000,time_unit,0.0,0.004681954967894065,0.0,0.0,0.03947852639878465,0.0702666305635029,0.0,0.04851627840962276,1,1,0.0125,0.0,0.0125,inverse_time_unit,True,0,1.0049620513998012,16000,time_unit,0.19391789153573233,0.5438379358152063,15.904000000000002,19.73,1.7392438752899646,1.4084248920043694,0.0,2.3064036051927603,6,3,0.075,1.0,0.0375,inverse_time_unit,True,8000,1.3211173205336326,24000,time_unit,0.18430656934306552,0.3370290539475638,19.47,16.44,1.5657846193860145,1.5418196699009434,0.0,1.998266924630222,5,3,0.0625,0.6666666666666667,0.0375,inverse_time_unit,True,16000,1.1193106476732713
605,0.0006411884706532306,1,[42],0.12165136178136386,21,0.44916294840925686,gbrt,342,0.0553734607910453,ok,ok,4.4555132044508e-07,42,0.05346498340172896,mean,0.6487452331648824,True,True,mean_plus_max,0.0,time_unit,0.0012164936291188357,0.0005118699791496765,12.058333333333332,12.056666666666667,0.03521141185358354,0.04780872342246858,3,0.0,0.05346498340172896,0.05346498340172896,0.05346498340172896,0.05346498340172896,0.0,2.3333333333333335,2.3333333333333335,0.029166666666666664,0.0,0.029166666666666664,inverse_time_unit,0.9997490676345642,8000,"[{""end_in_validation_block"": 8000, ""inter_spike_interval_units"": ""time_unit"", ""isi_rel_error"": 0.0, ""mean_gap"": 0.0007955639538811433, ""mean_isi_pred"": 0.0, ""mean_isi_true"": 0.0, ""nrmse"": 0.008205897617818116, ""nrmse_x"": 0.014603595915659818, ""penalty"": 0.0, ""score"": 0.01008345215806743, ""spike_count_pred"": 1, ""spike_count_true"": 1, ""spike_frequency_pred"": 0.0125, ""spike_frequency_rel_error"": 0.0, ""spike_frequency_true"": 0.0125, ""spike_frequency_units"": ""inverse_time_unit"", ""stable"": true, ""start_in_validation_block"": 0, ""std_ratio"": 0.9989908726277792, ""window_index"": 0}, {""end_in_validation_block"": 16000, ""inter_spike_interval_units"": ""time_unit"", ""isi_rel_error"": 0.0015205271160669608, ""mean_gap"": 0.0002628559263312017, ""mean_isi_pred"": 19.7, ""mean_isi_true"": 19.73, ""nrmse"": 0.027031667263342447, ""nrmse_x"": 0.03359948633334326, ""penalty"": 0.0, ""score"": 0.02599789785720789, ""spike_count_pred"": 3, ""spike_count_true"": 3, ""spike_frequency_pred"": 0.0375, ""spike_frequency_rel_error"": 0.0, ""spike_frequency_true"": 0.0375, ""spike_frequency_units"": ""inverse_time_unit"", ""stable"": true, ""start_in_validation_block"": 8000, ""std_ratio"": 1.000535363616149, ""window_index"": 1}, {""end_in_validation_block"": 24000, ""inter_spike_interval_units"": ""time_unit"", ""isi_rel_error"": 0.0021289537712895464, ""mean_gap"": 0.00047719005723668436, ""mean_isi_pred"": 16.475, ""mean_isi_true"": 16.44, ""nrmse"": 0.07039667067959007, ""nrmse_x"": 0.09522308801840265, ""penalty"": 0.0, ""score"": 0.07103634296566376, ""spike_count_pred"": 3, ""spike_count_true"": 3, ""spike_frequency_pred"": 0.0375, ""spike_frequency_rel_error"": 0.0, ""spike_frequency_true"": 0.0375, ""spike_frequency_units"": ""inverse_time_unit"", ""stable"": true, ""start_in_validation_block"": 16000, ""std_ratio"": 0.9997209666597646, ""window_index"": 2}]",469,8000,time_unit,0.0,0.0007955639538811433,0.0,0.0,0.008205897617818116,0.014603595915659818,0.0,0.01008345215806743,1,1,0.0125,0.0,0.0125,inverse_time_unit,True,0,0.9989908726277792,16000,time_unit,0.0015205271160669608,0.0002628559263312017,19.7,19.73,0.027031667263342447,0.03359948633334326,0.0,0.02599789785720789,3,3,0.0375,0.0,0.0375,inverse_time_unit,True,8000,1.000535363616149,24000,time_unit,0.0021289537712895464,0.00047719005723668436,16.475,16.44,0.07039667067959007,0.09522308801840265,0.0,0.07103634296566376,3,3,0.0375,0.0,0.0375,inverse_time_unit,True,16000,0.9997209666597646
257,0.0006411884706532306,1,[42],0.08697145001929478,22,0.12319227364335696,gbrt,342,0.033445734114501045,seed_42=non_finite_prediction,non_finite_prediction,9.300273479551144e-07,42,1000000.0,mean,0.5081198545944313,False,False,mean_plus_max,1000000.0,time_unit,1000000.0,1000000.0,1000000.0,1000000.0,1000000.0,1000000.0,3,1000000.0,1000000.0,1000000.0,1000000.0,1000000.0,0.0,1000000.0,1000000.0,1000000.0,1000000.0,1000000.0,inverse_time_unit,1000000.0,8000,,337,,,,,,,,,,,,,,,,,,,,,,,,,,,,,,,,,,,,,,,,,,,,,,,,,,,,,,,,,
253,0.0006411884706532306,1,[42],0.9435986846426172,23,0.21094588159911234,gbrt,342,0.05739476146827184,ok,ok,1.2284572022382769e-10,42,0.02915091495260077,mean,0.5107931675715699,True,True,mean_plus_max,0.0,time_unit,0.0009630724431076756,0.0002395449398067648,12.040000000000001,12.056666666666667,0.018500153153997632,0.025330238055590343,3,0.0,0.02915091495260077,0.02915091495260077,0.02915091495260077,0.02915091495260077,0.0,2.3333333333333335,2.3333333333333335,0.029166666666666664,0.0,0.029166666666666664,inverse_time_unit,0.9999492331394758,8000,"[{""end_in_validation_block"": 8000, ""inter_spike_interval_units"": ""time_unit"", ""isi_rel_error"": 0.0, ""mean_gap"": 0.0005138161368771615, ""mean_isi_pred"": 0.0, ""mean_isi_true"": 0.0, ""nrmse"": 0.005362124413504011, ""nrmse_x"": 0.009616723265931191, ""penalty"": 0.0, ""score"": 0.006629728899638158, ""spike_count_pred"": 1, ""spike_count_true"": 1, ""spike_frequency_pred"": 0.0125, ""spike_frequency_rel_error"": 0.0, ""spike_frequency_true"": 0.0125, ""spike_frequency_units"": ""inverse_time_unit"", ""stable"": true, ""start_in_validation_block"": 0, ""std_ratio"": 0.9992005130411992, ""window_index"": 0}, {""end_in_validation_block"": 16000, ""inter_spike_interval_units"": ""time_unit"", ""isi_rel_error"": 0.0007602635580334804, ""mean_gap"": 2.1831694985043563e-05, ""mean_isi_pred"": 19.715, ""mean_isi_true"": 19.73, ""nrmse"": 0.010387108439840864, ""nrmse_x"": 0.01283116451886791, ""penalty"": 0.0, ""score"": 0.010034049374354308, ""spike_count_pred"": 3, ""spike_count_true"": 3, ""spike_frequency_pred"": 0.0375, ""spike_frequency_rel_error"": 0.0, ""spike_frequency_true"": 0.0375, ""spike_frequency_units"": ""inverse_time_unit"", ""stable"": true, ""start_in_validation_block"": 8000, ""std_ratio"": 1.0005142899188197, ""window_index"": 1}, {""end_in_validation_block"": 24000, ""inter_spike_interval_units"": ""time_unit"", ""isi_rel_error"": 0.0021289537712895464, ""mean_gap"": 0.00018298698755808948, ""mean_isi_pred"": 16.405, ""mean_isi_true"": 16.44, ""nrmse"": 0.03975122660864802, ""nrmse_x"": 0.05354282638197192, ""penalty"": 0.0, ""score"": 0.04045083804789134, ""spike_count_pred"": 3, ""spike_count_true"": 3, ""spike_frequency_pred"": 0.0375, ""spike_frequency_rel_error"": 0.0, ""spike_frequency_true"": 0.0375, ""spike_frequency_units"": ""inverse_time_unit"", ""stable"": true, ""start_in_validation_block"": 16000, ""std_ratio"": 1.0001328964584086, ""window_index"": 2}]",166,8000,time_unit,0.0,0.0005138161368771615,0.0,0.0,0.005362124413504011,0.009616723265931191,0.0,0.006629728899638158,1,1,0.0125,0.0,0.0125,inverse_time_unit,True,0,0.9992005130411992,16000,time_unit,0.0007602635580334804,2.1831694985043563e-05,19.715,19.73,0.010387108439840864,0.01283116451886791,0.0,0.010034049374354308,3,3,0.0375,0.0,0.0375,inverse_time_unit,True,8000,1.0005142899188197,24000,time_unit,0.0021289537712895464,0.00018298698755808948,16.405,16.44,0.03975122660864802,0.05354282638197192,0.0,0.04045083804789134,3,3,0.0375,0.0,0.0375,inverse_time_unit,True,16000,1.0001328964584086
268,0.0006411884706532306,1,[42],0.9774056435224739,24,0.4846528823093025,gbrt,342,0.051088809018901525,ok,ok,3.6398925768186435e-08,42,0.01061568098770177,mean,0.5083575693351745,True,True,mean_plus_max,0.0,time_unit,0.0003717049593683281,0.0003411570129056935,12.056666666666667,12.056666666666667,0.007397482928064775,0.01034568531367609,3,0.0,0.01061568098770177,0.01061568098770177,0.01061568098770177,0.01061568098770177,0.0,2.3333333333333335,2.3333333333333335,0.029166666666666664,0.0,0.029166666666666664,inverse_time_unit,0.9997996291381254,8000,"[{""end_in_validation_block"": 8000, ""inter_spike_interval_units"": ""time_unit"", ""isi_rel_error"": 0.0, ""mean_gap"": 0.0004914391851592756, ""mean_isi_pred"": 0.0, ""mean_isi_true"": 0.0, ""nrmse"": 0.003948129980457868, ""nrmse_x"": 0.007132885478810654, ""penalty"": 0.0, ""score"": 0.004910119508460327, ""spike_count_pred"": 1, ""spike_count_true"": 1, ""spike_frequency_pred"": 0.0125, ""spike_frequency_rel_error"": 0.0, ""spike_frequency_true"": 0.0125, ""spike_frequency_units"": ""inverse_time_unit"", ""stable"": true, ""start_in_validation_block"": 0, ""std_ratio"": 0.9991142340882799, ""window_index"": 0}, {""end_in_validation_block"": 16000, ""inter_spike_interval_units"": ""time_unit"", ""isi_rel_error"": 0.0005068423720223803, ""mean_gap"": 0.00047374847724443946, ""mean_isi_pred"": 19.72, ""mean_isi_true"": 19.73, ""nrmse"": 0.006967464020161948, ""nrmse_x"": 0.00856240052588431, ""penalty"": 0.0, ""score"": 0.006704607480288048, ""spike_count_pred"": 3, ""spike_count_true"": 3, ""spike_frequency_pred"": 0.0375, ""spike_frequency_rel_error"": 0.0, ""spike_frequency_true"": 0.0375, ""spike_frequency_units"": ""inverse_time_unit"", ""stable"": true, ""start_in_validation_block"": 8000, ""std_ratio"": 1.000331498381142, ""window_index"": 1}, {""end_in_validation_block"": 24000, ""inter_spike_interval_units"": ""time_unit"", ""isi_rel_error"": 0.000608272506082604, ""mean_gap"": 5.8283376313365395e-05, ""mean_isi_pred"": 16.45, ""mean_isi_true"": 16.44, ""nrmse"": 0.011276854783574507, ""nrmse_x"": 0.01534176993633331, ""penalty"": 0.0, ""score"": 0.011561323413918249, ""spike_count_pred"": 3, ""spike_count_true"": 3, ""spike_frequency_pred"": 0.0375, ""spike_frequency_rel_error"": 0.0, ""spike_frequency_true"": 0.0375, ""spike_frequency_units"": ""inverse_time_unit"", ""stable"": true, ""start_in_validation_block"": 16000, ""std_ratio"": 0.9999531549449538, ""window_index"": 2}]",468,8000,time_unit,0.0,0.0004914391851592756,0.0,0.0,0.003948129980457868,0.007132885478810654,0.0,0.004910119508460327,1,1,0.0125,0.0,0.0125,inverse_time_unit,True,0,0.9991142340882799,16000,time_unit,0.0005068423720223803,0.00047374847724443946,19.72,19.73,0.006967464020161948,0.00856240052588431,0.0,0.006704607480288048,3,3,0.0375,0.0,0.0375,inverse_time_unit,True,8000,1.000331498381142,24000,time_unit,0.000608272506082604,5.8283376313365395e-05,16.45,16.44,0.011276854783574507,0.01534176993633331,0.0,0.011561323413918249,3,3,0.0375,0.0,0.0375,inverse_time_unit,True,16000,0.9999531549449538
752,0.0006411884706532306,1,[42],0.6385239164211843,25,0.6378052875046631,gbrt,342,0.03986006136690576,ok,ok,4.022013592273692e-07,42,0.16814940420900898,mean,0.5018198067438241,True,True,mean_plus_max,0.0,time_unit,0.0049843610559256995,0.00199654194580221,12.008333333333335,12.056666666666667,0.11103823906033629,0.1482949641350838,3,0.0,0.16814940420900898,0.16814940420900898,0.16814940420900898,0.16814940420900898,0.0,2.3333333333333335,2.3333333333333335,0.029166666666666664,0.0,0.029166666666666664,inverse_time_unit,0.9999272442350796,8000,"[{""end_in_validation_block"": 8000, ""inter_spike_interval_units"": ""time_unit"", ""isi_rel_error"": 0.0, ""mean_gap"": 0.0021069539776600774, ""mean_isi_pred"": 0.0, ""mean_isi_true"": 0.0, ""nrmse"": 0.013296873007873281, ""nrmse_x"": 0.0236945110408433, ""penalty"": 0.0, ""score"": 0.016356199324432136, ""spike_count_pred"": 1, ""spike_count_true"": 1, ""spike_frequency_pred"": 0.0125, ""spike_frequency_rel_error"": 0.0, ""spike_frequency_true"": 0.0125, ""spike_frequency_units"": ""inverse_time_unit"", ""stable"": true, ""start_in_validation_block"": 0, ""std_ratio"": 0.9963953347017425, ""window_index"": 0}, {""end_in_validation_block"": 16000, ""inter_spike_interval_units"": ""time_unit"", ""isi_rel_error"": 0.0027876330461226416, ""mean_gap"": 0.0017782710575418802, ""mean_isi_pred"": 19.785, ""mean_isi_true"": 19.73, ""nrmse"": 0.0988956197538449, ""nrmse_x"": 0.12295682972620112, ""penalty"": 0.0, ""score"": 0.09374397781093317, ""spike_count_pred"": 3, ""spike_count_true"": 3, ""spike_frequency_pred"": 0.0375, ""spike_frequency_rel_error"": 0.0, ""spike_frequency_true"": 0.0375, ""spike_frequency_units"": ""inverse_time_unit"", ""stable"": true, ""start_in_validation_block"": 8000, ""std_ratio"": 1.0021900181425611, ""window_index"": 1}, {""end_in_validation_block"": 24000, ""inter_spike_interval_units"": ""time_unit"", ""isi_rel_error"": 0.012165450121654457, ""mean_gap"": 0.0021044008022046722, ""mean_isi_pred"": 16.240000000000002, ""mean_isi_true"": 16.44, ""nrmse"": 0.2209222244192907, ""nrmse_x"": 0.298233551638207, ""penalty"": 0.0, ""score"": 0.22534173456666376, ""spike_count_pred"": 3, ""spike_count_true"": 3, ""spike_frequency_pred"": 0.0375, ""spike_frequency_rel_error"": 0.0, ""spike_frequency_true"": 0.0375, ""spike_frequency_units"": ""inverse_time_unit"", ""stable"": true, ""start_in_validation_block"": 16000, ""std_ratio"": 1.0011963798609351, ""window_index"": 2}]",295,8000,time_unit,0.0,0.0021069539776600774,0.0,0.0,0.013296873007873281,0.0236945110408433,0.0,0.016356199324432136,1,1,0.0125,0.0,0.0125,inverse_time_unit,True,0,0.9963953347017425,16000,time_unit,0.0027876330461226416,0.0017782710575418802,19.785,19.73,0.0988956197538449,0.12295682972620112,0.0,0.09374397781093317,3,3,0.0375,0.0,0.0375,inverse_time_unit,True,8000,1.0021900181425611,24000,time_unit,0.012165450121654457,0.0021044008022046722,16.240000000000002,16.44,0.2209222244192907,0.298233551638207,0.0,0.22534173456666376,3,3,0.0375,0.0,0.0375,inverse_time_unit,True,16000,1.0011963798609351
255,0.0006411884706532306,1,[42],0.06516472980640241,26,0.563021187617814,gbrt,342,0.04148682973867199,ok,ok,5.6443966684270095e-06,42,1.1057139739463526,mean,0.844043953618333,True,True,mean_plus_max,0.0,time_unit,0.3528655708512609,0.004954288894820457,16.47666666666667,12.056666666666667,0.21802980880362186,0.2946187958046739,3,0.0,1.1057139739463526,1.1057139739463526,1.1057139739463526,1.1057139739463526,0.0,2.6666666666666665,2.3333333333333335,0.03333333333333333,0.3333333333333333,0.029166666666666664,inverse_time_unit,0.9986991255073301,8000,"[{""end_in_validation_block"": 8000, ""inter_spike_interval_units"": ""time_unit"", ""isi_rel_error"": 1.0, ""mean_gap"": 0.0021743435132325437, ""mean_isi_pred"": 12.290000000000001, ""mean_isi_true"": 0.0, ""nrmse"": 0.013992435235804285, ""nrmse_x"": 0.02564027703036326, ""penalty"": 0.0, ""score"": 1.517600261175651, ""spike_count_pred"": 2, ""spike_count_true"": 1, ""spike_frequency_pred"": 0.025, ""spike_frequency_rel_error"": 1.0, ""spike_frequency_true"": 0.0125, ""spike_frequency_units"": ""inverse_time_unit"", ""stable"": true, ""start_in_validation_block"": 0, ""std_ratio"": 1.0078208650058538, ""window_index"": 0}, {""end_in_validation_block"": 16000, ""inter_spike_interval_units"": ""time_unit"", ""isi_rel_error"": 0.002027369488089161, ""mean_gap"": 0.0038413227900319855, ""mean_isi_pred"": 19.77, ""mean_isi_true"": 19.73, ""nrmse"": 0.0864370774058962, ""nrmse_x"": 0.10166178079250662, ""penalty"": 0.0, ""score"": 0.07853693353139728, ""spike_count_pred"": 3, ""spike_count_true"": 3, ""spike_frequency_pred"": 0.0375, ""spike_frequency_rel_error"": 0.0, ""spike_frequency_true"": 0.0375, ""spike_frequency_units"": ""inverse_time_unit"", ""stable"": true, ""start_in_validation_block"": 8000, ""std_ratio"": 0.9924989181849159, ""window_index"": 1}, {""end_in_validation_block"": 24000, ""inter_spike_interval_units"": ""time_unit"", ""isi_rel_error"": 0.05656934306569341, ""mean_gap"": 0.008847200381196841, ""mean_isi_pred"": 17.37, ""mean_isi_true"": 16.44, ""nrmse"": 0.553659913769165, ""nrmse_x"": 0.7565543295911519, ""penalty"": 0.0, ""score"": 0.5828045312502715, ""spike_count_pred"": 3, ""spike_count_true"": 3, ""spike_frequency_pred"": 0.0375, ""spike_frequency_rel_error"": 0.0, ""spike_frequency_true"": 0.0375, ""spike_frequency_units"": ""inverse_time_unit"", ""stable"": true, ""start_in_validation_block"": 16000, ""std_ratio"": 0.9957775933312207, ""window_index"": 2}]",156,8000,time_unit,1.0,0.0021743435132325437,12.290000000000001,0.0,0.013992435235804285,0.02564027703036326,0.0,1.517600261175651,2,1,0.025,1.0,0.0125,inverse_time_unit,True,0,1.0078208650058538,16000,time_unit,0.002027369488089161,0.0038413227900319855,19.77,19.73,0.0864370774058962,0.10166178079250662,0.0,0.07853693353139728,3,3,0.0375,0.0,0.0375,inverse_time_unit,True,8000,0.9924989181849159,24000,time_unit,0.05656934306569341,0.008847200381196841,17.37,16.44,0.553659913769165,0.7565543295911519,0.0,0.5828045312502715,3,3,0.0375,0.0,0.0375,inverse_time_unit,True,16000,0.9957775933312207
520,0.0006411884706532306,1,[42],0.40665599309267686,27,0.10152155773232457,gbrt,342,0.03108543720552996,ok,ok,4.0318938245119855e-07,42,2.345901770097942,mean,1.1150634908278625,True,True,mean_plus_max,0.0,time_unit,0.3703359094737595,0.12661349866248856,16.34,12.056666666666667,1.040354055897979,1.3673196190261183,3,0.0,2.345901770097942,2.345901770097942,2.345901770097942,2.345901770097942,0.0,2.6666666666666665,2.3333333333333335,0.03333333333333333,0.5555555555555556,0.029166666666666664,inverse_time_unit,1.0605189529819403,8000,"[{""end_in_validation_block"": 8000, ""inter_spike_interval_units"": ""time_unit"", ""isi_rel_error"": 1.0, ""mean_gap"": 0.08974640152172957, ""mean_isi_pred"": 11.74, ""mean_isi_true"": 0.0, ""nrmse"": 0.7330960774497982, ""nrmse_x"": 1.2526941856438871, ""penalty"": 0.0, ""score"": 2.3722558214665876, ""spike_count_pred"": 2, ""spike_count_true"": 1, ""spike_frequency_pred"": 0.025, ""spike_frequency_rel_error"": 1.0, ""spike_frequency_true"": 0.0125, ""spike_frequency_units"": ""inverse_time_unit"", ""stable"": true, ""start_in_validation_block"": 0, ""std_ratio"": 1.1948611010371613, ""window_index"": 0}, {""end_in_validation_block"": 16000, ""inter_spike_interval_units"": ""time_unit"", ""isi_rel_error"": 0.01976685250886977, ""mean_gap"": 0.1214960712587639, ""mean_isi_pred"": 19.34, ""mean_isi_true"": 19.73, ""nrmse"": 1.1424193415615451, ""nrmse_x"": 1.2992540884404307, ""penalty"": 0.0, ""score"": 1.3434113436203914, ""spike_count_pred"": 2, ""spike_count_true"": 3, ""spike_frequency_pred"": 0.025, ""spike_frequency_rel_error"": 0.33333333333333326, ""spike_frequency_true"": 0.0375, ""spike_frequency_units"": ""inverse_time_unit"", ""stable"": true, ""start_in_validation_block"": 8000, ""std_ratio"": 0.9045304580687388, ""window_index"": 1}, {""end_in_validation_block"": 24000, ""inter_spike_interval_units"": ""time_unit"", ""isi_rel_error"": 0.09124087591240876, ""mean_gap"": 0.1685980232069722, ""mean_isi_pred"": 17.94, ""mean_isi_true"": 16.44, ""nrmse"": 1.2455467486825933, ""nrmse_x"": 1.5500105829940365, ""penalty"": 0.0, ""score"": 1.5428462791069062, ""spike_count_pred"": 4, ""spike_count_true"": 3, ""spike_frequency_pred"": 0.05, ""spike_frequency_rel_error"": 0.3333333333333335, ""spike_frequency_true"": 0.0375, ""spike_frequency_units"": ""inverse_time_unit"", ""stable"": true, ""start_in_validation_block"": 16000, ""std_ratio"": 1.0821652998399212, ""window_index"": 2}]",298,8000,time_unit,1.0,0.08974640152172957,11.74,0.0,0.7330960774497982,1.2526941856438871,0.0,2.3722558214665876,2,1,0.025,1.0,0.0125,inverse_time_unit,True,0,1.1948611010371613,16000,time_unit,0.01976685250886977,0.1214960712587639,19.34,19.73,1.1424193415615451,1.2992540884404307,0.0,1.3434113436203914,2,3,0.025,0.33333333333333326,0.0375,inverse_time_unit,True,8000,0.9045304580687388,24000,time_unit,0.09124087591240876,0.1685980232069722,17.94,16.44,1.2455467486825933,1.5500105829940365,0.0,1.5428462791069062,4,3,0.05,0.3333333333333335,0.0375,inverse_time_unit,True,16000,1.0821652998399212
694,0.0006411884706532306,1,[42],0.14134926492067054,28,0.130218066688545,gbrt,342,0.02659924704531671,ok,ok,2.6967869696065024e-07,42,0.20146290432880382,mean,0.5111064173378022,True,True,mean_plus_max,0.0,time_unit,0.006015053588407062,0.0019568997065774404,11.988333333333335,12.056666666666667,0.12426005254137353,0.16566501242746115,3,0.0,0.20146290432880382,0.20146290432880382,0.20146290432880382,0.20146290432880382,0.0,2.3333333333333335,2.3333333333333335,0.029166666666666664,0.0,0.029166666666666664,inverse_time_unit,1.001709177863832,8000,"[{""end_in_validation_block"": 8000, ""inter_spike_interval_units"": ""time_unit"", ""isi_rel_error"": 0.0, ""mean_gap"": 0.00047839967620571963, ""mean_isi_pred"": 0.0, ""mean_isi_true"": 0.0, ""nrmse"": 0.0019498063319882953, ""nrmse_x"": 0.003665109424639579, ""penalty"": 0.0, ""score"": 0.0025032617665488423, ""spike_count_pred"": 1, ""spike_count_true"": 1, ""spike_frequency_pred"": 0.0125, ""spike_frequency_rel_error"": 0.0, ""spike_frequency_true"": 0.0125, ""spike_frequency_units"": ""inverse_time_unit"", ""stable"": true, ""start_in_validation_block"": 0, ""std_ratio"": 0.9992286373547477, ""window_index"": 0}, {""end_in_validation_block"": 16000, ""inter_spike_interval_units"": ""time_unit"", ""isi_rel_error"": 0.002534211860111541, ""mean_gap"": 0.0015891173156088673, ""mean_isi_pred"": 19.78, ""mean_isi_true"": 19.73, ""nrmse"": 0.0716572946755281, ""nrmse_x"": 0.08869412485791273, ""penalty"": 0.0, ""score"": 0.0679631982707898, ""spike_count_pred"": 3, ""spike_count_true"": 3, ""spike_frequency_pred"": 0.0375, ""spike_frequency_rel_error"": 0.0, ""spike_frequency_true"": 0.0375, ""spike_frequency_units"": ""inverse_time_unit"", ""stable"": true, ""start_in_validation_block"": 8000, ""std_ratio"": 1.0026167704956241, ""window_index"": 1}, {""end_in_validation_block"": 24000, ""inter_spike_interval_units"": ""time_unit"", ""isi_rel_error"": 0.015510948905109644, ""mean_gap"": 0.0038031821279177346, ""mean_isi_pred"": 16.185, ""mean_isi_true"": 16.44, ""nrmse"": 0.2991730566166042, ""nrmse_x"": 0.40463580299983115, ""penalty"": 0.0, ""score"": 0.30509843025661304, ""spike_count_pred"": 3, ""spike_count_true"": 3, ""spike_frequency_pred"": 0.0375, ""spike_frequency_rel_error"": 0.0, ""spike_frequency_true"": 0.0375, ""spike_frequency_units"": ""inverse_time_unit"", ""stable"": true, ""start_in_validation_block"": 16000, ""std_ratio"": 1.0032821257411249, ""window_index"": 2}]",459,8000,time_unit,0.0,0.00047839967620571963,0.0,0.0,0.0019498063319882953,0.003665109424639579,0.0,0.0025032617665488423,1,1,0.0125,0.0,0.0125,inverse_time_unit,True,0,0.9992286373547477,16000,time_unit,0.002534211860111541,0.0015891173156088673,19.78,19.73,0.0716572946755281,0.08869412485791273,0.0,0.0679631982707898,3,3,0.0375,0.0,0.0375,inverse_time_unit,True,8000,1.0026167704956241,24000,time_unit,0.015510948905109644,0.0038031821279177346,16.185,16.44,0.2991730566166042,0.40463580299983115,0.0,0.30509843025661304,3,3,0.0375,0.0,0.0375,inverse_time_unit,True,16000,1.0032821257411249
575,0.0006411884706532306,1,[42],0.16204258431091195,29,0.1655983368870111,gbrt,342,0.04649547753590075,ok,ok,4.272127718761117e-06,42,0.09085156099385785,mean,0.5065462655534356,True,True,mean_plus_max,0.0,time_unit,0.001419199748099722,0.000610259874876915,12.043333333333335,12.056666666666667,0.06173713430807692,0.08254037978574937,3,0.0,0.09085156099385785,0.09085156099385785,0.09085156099385785,0.09085156099385785,0.0,2.3333333333333335,2.3333333333333335,0.029166666666666664,0.0,0.029166666666666664,inverse_time_unit,0.999960646216361,8000,"[{""end_in_validation_block"": 8000, ""inter_spike_interval_units"": ""time_unit"", ""isi_rel_error"": 0.0, ""mean_gap"": 0.0007829941010173835, ""mean_isi_pred"": 0.0, ""mean_isi_true"": 0.0, ""nrmse"": 0.008061195690104286, ""nrmse_x"": 0.013977610978747996, ""penalty"": 0.0, ""score"": 0.00970298496083747, ""spike_count_pred"": 1, ""spike_count_true"": 1, ""spike_frequency_pred"": 0.0125, ""spike_frequency_rel_error"": 0.0, ""spike_frequency_true"": 0.0125, ""spike_frequency_units"": ""inverse_time_unit"", ""stable"": true, ""start_in_validation_block"": 0, ""std_ratio"": 0.9994382152438073, ""window_index"": 0}, {""end_in_validation_block"": 16000, ""inter_spike_interval_units"": ""time_unit"", ""isi_rel_error"": 0.0030410542321337415, ""mean_gap"": 0.0004613328031516732, ""mean_isi_pred"": 19.67, ""mean_isi_true"": 19.73, ""nrmse"": 0.06014941940038703, ""nrmse_x"": 0.07476460987306592, ""penalty"": 0.0, ""score"": 0.05767841739634989, ""spike_count_pred"": 3, ""spike_count_true"": 3, ""spike_frequency_pred"": 0.0375, ""spike_frequency_rel_error"": 0.0, ""spike_frequency_true"": 0.0375, ""spike_frequency_units"": ""inverse_time_unit"", ""stable"": true, ""start_in_validation_block"": 8000, ""std_ratio"": 1.0006810498605767, ""window_index"": 1}, {""end_in_validation_block"": 24000, ""inter_spike_interval_units"": ""time_unit"", ""isi_rel_error"": 0.0012165450121654241, ""mean_gap"": 0.0005864527204616881, ""mean_isi_pred"": 16.46, ""mean_isi_true"": 16.44, ""nrmse"": 0.11700078783373943, ""nrmse_x"": 0.1588789185054342, ""penalty"": 0.0, ""score"": 0.11724187464250639, ""spike_count_pred"": 3, ""spike_count_true"": 3, ""spike_frequency_pred"": 0.0375, ""spike_frequency_rel_error"": 0.0, ""spike_frequency_true"": 0.0375, ""spike_frequency_units"": ""inverse_time_unit"", ""stable"": true, ""start_in_validation_block"": 16000, ""std_ratio"": 0.9997626735446993, ""window_index"": 2}]",334,8000,time_unit,0.0,0.0007829941010173835,0.0,0.0,0.008061195690104286,0.013977610978747996,0.0,0.00970298496083747,1,1,0.0125,0.0,0.0125,inverse_time_unit,True,0,0.9994382152438073,16000,time_unit,0.0030410542321337415,0.0004613328031516732,19.67,19.73,0.06014941940038703,0.07476460987306592,0.0,0.05767841739634989,3,3,0.0375,0.0,0.0375,inverse_time_unit,True,8000,1.0006810498605767,24000,time_unit,0.0012165450121654241,0.0005864527204616881,16.46,16.44,0.11700078783373943,0.1588789185054342,0.0,0.11724187464250639,3,3,0.0375,0.0,0.0375,inverse_time_unit,True,16000,0.9997626735446993
252,0.0006411884706532306,1,[42],0.10875614696898228,30,0.1276145545225876,gbrt,342,0.030455851893485847,seed_42=non_finite_prediction,non_finite_prediction,2.2310279525297872e-09,42,1000000.0,mean,1.0503714961382333,False,False,mean_plus_max,1000000.0,time_unit,1000000.0,1000000.0,1000000.0,1000000.0,1000000.0,1000000.0,3,1000000.0,1000000.0,1000000.0,1000000.0,1000000.0,0.0,1000000.0,1000000.0,1000000.0,1000000.0,1000000.0,inverse_time_unit,1000000.0,8000,,376,,,,,,,,,,,,,,,,,,,,,,,,,,,,,,,,,,,,,,,,,,,,,,,,,,,,,,,,,
